practice,city,state,zip,consolidator,investor
Alaska Veterinary Clinic,Anchorage,AK,99503,NVA,JAB Holdings
Hillside Pet Clinic,Anchorage,AK,99507,NVA,JAB Holdings
Pet Emergency Treatment,Anchorage,AK,99507,Ethos Veterinary Health,JAB Holdings
PET Urgent Care,Anchorage,AK,99507,Ethos Veterinary Health,JAB Holdings
Southside Animal Hospital and Wellness Center,Anchorage,AK,99515,NVA,JAB Holdings
The Pet Stop,Anchorage,AK,99515,Lakefield Veterinary Group,Desmarais family and Peloton Capital Management
VCA Alaska Pet Care Animal Hospital,Anchorage,AK,99508,VCA,Mars
VCA Alpine Animal Hospital,Anchorage,AK,99515,VCA,Mars
VCA Bering Sea Animal Hospital,Anchorage,AK,99518,VCA,Mars
VCA East Anchorage Animal Hospital,Anchorage,AK,99504,VCA,Mars
Veterinary Specialists of Alaska,Anchorage,AK,99507,Ethos Veterinary Health,JAB Holdings
VCA Eagle River Animal Hospital,Eagle River,AK,99577,VCA,Mars
Mt. Mckinley Animal Hospital,Fairbanks,AK,99701,Mission Pet Health,Silver Lake and Shore Capital Partners
Tongass Veterinary Services,Juneau,AK,99801,AmeriVet,AEA Investors and Abu Dhabi Investment Authority (ADIA)
Kenai Veterinary Hospital,Kenai,AK,99611,AmeriVet,AEA Investors and Abu Dhabi Investment Authority (ADIA)
Kodiak Veterinary Clinic,Kodiak,AK,99615,NVA,JAB Holdings
North Pole Veterinary Hospital,North Pole,AK,99705,Mission Pet Health,Silver Lake and Shore Capital Partners
VCA Far Country Animal Hospital,Palmer,AK,99645,VCA,Mars
Soldotna Animal Hospital,Soldotna,AK,99669,NVA,JAB Holdings
All Creatures Veterinary Clinic,Wasilla,AK,99654,Lakefield Veterinary Group,Desmarais family and Peloton Capital Management
VCA Big Lake Animal Hospital,Wasilla,AK,99654,VCA,Mars
Wasilla Veterinary Clinic,Wasilla,AK,99654,NVA,JAB Holdings
Banfield Alabaster,Alabaster,AL,35007,Banfield,Mars
VCA Animal Medical Center of NE Alabama,Anniston,AL,36201,VCA,Mars
Eastside Animal Hospital,Athens,AL,35613,Mission Pet Health,Silver Lake and Shore Capital Partners
Delta Animal Hospital,Bay Minette,AL,36507,Heartland Veterinary Partners,Gryphon Investors
Avondale Animal Hospital,Birmingham,AL,35222,Mission Pet Health,Silver Lake and Shore Capital Partners
Banfield Trussville,Birmingham,AL,35235,Banfield,Mars
Britt Animal Hospital,Birmingham,AL,35243,Mission Pet Health,Silver Lake and Shore Capital Partners
Cahaba Valley Animal Clinic,Birmingham,AL,35242,Innovetive Pet Care,Metalmark Capital
Caldwell Mill Animal Clinic,Birmingham,AL,35244,Mission Pet Health,Silver Lake and Shore Capital Partners
Nall Daniels Animal Hospital,Birmingham,AL,35209,Mission Pet Health,Silver Lake and Shore Capital Partners
NewDay Veterinary Care Birmingham,Birmingham,AL,35242,NewDay Veterinary Care / Pet Paradise,Crane Group
Trussville Main Street Animal Clinic,Birmingham,AL,35235,VetCor,Harvest Partners
Valleydale Animal Clinic,Birmingham,AL,35242,Mission Pet Health,Silver Lake and Shore Capital Partners
VCA Liberty Animal Hospital,Birmingham,AL,35243,VCA,Mars
Veterinary Specialists of Birmingham,Birmingham,AL,35242,Ethos Veterinary Health,JAB Holdings
B&A Animal Hospital,Boaz,AL,35957,Alliance Animal Health,L Catterton and LightBay Capital
Calera Animal Hospital,Calera,AL,35040,Heartland Veterinary Partners,Gryphon Investors
MAC Animal Hospital,Calera,AL,35040,Western Veterinary Partners,Tyree & D'Angelo Partners
Chelsea Animal Hospital,Chelsea,AL,35043,Mission Pet Health,Silver Lake and Shore Capital Partners
Pell City Animal Hospital,Cropwell,AL,35054,Mission Pet Health,Silver Lake and Shore Capital Partners
Animal Tracks Veterinary Hospital,Decatur,AL,35603,Heartland Veterinary Partners,Gryphon Investors
Banfield Decatur,Decatur,AL,35601,Banfield,Mars
Berry Animal Clinic,Decatur,AL,35603,CareVet,Compass Group Equity Partners
Vetco Total Care - Decatur,Decatur,AL,35601,Vetco Total Care,Petco
Dothan Animal Hospital,Dothan,AL,36301,American Veterinary Group,Oak Hill Capital
West Gate Veterinary Hospital,Enterprise,AL,36330,PetVet Care Centers,KKR
Colony Animal Clinic,Fairhope,AL,36532,NVA,JAB Holdings
Dykes Veterinary Clinic,Foley,AL,36535,American Veterinary Group,Oak Hill Capital
All Creatures Pet Hospital,Gardendale,AL,35071,AmeriVet,AEA Investors and Abu Dhabi Investment Authority (ADIA)
VCA Magnolia by the Gulf,Gulf Shores,AL,36542,VCA,Mars
Helena Veterinary Clinic,Helena,AL,35080,Mission Pet Health,Silver Lake and Shore Capital Partners
Standifer's Animal Clinic,Homewood,AL,35209,Mission Pet Health,Silver Lake and Shore Capital Partners
VCA Becker Animal Hospital,Homewood,AL,35209,VCA,Mars
Banfield Hoover,Hoover,AL,35244,Banfield,Mars
BluePearl Pet Hospital Birmingham Hoover,Hoover,AL,35244,BluePearl Pet Hospital,Mars
Lake Crest Animal Clinic,Hoover,AL,35226,VetCor,Harvest Partners
Oak View Animal Hospital,Hoover,AL,35244,Mission Pet Health,Silver Lake and Shore Capital Partners
Patton Chapel Animal Clinic,Hoover,AL,35216,Mission Pet Health,Silver Lake and Shore Capital Partners
PetSuites Hoover,Hoover,AL,35244,NVA,JAB Holdings
UrgentVet Hoover,Hoover,AL,35216,American Veterinary Group,Oak Hill Capital
Animal Medical Clinic P.C.,Huntsville,AL,35806,Mission Pet Health,Silver Lake and Shore Capital Partners
Banfield Huntsville,Huntsville,AL,35806,Banfield,Mars
Banfield Huntsville-Jones Valley,Huntsville,AL,35802,Banfield,Mars
Huntsville Pet Vet,Huntsville,AL,35805,Alliance Animal Health,L Catterton and LightBay Capital
McCurdy Animal Hospital,Huntsville,AL,35805,Alliance Animal Health,L Catterton and LightBay Capital
Trusty Vet,Huntsville,AL,35806,VetCor,Harvest Partners
Valley Animal Hospital & Pet Resort,Huntsville,AL,35802,NVA,JAB Holdings
Whitesburg Animal Hospital,Huntsville,AL,35802,PetVet Care Centers,KKR
Center Star Veterinary Services,Killen,AL,35645,PetVet Care Centers,KKR
All Animal Clinic,Leighton,AL,35646,PetVet Care Centers,KKR
Best Friends Animal Hospital,Madison,AL,35758,PetVet Care Centers,KKR
Madison Veterinary Hospital,Madison,AL,35758,Mission Pet Health,Silver Lake and Shore Capital Partners
McAdory Veterinary Clinic,McCalla,AL,35111,VetCor,Harvest Partners
Banfield Mobile,Mobile,AL,36608,Banfield,Mars
Banfield Mobile Bolton,Mobile,AL,36608,Banfield,Mars
MedVet Mobile,Mobile,AL,36606,MedVet,Minority stake by Leonard Green & Partners
Moffett Road Veterinary Clinic,Mobile,AL,36618,Alliance Animal Health,L Catterton and LightBay Capital
Village Animal Clinic,Mobile,AL,36609,American Veterinary Group,Oak Hill Capital
Westside Veterinary Hospital,Mobile,AL,36695,Alliance Animal Health,L Catterton and LightBay Capital
Banfield Montgomery,Montgomery,AL,36117,Banfield,Mars
Carmichael Road Animal Clinic,Montgomery,AL,36106,CareVet,Compass Group Equity Partners
East Montgomery Animal Hospital,Montgomery,AL,36117,CareVet,Compass Group Equity Partners
Goodwin Animal Hospital,Montgomery,AL,36109,Mission Pet Health,Silver Lake and Shore Capital Partners
Goodwin Animal Hospital at Pike Road,Montgomery,AL,36064,Mission Pet Health,Silver Lake and Shore Capital Partners
Montgomery Veterinary Associates - Carter Hill Road,Montgomery,AL,36106,Suveto,Levine Leichtman Capital
Pet Care Center,Montgomery,AL,36116,American Veterinary Group,Oak Hill Capital
Taylor Crossing Animal Hospital,Montgomery,AL,36117,Mission Pet Health,Silver Lake and Shore Capital Partners
VCA Carriage Hills Animal Hospital and Pet Resort,Montgomery,AL,36116,VCA,Mars
VCA Eastmont Vaughn Animal Hospital,Montgomery,AL,36116,VCA,Mars
Crossroads Animal Hospital,Moody,AL,35004,United Veterinary Care,Nordic Capital
St. Clair Animal Care,Moody,AL,35004,VetCor,Harvest Partners
Camp May,Northport,AL,35473,NVA,JAB Holdings
May Veterinary Clinic North,Northport,AL,35476,NVA,JAB Holdings
May Veterinary Northridge,Northport,AL,35473,NVA,JAB Holdings
Northcreek Veterinary Clinic,Northport,AL,35475,NVA,JAB Holdings
Branchville Animal Hospital,Odenville,AL,35120,VetCor,Harvest Partners
Opelika Animal Hospital,Opelika,AL,36801,VetCor,Harvest Partners
My Pet's Vet,Pelham,AL,35124,My Pet's Vet Group,Fulcrum Equity Partners
North Shelby County Animal Hospital,Pelham,AL,35124,VetCor,Harvest Partners
Crawford Road Animal Hospital,Phenix City,AL,36870,CareVet,Compass Group Equity Partners
Summerville Animal Hospital,Phenix City,AL,36867,PetVet Care Centers,KKR
Central Valley Animal Hospital,Rainbow City,AL,35906,PetVet Care Centers,KKR
Rainbow City Pet Clinic,Rainbow City,AL,35906,Blue River PetCare,Partners Group
Central Baldwin Veterinary Hospital,Robertsdale,AL,36567,NVA,JAB Holdings
TLC Veterinary Hospital,Semmes,AL,36575,VetCor,Harvest Partners
Smiths Station Animal Hospital,Smiths Station,AL,36877,VetCor,Harvest Partners
Banfield Spanish Fort,Spanish Fort,AL,36527,Banfield,Mars
Parvin Animal Clinic,Spanish Fort,AL,36527,Western Veterinary Partners,Tyree & D'Angelo Partners
Baldwin Animal Clinic,Summerdale,AL,36580,American Veterinary Group,Oak Hill Capital
Family Pet Care,Toney,AL,35773,Heartland Veterinary Partners,Gryphon Investors
Deerfoot Animal Clinic,Trussville,AL,35173,Blue River PetCare,Partners Group
Emergency Pet Care,Trussville,AL,35173,Alliance Animal Health,L Catterton and LightBay Capital
Animal Medical Center,Tuscaloosa,AL,35406,NVA,JAB Holdings
Indian Hills Animal Clinic,Tuscaloosa,AL,35406,Heartland Veterinary Partners,Gryphon Investors
Vestavia Animal Clinic,Vestavia Hills,AL,35216,Mission Pet Health,Silver Lake and Shore Capital Partners
Stewart Animal Clinic,Warrior,AL,35180,Mission Pet Health,Silver Lake and Shore Capital Partners
River Valley Animal Hospital,Barling,AR,72923,Western Veterinary Partners,Tyree & D'Angelo Partners
Benton Veterinary Hospital,Benton,AR,72015,Alliance Animal Health,L Catterton and LightBay Capital
Saline County Animal Clinic,Benton,AR,72019,PetVet Care Centers,KKR
Vetco Total Care - Benton,Benton,AR,72015,Vetco Total Care,Petco
All Pets Animal Hospital (Bentonville),Bentonville,AR,72712,Innovetive Pet Care,Metalmark Capital
Animal Urgent Care of Bentonville,Bentonville,AR,72712,Alliance Animal Health,L Catterton and LightBay Capital
Dogwood Trails Animal Hospital,Bentonville,AR,72712,Veterinary Practice Partners,Audax Private Equity
Osage Veterinary Clinic,Bentonville,AR,72712,CareVet,Compass Group Equity Partners
Cave Springs Veterinary Services,Cave Springs,AR,72718,CareVet,Compass Group Equity Partners
Van Buren County Vet Clinic,Clinton,AR,72031,Heartland Veterinary Partners,Gryphon Investors
Animal Care Center,Conway,AR,72032,Alliance Animal Health,L Catterton and LightBay Capital
Hartman Animal Hospital,Conway,AR,72034,Alliance Animal Health,L Catterton and LightBay Capital
Vilonia Animal Clinic,Conway,AR,72032,CareVet,Compass Group Equity Partners
Farmington Veterinary Clinic,Farmington,AR,72730,Thrive Pet Healthcare,TSG Consumer Partners
Animal Medical Clinic,Fayetteville,AR,72703,Alliance Animal Health,L Catterton and LightBay Capital
Best Friends Animal Hospital and Pet Hotel,Fayetteville,AR,72703,Thrive Pet Healthcare,TSG Consumer Partners
Wedington Animal Hospital,Fayetteville,AR,72704,Alliance Animal Health,L Catterton and LightBay Capital
Animal Clinic of the Ozarks,Flippin,AR,72634,Alliance Animal Health,L Catterton and LightBay Capital
Arkansas Veterinary Clinic,Fort Smith,AR,72908,Western Veterinary Partners,Tyree & D'Angelo Partners
Eastside Animal Hospital,Fort Smith,AR,72903,Alliance Animal Health,L Catterton and LightBay Capital
Labahn Veterinary Hospital,Fort Smith,AR,72904,Alliance Animal Health,L Catterton and LightBay Capital
Vetco Total Care - Fort Smith,Fort Smith,AR,72903,Vetco Total Care,Petco
St. Francis Veterinary Clinic,Green Forest,AR,72638,Alliance Animal Health,L Catterton and LightBay Capital
St. Francis Veterinary Clinic – Green Forest,Green Forest,AR,72638,Alliance Animal Health,L Catterton and LightBay Capital
Greenbrier Animal Hospital,Greenbrier,AR,72058,Heartland Veterinary Partners,Gryphon Investors
Greenwood Veterinary Clinic,Greenwood,AR,72936,CareVet,Compass Group Equity Partners
South County Animal Hospital,Greenwood,AR,72936,Thrive Pet Healthcare,TSG Consumer Partners
Countryside Animal Hospital,Hot Springs,AR,71913,NVA,JAB Holdings
Animal Medical Center of Jonesboro,Jonesboro,AR,72401,CareVet,Compass Group Equity Partners
Jonesboro Family Pet Hospital,Jonesboro,AR,72401,Western Veterinary Partners,Tyree & D'Angelo Partners
VetCare,Jonesboro,AR,72404,Western Veterinary Partners,Tyree & D'Angelo Partners
AllPets Animal Hospital,Little Rock,AR,72207,CareVet,Compass Group Equity Partners
Arkansas Veterinary Emergency & Specialists,Little Rock,AR,72212,PetVet Care Centers,KKR
Asher Animal Clinic,Little Rock,AR,72204,Heartland Veterinary Partners,Gryphon Investors
Banfield Little Rock,Little Rock,AR,72211,Banfield,Mars
Bellevue Animal Clinic,Little Rock,AR,72227,Alliance Animal Health,L Catterton and LightBay Capital
Bowman Road Animal Clinic,Little Rock,AR,72211,PetVet Care Centers,KKR
Briarwood Animal Hospital,Little Rock,AR,72204,Alliance Animal Health,L Catterton and LightBay Capital
Chenal Valley Animal Hospital,Little Rock,AR,72223,Alliance Animal Health,L Catterton and LightBay Capital
Hillcrest Animal Hospital,Little Rock,AR,72205,NVA,JAB Holdings
North Hills Animal Hospital,Little Rock,AR,72260,Western Veterinary Partners,Tyree & D'Angelo Partners
Pleasant Valley Veterinary Clinic,Little Rock,AR,72212,Mission Pet Health,Silver Lake and Shore Capital Partners
SoMa Animal Clinic and Housecalls,Little Rock,AR,72202,Heartland Veterinary Partners,Gryphon Investors
Lowell Veterinary Center,Lowell,AR,72745,CareVet,Compass Group Equity Partners
Magnolia Veterinary Services,Magnolia,AR,71753,Heartland Veterinary Partners,Gryphon Investors
Maumelle Animal Clinic,Maumelle,AR,72113,Alliance Animal Health,L Catterton and LightBay Capital
After Hour Animal Hospital,North Little Rock,AR,72117,Thrive Pet Healthcare,TSG Consumer Partners
Interstate Animal Clinic,North Little Rock,AR,72116,CareVet,Compass Group Equity Partners
Veterinary Healthcare Clinic,Paragould,AR,72450,Blue River PetCare,Partners Group
Oakview Animal Clinic,Pea Ridge,AR,72751,Alliance Animal Health,L Catterton and LightBay Capital
All Pets Animal Hospital (Rogers),Rogers,AR,72758,Innovetive Pet Care,Metalmark Capital
Faithful Friends Animal Clinic,Rogers,AR,72758,Alliance Animal Health,L Catterton and LightBay Capital
VEG ER for Pets,Rogers,AR,72758,VEG (Veterinary Emergency Group),D1 Capital & Fidelity
Vetco Total Care - Rogers,Rogers,AR,72756,Vetco Total Care,Petco
Westside Veterinary Clinic,Searcy,AR,72143,CareVet,Compass Group Equity Partners
Animal Emergency and Specialty Center of Northwest Arkansas,Springdale,AR,72762,Alliance Animal Health,L Catterton and LightBay Capital
Hancock Veterinary Services,Springdale,AR,72762,CareVet,Compass Group Equity Partners
Ozark Veterinary Specialty Care,Springdale,AR,72762,Thrive Pet Healthcare,TSG Consumer Partners
St. Francis Animal Hospital,Springdale,AR,72764,Alliance Animal Health,L Catterton and LightBay Capital
Hunter's Animal Hospital,White Hall,AR,71602,PetVet Care Centers,KKR
Anthem,Anthem,AZ,85086,Lovet Pet Health,The Aspen Group
Daisy Mountain Veterinary Hospital,Anthem,AZ,85086,VetCor,Harvest Partners
VCA Apache Junction Animal Hospital,Apache Junction,AZ,85120,VCA,Mars
Banfield Avondale,Avondale,AZ,85392,Banfield,Mars
Banfield Avondale Fiesta,Avondale,AZ,85323,Banfield,Mars
BluePearl Pet Hospital Avondale,Avondale,AZ,85392,BluePearl Pet Hospital,Mars
Eye Care for Animals - Avondale,Avondale,AZ,85392,Thrive Pet Healthcare,TSG Consumer Partners
Vetco Total Care - Avondale,Avondale,AZ,85392,Vetco Total Care,Petco
CityVet | Verrado,Buckeye,AZ,85396,CityVet,RiverGlade Capital
GoodVets Buckeye,Buckeye,AZ,85396,GoodVets,General Atlantic
Hippo Vet Group Buckeye (coming soon),Buckeye,AZ,85326,Hippo Vet Group,DFW & Avante Capital Partners
North Buckeye,Buckeye,AZ,85326,Lovet Pet Health,The Aspen Group
Verrado,Buckeye,AZ,85396,Lovet Pet Health,The Aspen Group
Casa Grande Animal Hospital,Casa Grande,AZ,85122,NVA,JAB Holdings
Animal Health Services of Cave Creek,Cave Creek,AZ,85331,PetVet Care Centers,KKR
Chaparral Veterinary Medical Center,Cave Creek,AZ,85331,NVA,JAB Holdings
Dove Valley,Cave Creek,AZ,85331,Lovet Pet Health,The Aspen Group
Dynamite Creek Animal Hospital,Cave Creek,AZ,85331,Heartland Veterinary Partners,Gryphon Investors
PetSuites Cave Creek,Cave Creek,AZ,85331,NVA,JAB Holdings
UrgentVet Cave Creek,Cave Creek,AZ,85331,American Veterinary Group,Oak Hill Capital
Animal Medical Center of Chandler,Chandler,AZ,85248,Mission Pet Health,Silver Lake and Shore Capital Partners
Arizona Avenue Animal Clinic,Chandler,AZ,85225,NVA,JAB Holdings
Banfield Chandler,Chandler,AZ,85224,Banfield,Mars
Banfield Chandler E,Chandler,AZ,85286,Banfield,Mars
Banfield Chandler Riggs Rd,Chandler,AZ,85249,Banfield,Mars
Chandler Gilbert Animal Hospital,Chandler,AZ,85286,Mission Pet Health,Silver Lake and Shore Capital Partners
Chewy Vet Care Chandler,Chandler,AZ,85226,Chewy Vet Care,"Chewy, Inc."
CityVet - Chandler Veterinary Clinic & Urgent care,Chandler,AZ,85248,CityVet,RiverGlade Capital
GoodVets Chandler,Chandler,AZ,85286,GoodVets,General Atlantic
Kennel Care Veterinary Hospital,Chandler,AZ,85226,NVA,JAB Holdings
LifeCare Animal Hospital,Chandler,AZ,85249,Mission Pet Health,Silver Lake and Shore Capital Partners
Ocotillo Animal Clinic & Pet Resort,Chandler,AZ,85286,NVA,JAB Holdings
Pet Doctor of Chandler,Chandler,AZ,85248,Mission Pet Health,Silver Lake and Shore Capital Partners
PetSuites Chandler,Chandler,AZ,85286,NVA,JAB Holdings
VCA Animal Hospitals Urgent Care - Chandler,Chandler,AZ,85286,VCA,Mars
VEG Chandler,Chandler,AZ,85226,VEG (Veterinary Emergency Group),D1 Capital & Fidelity
Chino Valley Animal Hospital,Chino Valley,AZ,86323,Suveto,Levine Leichtman Capital
Circle L Animal Hospital,Chino Valley,AZ,86323,Western Veterinary Partners,Tyree & D'Angelo Partners
Coolidge Veterinary Hospital,Coolidge,AZ,85128,Hippo Vet Group,DFW & Avante Capital Partners
Verde Veterinary Hospital,Cottonwood,AZ,86326,NVA,JAB Holdings
Kaibab Veterinary Clinic,Flagstaff,AZ,86001,VetCor,Harvest Partners
El Dorado Animal Hospital,Fountain Hills,AZ,85268,Western Veterinary Partners,Tyree & D'Angelo Partners
Arizona Veterinary Dental Specialists - Gilbert,Gilbert,AZ,85233,Thrive Pet Healthcare,TSG Consumer Partners
Arizona Veterinary Emergency and Critical Care Center – Gilbert,Gilbert,AZ,85233,Ethos Veterinary Health,JAB Holdings
Banfield Gilbert E,Gilbert,AZ,85212,Banfield,Mars
Banfield Gilbert-City Gate,Gilbert,AZ,85234,Banfield,Mars
Crossroads Veterinary Hospital,Gilbert,AZ,85297,PetVet Care Centers,KKR
Dermatology for Animals - Gilbert,Gilbert,AZ,85233,Thrive Pet Healthcare,TSG Consumer Partners
Eye Care for Animals - Gilbert,Gilbert,AZ,85233,Thrive Pet Healthcare,TSG Consumer Partners
GoodVets Gilbert,Gilbert,AZ,85295,GoodVets,General Atlantic
Hippo Vet Group Gilbert (coming soon),Gilbert,AZ,85297,Hippo Vet Group,DFW & Avante Capital Partners
Little Critters Veterinary Hospital,Gilbert,AZ,85234,Western Veterinary Partners,Tyree & D'Angelo Partners
PetCure Oncology Phoenix,Gilbert,AZ,85233,Thrive Pet Healthcare,TSG Consumer Partners
Prestige Animal Clinic,Gilbert,AZ,85233,NVA,JAB Holdings
Seville Veterinary Hospital,Gilbert,AZ,85298,NVA,JAB Holdings
Val Vista Animal Hospital,Gilbert,AZ,85234,Mission Pet Health,Silver Lake and Shore Capital Partners
Val Vista Animal Hospital,Gilbert,AZ,85234,Mission Pet Health,Silver Lake and Shore Capital Partners
Vetco Total Care - Gilbert,Gilbert,AZ,85296,Vetco Total Care,Petco
Acoma Animal Clinic,Glendale,AZ,85302,NVA,JAB Holdings
Acoma Grooming,Glendale,AZ,85302,NVA,JAB Holdings
Animal Medical Center of Deer Valley,Glendale,AZ,85310,NVA,JAB Holdings
Apollo Animal Hospital,Glendale,AZ,85304,NVA,JAB Holdings
Apollo North Animal Hospital,Glendale,AZ,85308,NVA,JAB Holdings
Arrowhead Ranch,Glendale,AZ,85310,Lovet Pet Health,The Aspen Group
Banfield Glendale,Glendale,AZ,85308,Banfield,Mars
Banfield Glendale Olive,Glendale,AZ,85302,Banfield,Mars
Banfield Peoria,Glendale,AZ,85301,Banfield,Mars
BluePearl Pet Hospital Peoria,Glendale,AZ,85308,BluePearl Pet Hospital,Mars
Desert Sky Animal Hospital,Glendale,AZ,85308,VetCor,Harvest Partners
GoodVets Glendale,Glendale,AZ,85308,GoodVets,General Atlantic
Happy Valley,Glendale,AZ,85310,Lovet Pet Health,The Aspen Group
Lovet Arrow,Glendale,AZ,85306,Lovet Pet Health,The Aspen Group
Lovet Beardsley,Glendale,AZ,85308,Lovet Pet Health,The Aspen Group
Sun Valley Hope Animal Hospital,Glendale,AZ,85301,VetCor,Harvest Partners
VEG ER for Pets,Glendale,AZ,85308,VEG (Veterinary Emergency Group),D1 Capital & Fidelity
Companion Pet Clinic of Arizona,Gold Canyon,AZ,85118,PetVet Care Centers,KKR
CityVet - Goodyear,Goodyear,AZ,85395,CityVet,RiverGlade Capital
Dermatology for Animals - Goodyear,Goodyear,AZ,85338,Thrive Pet Healthcare,TSG Consumer Partners
Goodyear,Goodyear,AZ,85338,Lovet Pet Health,The Aspen Group
Legacy Animal Hospital,Goodyear,AZ,85338,Heartland Veterinary Partners,Gryphon Investors
Livewell Animal Urgent Care of Goodyear,Goodyear,AZ,85395,Mission Pet Health,Silver Lake and Shore Capital Partners
Sarival,Goodyear,AZ,85338,Lovet Pet Health,The Aspen Group
Duval Animal Hospital,Green Valley,AZ,85614,VetCor,Harvest Partners
Cerbat Cliffs Animal Hospital,Kingman,AZ,86409,PetVet Care Centers,KKR
Kingman Animal Hospital,Kingman,AZ,86409,Western Veterinary Partners,Tyree & D'Angelo Partners
Lange Veterinary Center,Lake Havasu City,AZ,86403,NVA,JAB Holdings
Novak Animal Care Center,Lake Havasu City,AZ,86403,NVA,JAB Holdings
Aspen Ridge Animal Hospital,Lakeside,AZ,85929,Heartland Veterinary Partners,Gryphon Investors
Dobbins Village Veterinary Hospital,Laveen Village,AZ,85339,Hippo Vet Group,DFW & Avante Capital Partners
Arizona Veterinary Emergency & Critical Care Center Buckeye (AVECCC),Litchfield Park,AZ,85340,Ethos Veterinary Health,JAB Holdings
Dreaming Summit Animal Hospital,Litchfield Park,AZ,85340,Mission Pet Health,Silver Lake and Shore Capital Partners
Dove Mountain Veterinary,Marana,AZ,85658,NVA,JAB Holdings
Vetco Total Care - Maricopa,Maricopa,AZ,85138,Vetco Total Care,Petco
4 Paws Pet Resort,Mesa,AZ,85205,NVA,JAB Holdings
Alta Mesa Animal Hospital,Mesa,AZ,85205,NVA,JAB Holdings
Augusta Ranch Animal Hospital,Mesa,AZ,85209,Mission Pet Health,Silver Lake and Shore Capital Partners
Banfield Apache Junction,Mesa,AZ,85209,Banfield,Mars
Banfield Mesa,Mesa,AZ,85204,Banfield,Mars
Banfield Mesa E,Mesa,AZ,85209,Banfield,Mars
Banfield Mesa N,Mesa,AZ,85215,Banfield,Mars
Banfield Mesa NW,Mesa,AZ,85203,Banfield,Mars
Brown Road Animal Clinic,Mesa,AZ,85205,NVA,JAB Holdings
Desert Sun Animal Hospital,Mesa,AZ,85206,Mission Pet Health,Silver Lake and Shore Capital Partners
Doggie District - Mesa,Mesa,AZ,85206,NVA,JAB Holdings
GoodVets East Mesa,Mesa,AZ,85208,GoodVets,General Atlantic
Hippo Vet Group Mesa (coming soon),Mesa,AZ,85212,Hippo Vet Group,DFW & Avante Capital Partners
Lovet Dobson Ranch,Mesa,AZ,85202,Lovet Pet Health,The Aspen Group
Lovet Las Sendas,Mesa,AZ,85215,Lovet Pet Health,The Aspen Group
Low Cost Veterinary Clinic of Mesa,Mesa,AZ,85209,Hippo Vet Group,DFW & Avante Capital Partners
Neighborhood Vet Clinic,Mesa,AZ,85202,Hippo Vet Group,DFW & Avante Capital Partners
Noe's Ark Animal Hospital,Mesa,AZ,85213,Mission Pet Health,Silver Lake and Shore Capital Partners
Power Road Animal Hospital,Mesa,AZ,85209,Mission Pet Health,Silver Lake and Shore Capital Partners
Red Mountain Animal Hospital,Mesa,AZ,85215,NVA,JAB Holdings
Signal Butte,Mesa,AZ,85209,Lovet Pet Health,The Aspen Group
UrgentVet Mesa,Mesa,AZ,85208,American Veterinary Group,Oak Hill Capital
VCA Animal Referral and Emergency Center of Arizona,Mesa,AZ,85201,VCA,Mars
VCA Mesa Animal Hospital,Mesa,AZ,85201,VCA,Mars
Pusch Ridge Pet Clinic,Oro Valley,AZ,85755,NVA,JAB Holdings
UrgentVet Oro Valley,Oro Valley,AZ,85737,American Veterinary Group,Oak Hill Capital
VCA Northwest Animal Hospital - Oro Valley,Oro Valley,AZ,85737,VCA,Mars
Applewood Animal Hospital,Paradise Valley,AZ,85253,Mission Pet Health,Silver Lake and Shore Capital Partners
Payson Pet Care,Payson,AZ,85541,NVA,JAB Holdings
Arizona Veterinary Dental Specialists - Peoria,Peoria,AZ,85345,Thrive Pet Healthcare,TSG Consumer Partners
Arizona Veterinary Emergency and Critical Care Center – Peoria,Peoria,AZ,85345,Ethos Veterinary Health,JAB Holdings
Banfield Lake Pleasant,Peoria,AZ,85383,Banfield,Mars
Banfield Peoria W,Peoria,AZ,85345,Banfield,Mars
CityVet - Lone Mountain Veterinary Clinic & Urgent Care,Peoria,AZ,85383,CityVet,RiverGlade Capital
Hippo Vet Group Peoria (coming soon),Peoria,AZ,85373,Hippo Vet Group,DFW & Avante Capital Partners
Lovet Fletcher Heights,Peoria,AZ,85382,Lovet Pet Health,The Aspen Group
Lovet Roadrunner,Peoria,AZ,85381,Lovet Pet Health,The Aspen Group
Vistancia Animal Hospital,Peoria,AZ,85383,Companion Pet Partners,Cortec Group
Westbrook,Peoria,AZ,85382,Lovet Pet Health,The Aspen Group
Ahwatukee Animal Care Hospital,Phoenix,AZ,85044,Lakefield Veterinary Group,Desmarais family and Peloton Capital Management
All Creatures Animal Clinic,Phoenix,AZ,85032,NVA,JAB Holdings
Banfield Ahwatukee,Phoenix,AZ,85044,Banfield,Mars
Banfield Deer Valley,Phoenix,AZ,85027,Banfield,Mars
Banfield Desert Ridge,Phoenix,AZ,85050,Banfield,Mars
Banfield Paradise Valley,Phoenix,AZ,85028,Banfield,Mars
Banfield Phoenix (Spectrum Mall),Phoenix,AZ,85015,Banfield,Mars
Banfield Phoenix Biltmore,Phoenix,AZ,85016,Banfield,Mars
Banfield Phoenix N,Phoenix,AZ,85023,Banfield,Mars
Banfield Scottsdale N,Phoenix,AZ,85054,Banfield,Mars
Banfield Shea,Phoenix,AZ,85028,Banfield,Mars
Banfield South Mountain,Phoenix,AZ,85042,Banfield,Mars
Bell Ridge,Phoenix,AZ,85053,Lovet Pet Health,The Aspen Group
Camelwest Animal Hospital,Phoenix,AZ,85037,NVA,JAB Holdings
Deer Creek Animal Hospital,Phoenix,AZ,85050,Destination Pet,L1 Health
Desert Hills Animal Clinic,Phoenix,AZ,85085,Lakefield Veterinary Group,Desmarais family and Peloton Capital Management
Doggie District - Paradise Valley,Phoenix,AZ,85032,NVA,JAB Holdings
East Maryland Animal Hospital,Phoenix,AZ,85012,NVA,JAB Holdings
Eye Care for Animals - Phoenix,Phoenix,AZ,85085,Thrive Pet Healthcare,TSG Consumer Partners
GoodVets Paradise Valley,Phoenix,AZ,85028,GoodVets,General Atlantic
GoodVets Tolleson,Phoenix,AZ,85037,GoodVets,General Atlantic
Hippo Vet Group Phoenix (coming soon),Phoenix,AZ,85339,Hippo Vet Group,DFW & Avante Capital Partners
Lovet Madison,Phoenix,AZ,85020,Lovet Pet Health,The Aspen Group
Lovet Norterra,Phoenix,AZ,85085,Lovet Pet Health,The Aspen Group
Modern Animal - Arcadia,Phoenix,AZ,85018,Modern Animal,"Chewy, Inc. (NYSE: CHWY)"
North Central Animal Hospital,Phoenix,AZ,85021,VetCor,Harvest Partners
North Kenilworth Veterinary Care,Phoenix,AZ,85003,Lakefield Veterinary Group,Desmarais family and Peloton Capital Management
North Phoenix Animal Clinic,Phoenix,AZ,85022,Western Veterinary Partners,Tyree & D'Angelo Partners
Palm Glen Animal Hospital,Phoenix,AZ,85051,NVA,JAB Holdings
Palo Verde Animal Hospital,Phoenix,AZ,85020,O'Brien Veterinary Group,Family owned corporate consolidator
Phoenix Dog Cat Bird Hospital,Phoenix,AZ,85013,VetCor,Harvest Partners
Phoenix Veterinary Imaging and Mobile Services,Phoenix,AZ,85028,Ethos Veterinary Health,JAB Holdings
Phoenix Veterinary Referral & Emergency Center,Phoenix,AZ,85032,PetVet Care Centers,KKR
Stonecrest Animal Hospital,Phoenix,AZ,85032,NVA,JAB Holdings
The Pet Wellness Center,Phoenix,AZ,85085,Lakefield Veterinary Group,Desmarais family and Peloton Capital Management
VCA Mountain View Animal Hospital,Phoenix,AZ,85020,VCA,Mars
VCA Southside Animal Hospital CLOSED,Phoenix,AZ,85042,VCA,Mars
VEG Phoenix,Phoenix,AZ,85016,VEG (Veterinary Emergency Group),D1 Capital & Fidelity
Vetco Total Care - Phoenix,Phoenix,AZ,85085,Vetco Total Care,Petco
VetMED Emergency & Specialty Care,Phoenix,AZ,85024,Ethos Veterinary Health,JAB Holdings
West Phoenix Veterinary Hospital,Phoenix,AZ,85033,VetCor,Harvest Partners
Westridge Animal Hospital,Phoenix,AZ,85033,Heartland Veterinary Partners,Gryphon Investors
White Mountain Animal Hospital,Pinetop-Lakeside,AZ,85929,AmeriVet,AEA Investors and Abu Dhabi Investment Authority (ADIA)
Harmony Veterinary Care,Prescott,AZ,86305,Companion Pet Partners,Cortec Group
Mile Hi Animal Hospital,Prescott,AZ,86303,Companion Pet Partners,Cortec Group
Prescott Animal Hospital,Prescott,AZ,86305,Mission Pet Health,Silver Lake and Shore Capital Partners
Prescott Animal Hospital Equine Center,Prescott,AZ,86301,Mission Pet Health,Silver Lake and Shore Capital Partners
VCA Thumb Butte Animal Hospital,Prescott,AZ,86305,VCA,Mars
Premier Pet Hospital,Prescott Valley,AZ,86314,VetCor,Harvest Partners
Animal House Veterinary Clinic,Queen Creek,AZ,85142,Companion Pet Partners,Cortec Group
"Arizona Regional Intensive Care, Specialty & Emergency Veterinary Center (ARISE)",Queen Creek,AZ,85142,Ethos Veterinary Health,JAB Holdings
Banfield Queen Creek,Queen Creek,AZ,85142,Banfield,Mars
CityVet - Queen Creek,Queen Creek,AZ,85142,CityVet,RiverGlade Capital
Dermatology for Animals – Queen Creek,Queen Creek,AZ,85142,Thrive Pet Healthcare,TSG Consumer Partners
Gilbert Queen Creek Emergency Veterinarian & Specialty Center,Queen Creek,AZ,85142,Hippo Vet Group,DFW & Avante Capital Partners
Livewell Animal Hospital of Queen Creek,Queen Creek,AZ,85142,Mission Pet Health,Silver Lake and Shore Capital Partners
Queen Creek,Queen Creek,AZ,85142,Lovet Pet Health,The Aspen Group
Queen Creek Veterinary Clinic,Queen Creek,AZ,85142,Hippo Vet Group,DFW & Avante Capital Partners
San Tan Animal Hospital,Queen Creek,AZ,85142,Mission Pet Health,Silver Lake and Shore Capital Partners
The Pet Dental Clinic,Queen Creek,AZ,85142,Thrive Pet Healthcare,TSG Consumer Partners
VCA Valley Animal Hospital of Sahuarita,Sahuarita,AZ,85629,VCA,Mars
Empire Ranch Veterinary Hospital,San Tan Valley,AZ,85143,Hippo Vet Group,DFW & Avante Capital Partners
Ironwood Animal Hospital,San Tan Valley,AZ,85140,Thrive Pet Healthcare,TSG Consumer Partners
Johnson Ranch Animal Hospital,San Tan Valley,AZ,85143,Hippo Vet Group,DFW & Avante Capital Partners
Animal Clinic Del Rancho,Scottsdale,AZ,85259,Thrive Pet Healthcare,TSG Consumer Partners
Arizona Animal Hospital,Scottsdale,AZ,85266,NVA,JAB Holdings
Arizona Veterinary Dental Specialists - Scottsdale,Scottsdale,AZ,85255,Thrive Pet Healthcare,TSG Consumer Partners
Banfield Old Town Scottsdale,Scottsdale,AZ,85251,Banfield,Mars
Banfield Scottsdale,Scottsdale,AZ,85258,Banfield,Mars
Banfield Scottsdale-McDowell Mountain,Scottsdale,AZ,85260,Banfield,Mars
BluePearl Pet Hospital Scottsdale,Scottsdale,AZ,85255,BluePearl Pet Hospital,Mars
Cochise Animal Hospital,Scottsdale,AZ,85253,Companion Pet Partners,Cortec Group
DC Ranch Animal Hospital,Scottsdale,AZ,85255,NVA,JAB Holdings
Dermatology for Animals - North Scottsdale,Scottsdale,AZ,85255,Thrive Pet Healthcare,TSG Consumer Partners
Dermatology for Animals - Scottsdale,Scottsdale,AZ,85250,Thrive Pet Healthcare,TSG Consumer Partners
Desert Tails Animal Clinic,Scottsdale,AZ,85258,Western Veterinary Partners,Tyree & D'Angelo Partners
Dynamite Animal Hospital,Scottsdale,AZ,85262,Thrive Pet Healthcare,TSG Consumer Partners
Equine Sports Medicine and Rehabilitation – Arizona,Scottsdale,AZ,85266,Altano Group,Ufenau Capital Partners
Eye Care for Animals - North Scottsdale,Scottsdale,AZ,85255,Thrive Pet Healthcare,TSG Consumer Partners
GoodVets North Scottsdale,Scottsdale,AZ,85255,GoodVets,General Atlantic
Hillside Animal Hospital,Scottsdale,AZ,85259,NVA,JAB Holdings
Livewell Animal Hospital of North Scottsdale,Scottsdale,AZ,85255,Mission Pet Health,Silver Lake and Shore Capital Partners
Livewell Animal Hospital of Old Town (coming soon),Scottsdale,AZ,85251,Mission Pet Health,Silver Lake and Shore Capital Partners
Lovet Scottsdale Hills,Scottsdale,AZ,85254,Lovet Pet Health,The Aspen Group
Low Cost Veterinary Clinic of Scottsdale,Scottsdale,AZ,85251,Hippo Vet Group,DFW & Avante Capital Partners
McDowell Mountain Animal Hospital,Scottsdale,AZ,85255,NVA,JAB Holdings
MedVet Phoenix,Scottsdale,AZ,85258,MedVet,Minority stake by Leonard Green & Partners
Pima North Animal Hospital,Scottsdale,AZ,85255,NVA,JAB Holdings
Pinnacle Peak Animal Hospital,Scottsdale,AZ,85255,NVA,JAB Holdings
Raintree Pet Resort,Scottsdale,AZ,85260,Destination Pet,L1 Health
Scottsdale,Scottsdale,AZ,85253,Petfolk,Undisclosed
Scottsdale Animal Healthcare,Scottsdale,AZ,85255,Mission Pet Health,Silver Lake and Shore Capital Partners
Scottsdale Cat Clinic,Scottsdale,AZ,85250,VetCor,Harvest Partners
Scottsdale Ranch Animal Hospital,Scottsdale,AZ,85258,PetVet Care Centers,KKR
Scottsdale Veterinary Clinic,Scottsdale,AZ,85251,Hippo Vet Group,DFW & Avante Capital Partners
Thrive Pet Healthcare Specialists North Scottsdale,Scottsdale,AZ,85255,Thrive Pet Healthcare,TSG Consumer Partners
VCA Del Lago Animal Hospital,Scottsdale,AZ,85258,VCA,Mars
VCA McCormick Ranch Animal Hospital and Emergency Center,Scottsdale,AZ,85258,VCA,Mars
Alta Sierra Veterinary Hospital,Show Low,AZ,85901,Blue River PetCare,Partners Group
Coronado Veterinary Hospital,Sierra Vista,AZ,85650,NVA,JAB Holdings
VCA Apache Animal Hospital,Sierra Vista,AZ,85635,VCA,Mars
Star Valley Veterinary Clinic,Star Valley,AZ,85541,NVA,JAB Holdings
Sun City Animal Hospital,Sun City,AZ,85351,NVA,JAB Holdings
Sun City Pet Lodge,Sun City,AZ,85351,NVA,JAB Holdings
Petsvet Animal Hospital,Suprise,AZ,85378,Western Veterinary Partners,Tyree & D'Angelo Partners
Animal Medical Center of Surprise,Surprise,AZ,85374,Companion Pet Partners,Cortec Group
Banfield Surprise,Surprise,AZ,85374,Banfield,Mars
Bell Parkway Veterinary Hospital,Surprise,AZ,85374,Hippo Vet Group,DFW & Avante Capital Partners
CityVet - Surprise,Surprise,AZ,85388,CityVet,RiverGlade Capital
GoodVets Surprise,Surprise,AZ,85388,GoodVets,General Atlantic
Hippo Vet Group Surprise (coming soon),Surprise,AZ,85388,Hippo Vet Group,DFW & Avante Capital Partners
Livewell Animal Hospital of Surprise (coming soon),Surprise,AZ,85379,Mission Pet Health,Silver Lake and Shore Capital Partners
Lovet White Tanks,Surprise,AZ,85388,Lovet Pet Health,The Aspen Group
Surprise,Surprise,AZ,85379,Lovet Pet Health,The Aspen Group
VCA El Mirage Animal Hospital,Surprise,AZ,85378,VCA,Mars
Banfield Pet Hospital,Tempe,AZ,85283,Banfield,Mars
Banfield Tempe,Tempe,AZ,85288,Banfield,Mars
Cobblestone Veterinary Care,Tempe,AZ,85284,Western Veterinary Partners,Tyree & D'Angelo Partners
Countryside Animal Hospital,Tempe,AZ,85284,NVA,JAB Holdings
Doggie District - Tempe,Tempe,AZ,85283,NVA,JAB Holdings
GoodVets Tempe,Tempe,AZ,85284,GoodVets,General Atlantic
McClintock Animal Care Center,Tempe,AZ,85284,NVA,JAB Holdings
Tempe Lake Veterinary Clinic & Pet Resort,Tempe,AZ,85288,Hippo Vet Group,DFW & Avante Capital Partners
Topaz Veterinary Clinic,Tempe,AZ,85282,Veterinary Practice Partners,Audax Private Equity
VCA Elliot Park Animal Hospital,Tempe,AZ,85284,VCA,Mars
VCA Tri City Animal Hospital and Acacia Cat Hospital,Tempe,AZ,85282,VCA,Mars
VCA University Animal Hospital,Tempe,AZ,85282,VCA,Mars
Vetco Total Care - Tempe,Tempe,AZ,85283,Vetco Total Care,Petco
Hippo Vet Group Avondale (coming soon),Tolleson,AZ,85353,Hippo Vet Group,DFW & Avante Capital Partners
Catalina Pet Hospital,Tucon,AZ,85712,NVA,JAB Holdings
River Road Pet Clinic,Tucon,AZ,85750,NVA,JAB Holdings
Acacia Animal Hospital,Tucson,AZ,85719,Western Veterinary Partners,Tyree & D'Angelo Partners
Arizona Veterinary Dental Specialists - Tucson,Tucson,AZ,85705,Thrive Pet Healthcare,TSG Consumer Partners
Banfield Tucson E,Tucson,AZ,85710,Banfield,Mars
Banfield Tucson Mission Plaza,Tucson,AZ,85712,Banfield,Mars
Banfield Tucson N,Tucson,AZ,85741,Banfield,Mars
Banfield Tucson SW,Tucson,AZ,85714,Banfield,Mars
Briarcrest Veterinary Care Center,Tucson,AZ,85715,Blue River PetCare,Partners Group
Cimarron Animal Hospital,Tucson,AZ,85748,Western Veterinary Partners,Tyree & D'Angelo Partners
Cortaro Farms Pet Hospital,Tucson,AZ,85742,PetVet Care Centers,KKR
Dermatology for Animals - Tucson,Tucson,AZ,85705,Thrive Pet Healthcare,TSG Consumer Partners
Encanto Pet Clinic,Tucson,AZ,85711,Lakefield Veterinary Group,Desmarais family and Peloton Capital Management
Eye Care for Animals - Broadway,Tucson,AZ,85710,Thrive Pet Healthcare,TSG Consumer Partners
Eye Care for Animals - Ft. Lowell,Tucson,AZ,85705,Thrive Pet Healthcare,TSG Consumer Partners
Pantano Animal Clinic,Tucson,AZ,85710,Lakefield Veterinary Group,Desmarais family and Peloton Capital Management
Pet Doctor - Oracle Road,Tucson,AZ,85704,PetVet Care Centers,KKR
Rita Ranch Pet Hospital,Tucson,AZ,85747,Lakefield Veterinary Group,Desmarais family and Peloton Capital Management
Rolling Hills Pet Clinic,Tucson,AZ,85730,CareVet,Compass Group Equity Partners
Sahuaro Vista Veterinary Clinic,Tucson,AZ,85704,NVA,JAB Holdings
Sonoran Veterinary Center,Tucson,AZ,85710,Western Veterinary Partners,Tyree & D'Angelo Partners
Spanish Trail Pet Clinic,Tucson,AZ,85710,PetVet Care Centers,KKR
St. Marys Animal Clinic,Tucson,AZ,85745,NVA,JAB Holdings
Tucson Veterinary Urgent Care,Tucson,AZ,85712,Lakefield Veterinary Group,Desmarais family and Peloton Capital Management
Twin Peaks Veterinary Center,Tucson,AZ,85743,Lakefield Veterinary Group,Desmarais family and Peloton Capital Management
UrgentVet Tucson,Tucson,AZ,85710,American Veterinary Group,Oak Hill Capital
VCA Animal Health Hospital,Tucson,AZ,85748,VCA,Mars
VCA Civano Animal Hospital and Emergency Center,Tucson,AZ,85747,VCA,Mars
VCA Northwest Animal Hospital - Ina Road,Tucson,AZ,85704,VCA,Mars
VCA Valley Animal Hospital and Emergency Center,Tucson,AZ,85711,VCA,Mars
VCA Valley Pet Resort,Tucson,AZ,85711,VCA,Mars
VEG Oro Valley,Tucson,AZ,85704,VEG (Veterinary Emergency Group),D1 Capital & Fidelity
Veterinary Specialty Center – Tucson,Tucson,AZ,85704,PetVet Care Centers,KKR
Sabino Veterinary Care,Tuscon,AZ,85750,Mission Pet Health,Silver Lake and Shore Capital Partners
Desert Vet Clinic,Yuma,AZ,85364,AmeriVet,AEA Investors and Abu Dhabi Investment Authority (ADIA)
Foothills Animal Hospital,Yuma,AZ,85367,Companion Pet Partners,Cortec Group
Ironwood Veterinary Clinic,Yuma,AZ,85364,NVA,JAB Holdings
Palo Verde Pet Clinic,Yuma,AZ,85365,Companion Pet Partners,Cortec Group
VCA 29 Palms Animal Hospital,29 Palms,CA,92277,VCA,Mars
Agoura Animal Clinic,Agoura Hills,CA,91301,VetCor,Harvest Partners
Ohana Pet Hospital of Agoura Hills,Agoura Hills,CA,91301,Western Veterinary Partners,Tyree & D'Angelo Partners
Park Centre Animal Hospital,Alameda,CA,94501,NVA,JAB Holdings
Vetco Total Care - Alameda,Alameda,CA,94501,Vetco Total Care,Petco
Alamo Animal Hospital,Alamo,CA,94507,NVA,JAB Holdings
Banfield Albany,Albany,CA,94706,Banfield,Mars
Codornices Veterinary Clinic,Albany,CA,94706,AmeriVet,AEA Investors and Abu Dhabi Investment Authority (ADIA)
VCA Albany Animal Hospital,Albany,CA,94707,VCA,Mars
VCA Mission Animal Hospital,Alhambra,CA,91801,VCA,Mars
Aliso Viejo Animal Hospital,Aliso Viejo,CA,92656,Mission Pet Health,Silver Lake and Shore Capital Partners
Banfield Aliso Viejo,Aliso Viejo,CA,92656,Banfield,Mars
Anaheim Animal Care & Pet Hospital,Anaheim,CA,92801,PetVet Care Centers,KKR
Anaheim Hills Pet Clinic,Anaheim,CA,92807,NVA,JAB Holdings
Cottage Pet Hospital,Anaheim,CA,92805,AmeriVet,AEA Investors and Abu Dhabi Investment Authority (ADIA)
Katella Animal Clinic,Anaheim,CA,92804,AmeriVet,AEA Investors and Abu Dhabi Investment Authority (ADIA)
VCA Yorba Regional Animal Hospital,Anaheim,CA,92807,VCA,Mars
VEG ER for Pets,Anaheim,CA,92808,VEG (Veterinary Emergency Group),D1 Capital & Fidelity
VEG Anaheim Hills,Anaheim Hills,CA,92808,VEG (Veterinary Emergency Group),D1 Capital & Fidelity
Anderson Veterinary Clinic,Anderson,CA,96007,Thrive Pet Healthcare,TSG Consumer Partners
VCA Gateway Animal Hospital,Anderson,CA,96007,VCA,Mars
Banfield Antelope,Antelope,CA,95843,Banfield,Mars
Banfield Antioch,Antioch,CA,94531,Banfield,Mars
Banfield Antioch West,Antioch,CA,94531,Banfield,Mars
VCA Antioch Animal Hospital - 10th Street CLOSED,Antioch,CA,95409,VCA,Mars
VCA Antioch Animal Hospital - Deer Valley,Antioch,CA,94531,VCA,Mars
VCA East Bay Veterinary Emergency,Antioch,CA,94509,VCA,Mars
Apple Valley Animal Hospital,Apple Valley,CA,92307,PetVet Care Centers,KKR
Banfield Apple Valley,Apple Valley,CA,92308,Banfield,Mars
Bear Valley Animal Hospital,Apple Valley,CA,92308,PetVet Care Centers,KKR
Aptos-Capitola Veterinary Hospital,Aptos,CA,95003,VetCor,Harvest Partners
Aptos-Creekside Pet Hospital,Aptos,CA,95003,PetVet Care Centers,KKR
Central Coast Pet Hospital and Emergency,Arroyo Grande,CA,93420,NVA,JAB Holdings
VCA Arroyo Grande Animal Hospital,Arroyo Grande,CA,93420,VCA,Mars
VCA South County Animal Hospital,Arroyo Grande,CA,93420,VCA,Mars
South Auburn Veterinary Hospital,Auburn,CA,95603,Blue River PetCare,Partners Group
Vetco Total Care - Auburn,Auburn,CA,95603,Vetco Total Care,Petco
Animal Dermatology Clinic Bakersfield,Bakersfield,CA,93311,Animal Dermatology Clinic,Percheron Capital
Banfield Bakersfield,Bakersfield,CA,93309,Banfield,Mars
Banfield Bakersfield E,Bakersfield,CA,93306,Banfield,Mars
Coffee Road Animal Hospital & Pet Resort,Bakersfield,CA,93308,NVA,JAB Holdings
Southwest Veterinary Hospital,Bakersfield,CA,93304,NVA,JAB Holdings
Stiern Veterinary Hospital,Bakersfield,CA,93305,NVA,JAB Holdings
Stine Veterinary Hospital,Bakersfield,CA,93313,PetVet Care Centers,KKR
VCA At The Oaks Animal Hospital,Bakersfield,CA,93311,VCA,Mars
VCA Bakersfield Animal Hospital,Bakersfield,CA,93311,VCA,Mars
Tender Loving Care Animal Hospital,Baldwin Park,CA,91706,VetCor,Harvest Partners
Banning Veterinary Hospital,Banning,CA,92220,PetVet Care Centers,KKR
Beaumont Animal Hospital,Beaumont,CA,92223,AmeriVet,AEA Investors and Abu Dhabi Investment Authority (ADIA)
Oak Valley Animal Hospital,Beaumont,CA,92223,Companion Pet Partners,Cortec Group
Above and Beyond Animal Care,Bella Vista,CA,96008,Western Veterinary Partners,Tyree & D'Angelo Partners
Animal Clinic of Benicia,Benicia,CA,94510,PetVet Care Centers,KKR
VCA Benicia Animal Hospital,Benicia,CA,94510,VCA,Mars
Berkeley Dog & Cat Hospital,Berkeley,CA,94704,PetVet Care Centers,KKR
Campus Veterinary Clinic,Berkeley,CA,94709,AmeriVet,AEA Investors and Abu Dhabi Investment Authority (ADIA)
Modern Animal - Berkeley,Berkeley,CA,94710,Modern Animal,"Chewy, Inc. (NYSE: CHWY)"
PETS Referral Center,Berkeley,CA,94710,United Veterinary Care,Nordic Capital
University Vet Hospital,Berkeley,CA,94710,VetCor,Harvest Partners
VCA Desert Dunes Animal Hospital,Bermuda Dunes,CA,92203,VCA,Mars
Beverly Hills Small Animal Hospital,Beverly Hills,CA,90210,VetCor,Harvest Partners
VCA Lakeside Animal Hospital CLOSED,Big Bear City,CA,92314,VCA,Mars
Town & Country Animal Hospital,Bonita,CA,91902,Companion Pet Partners,Cortec Group
Banfield Brea,Brea,CA,92821,Banfield,Mars
Banfield Brea Marketplace,Brea,CA,92821,Banfield,Mars
Brentwood Family Pet Care,Brentwood,CA,94513,NVA,JAB Holdings
Brentwood Veterinary Hospital,Brentwood,CA,94513,NVA,JAB Holdings
Vetco Total Care - Brentwood,Brentwood,CA,94513,Vetco Total Care,Petco
Banfield Buena Park,Buena Park,CA,90620,Banfield,Mars
Bow Wow Bungalow,Burbank,CA,91504,Destination Pet,L1 Health
VCA Burbank Animal Hospital,Burbank,CA,91505,VCA,Mars
Vetco Total Care - Burbank,Burbank,CA,91505,Vetco Total Care,Petco
Dr. Treat - Burlingame,Burlingame,CA,94010,Mission Pet Health,Silver Lake and Shore Capital Partners
Holistic Veterinary Center,Calabasas,CA,91302,NVA,JAB Holdings
Calimesa Veterinary Clinic,Calimesa,CA,92320,Pet Cure Inc.,Privately owned corporation
Dr. Battier's Veterinary Clinic,Camarillo,CA,93010,VetCor,Harvest Partners
Las Posas Veterinary Medical Center,Camarillo,CA,93010,NVA,JAB Holdings
Pleasant Valley Animal Hospital,Camarillo,CA,93010,VetCor,Harvest Partners
Companion Animal Hospital,Cameron Park,CA,95682,Western Veterinary Partners,Tyree & D'Angelo Partners
Goldorado Animal Hospital,Cameron Park,CA,95682,NVA,JAB Holdings
Banfield Campbell,Campbell,CA,95008,Banfield,Mars
Central Animal Hospital,Campbell,CA,95008,Blue River PetCare,Partners Group
Dermatology for Animals - Campbell,Campbell,CA,95008,Thrive Pet Healthcare,TSG Consumer Partners
Kirkwood Animal Hospital,Campbell,CA,95008,NVA,JAB Holdings
MedVet Campbell,Campbell,CA,95008,MedVet,Minority stake by Leonard Green & Partners
PetCure Oncology at SAGE Veterinary Centers,Campbell,CA,95008,Thrive Pet Healthcare,TSG Consumer Partners
SAGE - Restful Paws,Campbell,CA,95008,Ethos Veterinary Health,JAB Holdings
SAGE – Campbell,Campbell,CA,95008,Ethos Veterinary Health,JAB Holdings
The Cat Hospital - Campbell,Campbell,CA,95008,Curo Pet Care,Privately owned corporate consolidator
VCA Winchester Animal Hospital,Campbell,CA,95008,VCA,Mars
Banfield Canoga Park,Canoga Park,CA,91303,Banfield,Mars
Estrella Veterinary Hospital,Capistrano Beach,CA,92624,Thrive Pet Healthcare,TSG Consumer Partners
Pacific and Santa Cruz Veterinary Specialists,Capitola,CA,95010,PetVet Care Centers,KKR
Santa Cruz Veterinary Hospital,Capitola,CA,95010,PetVet Care Centers,KKR
Banfield Carlsbad,Carlsbad,CA,92009,Banfield,Mars
Carlsbad Animal Hospital,Carlsbad,CA,92008,PetVet Care Centers,KKR
Coastal Animal Hospital - Carlsbad,Carlsbad,CA,92008,Mission Pet Health,Silver Lake and Shore Capital Partners
La Costa Animal Hospital,Carlsbad,CA,92009,VetCor,Harvest Partners
VCA Aviara Animal Hospital,Carlsbad,CA,92009,VCA,Mars
VCA California Veterinary Specialists - Carlsbad,Carlsbad,CA,92008,VCA,Mars
VCA Sacramento Animal Medical Group,Carmichael,CA,95608,VCA,Mars
VCA Carpinteria Veterinary Hospital,Carpinteria,CA,93013,VCA,Mars
Boulevard Pet Hospital,Castro Valley,CA,94546,AmeriVet,AEA Investors and Abu Dhabi Investment Authority (ADIA)
Eden Pet Hospital,Castro Valley,CA,94546,NVA,JAB Holdings
Groveway Pet Hospital,Castro Valley,CA,94546,VetnCare,Great Point Partners
Redwood Animal Hospital,Castro Valley,CA,94546,VetCor,Harvest Partners
American Pet Clinic,Ceres,CA,95307,PetVet Care Centers,KKR
Ceres Veterinary Clinic,Ceres,CA,95307,VetCor,Harvest Partners
UrgentPaws - Cerritos,Cerritos,CA,90703,UrgentPaws,Undisclosed private investors
VCA Lakewood Animal Hospital,Cerritos,CA,90703,VCA,Mars
Vetco Total Care - Cerritos,Cerritos,CA,90703,Vetco Total Care,Petco
Banfield Chatsworth,Chatsworth,CA,91311,Banfield,Mars
VCA Chatsworth Veterinary Center,Chatsworth,CA,91311,VCA,Mars
Chico Creek Animal Hospital,Chico,CA,95973,Western Veterinary Partners,Tyree & D'Angelo Partners
Chico Hospital for Cats,Chico,CA,95926,VetCor,Harvest Partners
VCA Valley Oak Veterinary Center,Chico,CA,95928,VCA,Mars
Vetco Total Care - Chico,Chico,CA,95928,Vetco Total Care,Petco
Banfield Chino Spectrum,Chino,CA,91710,Banfield,Mars
Country Animal Clinic,Chino,CA,91710,United Veterinary Care,Nordic Capital
Banfield Chino Hills CLOSED,Chino Hills,CA,91709,Banfield,Mars
TLC Animal Clinic,Chino Hills,CA,91709,PetVet Care Centers,KKR
Banfield Chula Vista,Chula Vista,CA,91910,Banfield,Mars
Banfield Chula Vista S,Chula Vista,CA,91911,Banfield,Mars
Banfield Eastlake,Chula Vista,CA,91914,Banfield,Mars
Eastlake Village Veterinary Clinic,Chula Vista,CA,91915,VetCor,Harvest Partners
Pet Emergency & Specialty Center-Chula Vista,Chula Vista,CA,91910,Thrive Pet Healthcare,TSG Consumer Partners
South Bay Veterinary Hospital,Chula Vista,CA,91911,NVA,JAB Holdings
Telegraph Canyon Animal Medical Center,Chula Vista,CA,91910,NVA,JAB Holdings
VCA Bonita Animal Hospital,Chula Vista,CA,91910,VCA,Mars
VEG Otay Ranch,Chula Vista,CA,91915,VEG (Veterinary Emergency Group),D1 Capital & Fidelity
Vetco Total Care - Chula Vista,Chula Vista,CA,91911,Vetco Total Care,Petco
Vetco Total Care - Chula Vista,Chula Vista,CA,91914,Vetco Total Care,Petco
Akaal Pet Hospital,Citrus Heights,CA,95621,AmeriVet,AEA Investors and Abu Dhabi Investment Authority (ADIA)
Banfield Citrus Heights,Citrus Heights,CA,95610,Banfield,Mars
Family Friends Veterinary Hospital,Citrus Heights,CA,95621,PetVet Care Centers,KKR
Eye Care for Animals Culver City,City,CA,90232,Thrive Pet Healthcare,TSG Consumer Partners
Claremont Veterinary Hospital,Claremont,CA,91711,Western Veterinary Partners,Tyree & D'Angelo Partners
Clearlake Veterinary Clinic,Clearlake,CA,95422,PetVet Care Centers,KKR
Banfield Clovis,Clovis,CA,93612,Banfield,Mars
Banfield Clovis N,Clovis,CA,93612,Banfield,Mars
Family Pet Hospital,Clovis,CA,93611,PetVet Care Centers,KKR
Waterhouse Animal Hospital of Clovis,Clovis,CA,93612,NVA,JAB Holdings
Banfield Colma,Colma,CA,94014,Banfield,Mars
Affordable Animal Hospital-Compton,Compton,CA,90221,Alliance Animal Health,L Catterton and LightBay Capital
Adobe Animal Hospital,Concord,CA,94518,Western Veterinary Partners,Tyree & D'Angelo Partners
All Bay Animal Hospital,Concord,CA,94520,PetVet Care Centers,KKR
Banfield Concord,Concord,CA,94520,Banfield,Mars
Banfield Concord Clayton Valley,Concord,CA,94521,Banfield,Mars
Disney Pet Hospital,Concord,CA,94519,VetnCare,Great Point Partners
Four Corners Veterinary Hospital,Concord,CA,94518,PetVet Care Centers,KKR
SAGE – Concord,Concord,CA,94520,Ethos Veterinary Health,JAB Holdings
VCA Monte Vista Animal Hospital,Concord,CA,94521,VCA,Mars
Banfield Corona,Corona,CA,92879,Banfield,Mars
South Corona Pet Hospital,Corona,CA,92881,AmeriVet,AEA Investors and Abu Dhabi Investment Authority (ADIA)
VCA Aacacia Animal Hospital,Corona,CA,92882,VCA,Mars
Corona Del Mar Animal Hospital,Corona Del Mar,CA,92625,Thrive Pet Healthcare,TSG Consumer Partners
Purple Paws Pet Clinic,Coronado,CA,92118,Destination Pet,L1 Health
VCA Madera Pet Hospital,Corte Madera,CA,94925,VCA,Mars
All Creatures Care Cottage,Costa Mesa,CA,92627,Mission Pet Health,Silver Lake and Shore Capital Partners
Banfield Costa Mesa N,Costa Mesa,CA,92626,Banfield,Mars
Modern Animal - Costa Mesa,Costa Mesa,CA,92627,Modern Animal,"Chewy, Inc. (NYSE: CHWY)"
VCA Airport Irvine Animal Hospital,Costa Mesa,CA,92626,VCA,Mars
VEG Costa Mesa,Costa Mesa,CA,92626,VEG (Veterinary Emergency Group),D1 Capital & Fidelity
Covina Pet Care,Covina,CA,91722,Alliance Animal Health,L Catterton and LightBay Capital
ACCESS Specialty Animal Hospitals - Los Angeles,Culver City,CA,90232,Thrive Pet Healthcare,TSG Consumer Partners
Banfield Culver City,Culver City,CA,90230,Banfield,Mars
Modern Animal - Culver City,Culver City,CA,90232,Modern Animal,"Chewy, Inc. (NYSE: CHWY)"
Radiocat California - Los Angeles,Culver City,CA,90232,PetVet Care Centers,KKR
Rover Kennels Culver City,Culver City,CA,90232,Destination Pet,L1 Health
Sepulveda Animal Hospital,Culver City,CA,90230,Mission Pet Health,Silver Lake and Shore Capital Partners
Veterinary Cancer Group LA,Culver City,CA,90232,Thrive Pet Healthcare,TSG Consumer Partners
VCA College Park - Ana Brook Animal Hospital,Cypress,CA,90630,VCA,Mars
Banfield Daly City,Daly City,CA,94015,Banfield,Mars
Dana Point Animal Hospital,Dana Point,CA,92629,Curo Pet Care,Privately owned corporate consolidator
Banfield Danville,Danville,CA,94526,Banfield,Mars
Banfield Davis,Davis,CA,95616,Banfield,Mars
Del Mar Heights Veterinary Hospital,Del Mar,CA,92014,AmeriVet,AEA Investors and Abu Dhabi Investment Authority (ADIA)
Diamond Bar Veterinary Clinic,Diamond Bar,CA,91765,PetVet Care Centers,KKR
Grand Animal Hospital,Diamond Bar,CA,91765,Mission Pet Health,Silver Lake and Shore Capital Partners
Discovery Bay Veterinary Clinic,Discovery Bay,CA,94505,NVA,JAB Holdings
Banfield Downey,Downey,CA,90242,Banfield,Mars
UrgentPaws - Duarte,Duarte,CA,91010,UrgentPaws,Undisclosed private investors
Banfield Dublin,Dublin,CA,94568,Banfield,Mars
Banfield Dublin East,Dublin,CA,94568,Banfield,Mars
Four Paws Veterinary Center,Dublin,CA,94568,United Veterinary Care,Nordic Capital
Parkway Veterinary Hospital,Dublin,CA,94568,NVA,JAB Holdings
SAGE – Dublin,Dublin,CA,94568,Ethos Veterinary Health,JAB Holdings
Banfield Eastvale,Eastvale,CA,91752,Banfield,Mars
Ontario Ranch Pet Clinic,Eastvale,CA,92880,Curo Pet Care,Privately owned corporate consolidator
Echo Park Veterinary Hospital,Echo Park,CA,90026,PetVet Care Centers,KKR
Animal Care Clinic,El Cajon,CA,92019,AmeriVet,AEA Investors and Abu Dhabi Investment Authority (ADIA)
Banfield El Cajon,El Cajon,CA,92020,Banfield,Mars
Care & Comfort Veterinary Hospital,El Cajon,CA,92020,Thrive Pet Healthcare,TSG Consumer Partners
VCA Animal Medical Center of El Cajon,El Cajon,CA,92021,VCA,Mars
VCA Rancho San Diego Animal Hospital,El Cajon,CA,92019,VCA,Mars
El Cerrito Pet Hospital,El Cerrito,CA,94530,VetnCare,Great Point Partners
El Cerrito Veterinary Care,El Cerrito,CA,94530,VetCor,Harvest Partners
Insight Veterinary Wellness Center,El Dorado Hills,CA,95762,VetnCare,Great Point Partners
Veterinary Healing Center,El Dorado Hills,CA,95762,VetCor,Harvest Partners
Banfield El Segundo,El Segundo,CA,90245,Banfield,Mars
Banfield Elk Grove,Elk Grove,CA,95758,Banfield,Mars
Banfield Elk Grove West,Elk Grove,CA,95758,Banfield,Mars
Bruceville Pet Hospital,Elk Grove,CA,95757,PetVet Care Centers,KKR
Hatton Veterinary Hospital,Elk Grove,CA,95758,Western Veterinary Partners,Tyree & D'Angelo Partners
Laguna Creek Veterinary Hospital,Elk Grove,CA,95758,Mission Pet Health,Silver Lake and Shore Capital Partners
VCA Bradshaw Animal Hospital,Elk Grove,CA,95624,VCA,Mars
VCA Elk Grove Animal Hospital,Elk Grove,CA,95624,VCA,Mars
VEG Elk Grove,Elk Grove,CA,95758,VEG (Veterinary Emergency Group),D1 Capital & Fidelity
Vetco Total Care - Elk Grove,Elk Grove,CA,95758,Vetco Total Care,Petco
All Pets Animal Hospital,Encinitas,CA,92024,Thrive Pet Healthcare,TSG Consumer Partners
Banfield Encinitas,Encinitas,CA,92024,Banfield,Mars
Coastal Animal Hospital - Encinitas,Encinitas,CA,92024,Mission Pet Health,Silver Lake and Shore Capital Partners
Holiday Pet Hotel,Encinitas,CA,92024,Destination Pet,L1 Health
Santa Fe Animal Clinic,Encinitas,CA,92024,VetCor,Harvest Partners
The Drake Center for Veterinary Care,Encinitas,CA,92024,United Veterinary Care,Nordic Capital
VEG Encinitas,Encinitas,CA,92024,VEG (Veterinary Emergency Group),D1 Capital & Fidelity
Vetco Total Care - Encinitas,Encinitas,CA,92024,Vetco Total Care,Petco
Modern Animal - Encino,Encino,CA,91436,Modern Animal,"Chewy, Inc. (NYSE: CHWY)"
Banfield Escondido,Escondido,CA,92025,Banfield,Mars
VCA Acacia Animal Hospital and Pet Resort,Escondido,CA,92025,VCA,Mars
Vetco Total Care - Escondido,Escondido,CA,92025,Vetco Total Care,Petco
Pacific Crest Companion Animal,Exeter,CA,93221,PetVet Care Centers,KKR
Pacific Crest Equine,Exeter,CA,93221,PetVet Care Centers,KKR
Banfield Fair Oaks,Fair Oaks,CA,95628,Banfield,Mars
Hazel Ridge Veterinary Clinic,Fair Oaks,CA,95628,VetCor,Harvest Partners
VCA Greenback Animal Hospital,Fair Oaks,CA,95628,VCA,Mars
VCA Sunset Animal Medical Center,Fair Oaks,CA,95628,VCA,Mars
Fairfax Veterinary Clinic,Fairfax,CA,94930,Mission Pet Health,Silver Lake and Shore Capital Partners
Solano-Napa Pet ER Clinic,Fairfield,CA,94534,United Veterinary Care,Nordic Capital
Fallbrook Animal Hospital,Fallbrook,CA,92028,Western Veterinary Partners,Tyree & D'Angelo Partners
Banfield Folsom,Folsom,CA,95630,Banfield,Mars
Folsom Dog Resort & Training Center,Folsom,CA,95630,NVA,JAB Holdings
Folsom Veterinary Hospital,Folsom,CA,95630,Blue River PetCare,Partners Group
Meridian Veterinary Care,Folsom,CA,95630,Mission Pet Health,Silver Lake and Shore Capital Partners
VEG Folsom,Folsom,CA,95630,VEG (Veterinary Emergency Group),D1 Capital & Fidelity
Vetco Total Care - Folsom,Folsom,CA,95630,Vetco Total Care,Petco
Banfield Fontana,Fontana,CA,92336,Banfield,Mars
Prestige Animal Hospital - North Fontana,Fontana,CA,92336,VetCor,Harvest Partners
Prestige Animal Hospital - South Fontana,Fontana,CA,92337,VetCor,Harvest Partners
Vetco Total Care - Fontana,Fontana,CA,92336,Vetco Total Care,Petco
Banfield Foothill Ranch,Foothill Ranch,CA,92610,Banfield,Mars
Brookfield Pet Hospital,Fountain Valley,CA,92708,PetVet Care Centers,KKR
VCA West Coast Specialty and Emergency Animal Hospital,Fountain Valley,CA,92708,VCA,Mars
Aborn Pet Hospital,Fremont,CA,94538,AmeriVet,AEA Investors and Abu Dhabi Investment Authority (ADIA)
ACE Animal Hospital,Fremont,CA,94538,PetVet Care Centers,KKR
Banfield Fremont,Fremont,CA,94538,Banfield,Mars
Irvington Pet Hospital,Fremont,CA,94538,VetnCare,Great Point Partners
Mission Valley Veterinary Clinic,Fremont,CA,94536,Western Veterinary Partners,Tyree & D'Angelo Partners
Newark Pet Clinic,Fremont,CA,94536,PetVet Care Centers,KKR
VCA Mission San Jose Animal Hospital,Fremont,CA,94539,VCA,Mars
Abby Pet Hospital,Fresno,CA,93726,NVA,JAB Holdings
Banfield Fresno,Fresno,CA,93711,Banfield,Mars
Banfield Fresno N,Fresno,CA,93720,Banfield,Mars
BluePearl Pet Hospital Fresno,Fresno,CA,93711,BluePearl Pet Hospital,Mars
Fresno Veterinary Specialty & Emergency Center,Fresno,CA,93710,Ethos Veterinary Health,JAB Holdings
Pet Medical Center & Spa,Fresno,CA,93711,NVA,JAB Holdings
Waterhouse Animal Hospital,Fresno,CA,93720,NVA,JAB Holdings
Banfield Fullerton Town,Fullerton,CA,92832,Banfield,Mars
Garden Grove Dog and Cat Hospital,Garden Grove,CA,92843,Thrive Pet Healthcare,TSG Consumer Partners
Alondra Animal Hospital,Gardena,CA,90249,PetVet Care Centers,KKR
California Veterinary Hospital,Gardena,CA,90248,United Veterinary Care,Nordic Capital
Banfield Glendale2,Glendale,CA,91206,Banfield,Mars
Limehouse Veterinary Clinic of Holistic Medicine,Glendale,CA,91201,PetVet Care Centers,KKR
Modern Animal - Glendale,Glendale,CA,91204,Modern Animal,"Chewy, Inc. (NYSE: CHWY)"
Parkview Pet Clinic,Glendale,CA,91208,Thrive Pet Healthcare,TSG Consumer Partners
VCA Arden Animal Hospital,Glendale,CA,91203,VCA,Mars
VCA Gateway Animal Hospital CLOSED,Glendale,CA,91204,VCA,Mars
Vetco Total Care - Glendale,Glendale,CA,91206,Vetco Total Care,Petco
Banfield Glendora,Glendora,CA,91740,Banfield,Mars
Glendora Hills Pet Hospital,Glendora,CA,91740,Curo Pet Care,Privately owned corporate consolidator
VCA Alosta Animal Hospital,Glendora,CA,91741,VCA,Mars
Goleta Airport Pet Hospital,Goleta,CA,93117,PetVet Care Centers,KKR
VCA Noah's Ark Animal Hospital,Goleta,CA,93117,VCA,Mars
Balboa Veterinary Medical Center,Granada Hills,CA,91344,AmeriVet,AEA Investors and Abu Dhabi Investment Authority (ADIA)
VCA Chatoak Animal Hospital,Granada Hills,CA,91344,VCA,Mars
Animal Emergency Clinic,Grand Terrace,CA,92313,Ethos Veterinary Health,JAB Holdings
Best Friends Animal Clinic,Grass Valley,CA,95945,VetCor,Harvest Partners
Grass Valley Veterinary Hospital,Grass Valley,CA,95945,PetVet Care Centers,KKR
Mother Lode Veterinary Hospital,Grass Valley,CA,95945,VetCor,Harvest Partners
VEG Larkspur,Greenbrae,CA,94904,VEG (Veterinary Emergency Group),D1 Capital & Fidelity
VCA Half Moon Bay Animal Hospital,Half Moon Bay,CA,94019,VCA,Mars
Hanford Veterinary Hospital,Hanford,CA,93230,NVA,JAB Holdings
Banfield Hawthorne,Hawthorne,CA,90250,Banfield,Mars
Gentle Care Veterinary Hospital,Hayward,CA,94541,United Veterinary Care,Nordic Capital
Hercules Pet Hospital,Hercules,CA,94547,VetnCare,Great Point Partners
GoodVets Hermosa Beach,Hermosa Beach,CA,90254,GoodVets,General Atlantic
VCA Coast Animal Hospital,Hermosa Beach,CA,90254,VCA,Mars
VCA Hermosa Animal Hospital,Hermosa Beach,CA,90254,VCA,Mars
Banfield Huntington Marina,Huntington Beach,CA,92649,Banfield,Mars
Hamilton Animal Hospital,Huntington Beach,CA,92646,Companion Pet Partners,Cortec Group
Livewell Animal Hospital of Huntington Beach,Huntington Beach,CA,92648,Mission Pet Health,Silver Lake and Shore Capital Partners
Modern Animal - Huntington Beach,Huntington Beach,CA,92646,Modern Animal,"Chewy, Inc. (NYSE: CHWY)"
Vetco Total Care - Huntington Beach,Huntington Beach,CA,92649,Vetco Total Care,Petco
Vetco Total Care - Huntington Beach,Huntington Beach,CA,92646,Vetco Total Care,Petco
Vetco Total Care - Huntington Park,Huntington Park,CA,90255,Vetco Total Care,Petco
Seacoast Veterinary Group,Imperial Beach,CA,91932,AmeriVet,AEA Investors and Abu Dhabi Investment Authority (ADIA)
VCA Valley Animal Medical Center,Indio,CA,92201,VCA,Mars
Banfield Walnut,Industry,CA,91789,Banfield,Mars
Banfield Arbor CLOSED,Irvine,CA,92618,Banfield,Mars
BluePearl Pet Hospital Irvine,Irvine,CA,92614,BluePearl Pet Hospital,Mars
Irvine Pet Hospital,Irvine,CA,92604,PetVet Care Centers,KKR
Pacific CARE Pet Emergency + Specialty,Irvine,CA,92614,Ethos Veterinary Health,JAB Holdings
Stonecreek Animal Hospital,Irvine,CA,92604,Thrive Pet Healthcare,TSG Consumer Partners
VCA Irvine North Park Animal Hospital,Irvine,CA,92602,VCA,Mars
VCA Irvine University Park Animal Hospital,Irvine,CA,92612,VCA,Mars
VCA PetPoint Medical Center and Resort,Irvine,CA,92614,VCA,Mars
Vetco Total Care - Irvine,Irvine,CA,92604,Vetco Total Care,Petco
Kensington Veterinary Hospital,Kensington,CA,94707,Thrive Pet Healthcare,TSG Consumer Partners
Kingsburg Veterinary Clinic,Kingsburg,CA,93631,NVA,JAB Holdings
La Jolla Veterinary Hospital,La Jolla,CA,92037,Companion Pet Partners,Cortec Group
Dermatology for Animals – San Diego,La Mesa,CA,91942,Thrive Pet Healthcare,TSG Consumer Partners
El Cerrito Veterinary Hospital,La Mesa,CA,91942,VetCor,Harvest Partners
Pet Emergency & Specialty Center-La Mesa,La Mesa,CA,91942,Thrive Pet Healthcare,TSG Consumer Partners
Rancho Village Veterinary Hospital,La Mesa,CA,91941,PetVet Care Centers,KKR
The Pet Hospital Of La Mesa,La Mesa,CA,91942,AmeriVet,AEA Investors and Abu Dhabi Investment Authority (ADIA)
VCA Grossmont Animal Hospital,La Mesa,CA,91942,VCA,Mars
Vetco Total Care - La Mesa,La Mesa,CA,91942,Vetco Total Care,Petco
VCA La Mirada Animal Hospital,La Mirada,CA,90638,VCA,Mars
VCA All Creatures Animal Hospital,La Quinta,CA,92253,VCA,Mars
VCA Village Park Animal Hospital,La Quinta,CA,92253,VCA,Mars
Banfield La Verne,La Verne,CA,91750,Banfield,Mars
Ladera Ranch Animal Hospital,Ladera Ranch,CA,92694,VetCor,Harvest Partners
Lafayette Animal Hospital,Lafayette,CA,94549,NVA,JAB Holdings
Mt. Diablo Veterinary Medical Center,Lafayette,CA,94549,NVA,JAB Holdings
Arch Beach Veterinary Clinic,Laguna Beach,CA,92651,Mission Pet Health,Silver Lake and Shore Capital Partners
Canyon Animal Hospital,Laguna Beach,CA,92651,PetVet Care Centers,KKR
Laguna Beach Animal Hospital,Laguna Beach,CA,92651,Thrive Pet Healthcare,TSG Consumer Partners
Animal Dermatology Clinic Laguna Hills,Laguna Hills,CA,92653,Animal Dermatology Clinic,Percheron Capital
Banfield Laguna Hills CLOSED,Laguna Hills,CA,92653,Banfield,Mars
North Hills Animal Hospital,Laguna Hills,CA,92653,Curo Pet Care,Privately owned corporate consolidator
Banfield Pet Hospital,Laguna Niguel,CA,92677,Banfield,Mars
Marina Hills Animal Hospital,Laguna Niguel,CA,92677,Mission Pet Health,Silver Lake and Shore Capital Partners
Monarch Veterinary Hospital,Laguna Niguel,CA,92677,Mission Pet Health,Silver Lake and Shore Capital Partners
VCA Laguna Niguel Animal Hospital,Laguna Niguel,CA,92677,VCA,Mars
Laguna Hills Animal Hospital,Laguna Woods,CA,92637,PetVet Care Centers,KKR
Banfield Mission Viejo,Lake Forest,CA,92630,Banfield,Mars
Lake Forest Animal Clinic,Lake Forest,CA,92630,Mission Pet Health,Silver Lake and Shore Capital Partners
VCA Arroyo Animal Hospital,Lake Forest,CA,92630,VCA,Mars
Banfield Lakewood,Lakewood,CA,90713,Banfield,Mars
Vetco Total Care - Lakewood,Lakewood,CA,90712,Vetco Total Care,Petco
911 Vet Care Animal Hospital,Lancaster,CA,93534,Pet Cure Inc.,Privately owned corporation
Sears Veterinary Hospital,Lancaster,CA,93534,PetVet Care Centers,KKR
Lathrop Veterinary Center,Lathrop,CA,95330,NVA,JAB Holdings
Animal Hospital of South Bay Lawndale,Lawndale,CA,90260,Mission Pet Health,Silver Lake and Shore Capital Partners
CVCA Cardiac Care for Pets,Lawndale,CA,90260,Mission Pet Health,Silver Lake and Shore Capital Partners
VCA Advanced Veterinary Care Center,Lawndale,CA,90260,VCA,Mars
San Diego Pet Hospital,Lemon Grove,CA,91945,Thrive Pet Healthcare,TSG Consumer Partners
Vetco Total Care - Lemon Grove,Lemon Grove,CA,91945,Vetco Total Care,Petco
Banfield Lincoln,Lincoln,CA,95648,Banfield,Mars
Critter Creek Veterinary Hospital,Lincoln,CA,95648,PetVet Care Centers,KKR
Sterling Pointe Veterinary Clinic,Lincoln,CA,95648,VetCor,Harvest Partners
Adobe Pet Hospital,Livermore,CA,94550,VetCor,Harvest Partners
Arroyo Veterinary Center,Livermore,CA,94551,NVA,JAB Holdings
Animal Care Hospital,Lompoc,CA,93436,NVA,JAB Holdings
Village Veterinary Clinic,Lompoc,CA,93436,Western Veterinary Partners,Tyree & D'Angelo Partners
Animal Dermatology Clinic Long Beach,Long Beach,CA,90807,Animal Dermatology Clinic,Percheron Capital
Banfield Long Beach Spring St,Long Beach,CA,90808,Banfield,Mars
Belmont Shore Veterinary Hospital,Long Beach,CA,90803,NVA,JAB Holdings
Gentle Care Pet Clinic,Long Beach,CA,90808,AmeriVet,AEA Investors and Abu Dhabi Investment Authority (ADIA)
Joyful Paws,Long Beach,CA,90813,Destination Pet,L1 Health
Long Beach Animal Emergency,Long Beach,CA,90804,Thrive Pet Healthcare,TSG Consumer Partners
Modern Animal - Long Beach,Long Beach,CA,90803,Modern Animal,"Chewy, Inc. (NYSE: CHWY)"
Promenade Veterinary Hospital,Long Beach,CA,90802,Curo Pet Care,Privately owned corporate consolidator
Spring Animal Hospital,Long Beach,CA,90815,PetVet Care Centers,KKR
VCA Los Altos Animal Hospital,Long Beach,CA,90808,VCA,Mars
VCA Loomis Basin Veterinary Clinic,Loomis,CA,95650,VCA,Mars
VCA Rossmoor-El Dorado Animal Hospital,Los Alamitos,CA,90720,VCA,Mars
Adobe Los Altos,Los Altos,CA,94022,NVA,JAB Holdings
Los Altos Veterinary Clinic,Los Altos,CA,94024,Curo Pet Care,Privately owned corporate consolidator
Ambassador Dog & Cat Hospital,Los Angeles,CA,90004,PetVet Care Centers,KKR
Banfield Eagle Rock,Los Angeles,CA,90041,Banfield,Mars
Banfield Los Angeles Midtown,Los Angeles,CA,90019,Banfield,Mars
California Animal Rehabilitation,Los Angeles,CA,90064,Ethos Veterinary Health,JAB Holdings
Casillas East Los Angeles,Los Angeles,CA,90022,Alliance Animal Health,L Catterton and LightBay Capital
Center Sinai Animal Hospital,Los Angeles,CA,90034,VetCor,Harvest Partners
Cumulus Animal Hospital,Los Angeles,CA,90016,Curo Pet Care,Privately owned corporate consolidator
Eagle Glen Veterinary Clinic,Los Angeles,CA,90041,VetCor,Harvest Partners
Eagle Rock Pet Care,Los Angeles,CA,90065,Alliance Animal Health,L Catterton and LightBay Capital
Hancock Park Veterinary Clinic,Los Angeles,CA,90036,Curo Pet Care,Privately owned corporate consolidator
K9s Only,Los Angeles,CA,90025,NVA,JAB Holdings
Los Feliz Small Animal Hospital,Los Angeles,CA,90039,Companion Pet Partners,Cortec Group
Marina Veterinary Center,Los Angeles,CA,90291,Companion Pet Partners,Cortec Group
Metropolitan Animal Specialty Hospital,Los Angeles,CA,90038,Curo Pet Care,Privately owned corporate consolidator
Modern Animal - Downtown LA,Los Angeles,CA,90015,Modern Animal,"Chewy, Inc. (NYSE: CHWY)"
Modern Animal - La Brea,Los Angeles,CA,90036,Modern Animal,"Chewy, Inc. (NYSE: CHWY)"
Modern Animal - Los Feliz,Los Angeles,CA,90027,Modern Animal,"Chewy, Inc. (NYSE: CHWY)"
Modern Animal - West Hollywood,Los Angeles,CA,90048,Modern Animal,"Chewy, Inc. (NYSE: CHWY)"
Modern Animal - West LA,Los Angeles,CA,90025,Modern Animal,"Chewy, Inc. (NYSE: CHWY)"
Mohawk Alley Animal Hospital,Los Angeles,CA,90026,PetVet Care Centers,KKR
Overland Veterinary Clinic,Los Angeles,CA,90034,NVA,JAB Holdings
Rancho Park Veterinary Clinic,Los Angeles,CA,90064,PetVet Care Centers,KKR
Shatto Veterinary Center,Los Angeles,CA,90020,PetVet Care Centers,KKR
The Melrose Vet,Los Angeles,CA,90069,Curo Pet Care,Privately owned corporate consolidator
VCA Animal Hospitals Urgent Care - Mar Vista,Los Angeles,CA,90066,VCA,Mars
VCA Animal Medical Center of Southern California,Los Angeles,CA,90064,VCA,Mars
VCA Animal Specialty & Emergency Center,Los Angeles,CA,90025,VCA,Mars
VCA Animal Specialty Group,Los Angeles,CA,90039,VCA,Mars
VCA Los Angeles Veterinary Specialists,Los Angeles,CA,90069,VCA,Mars
VCA Miller-Robertson Animal Hospital,Los Angeles,CA,90069,VCA,Mars
VCA Venture Animal Hospital,Los Angeles,CA,90034,VCA,Mars
VCA West Los Angeles Animal Hospital,Los Angeles,CA,90025,VCA,Mars
VEG ER for Pets,Los Angeles,CA,90048,VEG (Veterinary Emergency Group),D1 Capital & Fidelity
Vetco Total Care - Los Angeles,Los Angeles,CA,90028,Vetco Total Care,Petco
Washington Dog and Cat Hospital,Los Angeles,CA,90007,PetVet Care Centers,KKR
Westchester Veterinary Center & Cat Clinic KVETT,Los Angeles,CA,90045,Companion Pet Partners,Cortec Group
VCA Los Banos Animal Hospital,Los Banos,CA,93635,VCA,Mars
Adobe Animal Hospital South Bay,Los Gatos,CA,95032,NVA,JAB Holdings
Animal Dermatology Clinic Los Gatos,Los Gatos,CA,95032,Animal Dermatology Clinic,Percheron Capital
Los Gatos Dog & Cat Hospital,Los Gatos,CA,95030,Western Veterinary Partners,Tyree & D'Angelo Partners
The Whole Pet Vet Hospital & Wellness Center,Los Gatos,CA,95030,Western Veterinary Partners,Tyree & D'Angelo Partners
VCA Animal Hospital of Los Gatos,Los Gatos,CA,95030,VCA,Mars
Lynwood Dog & Cat Hospital,Lynwood,CA,90262,Alliance Animal Health,L Catterton and LightBay Capital
Madera Animal Hospital,Madera,CA,93638,AmeriVet,AEA Investors and Abu Dhabi Investment Authority (ADIA)
Madera Veterinary Center,Madera,CA,93637,VetCor,Harvest Partners
Bay Animal Hospital,Manhattan Beach,CA,90266,Western Veterinary Partners,Tyree & D'Angelo Partners
Manhattan Beach Animal Hospital,Manhattan Beach,CA,90266,VetCor,Harvest Partners
Modern Animal - Manhattan Beach,Manhattan Beach,CA,90266,Modern Animal,"Chewy, Inc. (NYSE: CHWY)"
VCA Animal Medical & Dental Group,Manhattan Beach,CA,90266,VCA,Mars
VEG Manhattan Beach,Manhattan Beach,CA,90266,VEG (Veterinary Emergency Group),D1 Capital & Fidelity
Animal Dermatology Clinic Marina del Rey,Marina del Rey,CA,90292,Animal Dermatology Clinic,Percheron Capital
Shane Veterinary Medical Center,Marina Del Rey,CA,90292,PetVet Care Centers,KKR
The Cat Hospital,Marina Del Rey,CA,90292,Curo Pet Care,Privately owned corporate consolidator
Jackson Creek Veterinary Center,Martell,CA,95642,Blue River PetCare,Partners Group
Meadow Vista Vet Clinic,Meadow Vista,CA,95722,PetVet Care Centers,KKR
Vetco Total Care - Menifee,Menifee,CA,92584,Vetco Total Care,Petco
Steinbeck Peninsula Equine Clinics - Menlo Park,Menlo Park,CA,94028,Altano Group,Ufenau Capital Partners
Merced Animal Medical Center,Merced,CA,95340,NVA,JAB Holdings
Paw Spa Full Services Pet Salon,Merced,CA,95340,NVA,JAB Holdings
Santa Fe Pet Hospital,Merced,CA,95348,PetVet Care Centers,KKR
University Pet Resort,Merced,CA,95340,NVA,JAB Holdings
Valley Animal Hospital of Merced,Merced,CA,95340,VetCor,Harvest Partners
Aggie Animal Dental Center,Mill Valley,CA,94941,Animal Outpatient Specialty Network (AOSN),Percheron Capital
VCA Tamalpais Animal Hospital,Mill Valley,CA,94941,VCA,Mars
Parktown Veterinary Clinic,Milpitas,CA,95035,Companion Pet Partners,Cortec Group
Vetco Total Care - Mira Loma,Mira Loma,CA,91752,Vetco Total Care,Petco
Animal & Bird Clinic of Mission Viejo,Mission Viejo,CA,92691,VetCor,Harvest Partners
Animal Urgent Care of South Orange County,Mission Viejo,CA,92692,Thrive Pet Healthcare,TSG Consumer Partners
VCA Olympiad Animal Hospital,Mission Viejo,CA,92692,VCA,Mars
American Pet Hospital,Modesto,CA,95355,PetVet Care Centers,KKR
Banfield Modesto,Modesto,CA,95350,Banfield,Mars
Standiford Veterinary Center,Modesto,CA,95350,United Veterinary Care,Nordic Capital
Sylvan Veterinary hospital,Modesto,CA,95357,United Veterinary Care,Nordic Capital
Veterinary Medical Associates,Modesto,CA,95350,PetVet Care Centers,KKR
Banfield Huntington,Monrovia,CA,91016,Banfield,Mars
Banfield Monrovia,Monrovia,CA,91016,Banfield,Mars
Dr. Domotor’s Animal House,Monrovia,CA,91016,AmeriVet,AEA Investors and Abu Dhabi Investment Authority (ADIA)
VCA Santa Anita Animal Hospital,Monrovia,CA,91016,VCA,Mars
Montebello Veterinary Hospital,Montebello,CA,90640,Alliance Animal Health,L Catterton and LightBay Capital
Aguajito Veterinary Hospital,Monterey,CA,93940,Companion Pet Partners,Cortec Group
BluePearl Pet Hospital Monterey,Monterey,CA,93940,BluePearl Pet Hospital,Mars
Nichols Veterinary Care,Monterey,CA,93940,Curo Pet Care,Privately owned corporate consolidator
Purrfurably Cats,Monterey,CA,93940,Western Veterinary Partners,Tyree & D'Angelo Partners
Veterinary Healthcare Center,Monterey Park,CA,91754,PetVet Care Centers,KKR
Montrose Pet Hospital,Montrose,CA,91020,VetCor,Harvest Partners
Arroyo Vista Veterinary Hospital,Moorpark,CA,93021,NVA,JAB Holdings
VCA Contra Costa Animal Hospital,Moraga,CA,94556,VCA,Mars
Sunnymead Veterinary Clinic,Moreno Valley,CA,92553,PetVet Care Centers,KKR
South County Animal Hospital,Morgan Hill,CA,95037,Suveto,Levine Leichtman Capital
Mt. Shasta Animal  Hospital,Mount Shasta,CA,96067,Blue River PetCare,Partners Group
Banfield Mountain View,Mountain View,CA,94043,Banfield,Mars
MedVet Mountain View,Mountain View,CA,94040,MedVet,Minority stake by Leonard Green & Partners
Shoreline Pet Hospital,Mountain View,CA,94043,Curo Pet Care,Privately owned corporate consolidator
Banfield Murrieta,Murrieta,CA,92562,Banfield,Mars
Meadowridge Animal Hospital,Murrieta,CA,92562,Curo Pet Care,Privately owned corporate consolidator
Murrieta Oaks Veterinary Hospital & Pet Hotel,Murrieta,CA,92562,NVA,JAB Holdings
SoCal Pet Hospital,Murrieta,CA,92562,Mission Pet Health,Silver Lake and Shore Capital Partners
VCA California Oaks Animal Hospital,Murrieta,CA,92562,VCA,Mars
VCA California Veterinary Specialists - Murrieta,Murrieta,CA,92563,VCA,Mars
Alley Cat & Dog Pet Hospital,Napa,CA,94558,VetnCare,Great Point Partners
Napa Small Animal Hospital CLOSED,Napa,CA,94558,Blue River PetCare,Partners Group
Silverado Veterinary Hospital,Napa,CA,94558,Western Veterinary Partners,Tyree & D'Angelo Partners
Vetco Total Care - National City,National City,CA,91950,Vetco Total Care,Petco
Animal Dermatology Management Group,Newport Beach,CA,92660,Animal Dermatology Clinic,Percheron Capital
Mariners Mile Pet Clinic,Newport Beach,CA,92663,Curo Pet Care,Privately owned corporate consolidator
Newport Hills Animal Hospital,Newport Beach,CA,92660,VetCor,Harvest Partners
Nipomo Dog & Cat Hospital,Nipomo,CA,93444,Blue River PetCare,Partners Group
Animal Medical Center,North Auburn,CA,95603,Blue River PetCare,Partners Group
VCA Adler Animal Hospital and Pet Resort,North Hills,CA,91343,VCA,Mars
Blue Cross Pet Hospital,North Hollywood,CA,91601,VetCor,Harvest Partners
Banfield Northridge,Northridge,CA,91324,Banfield,Mars
Northridge Animal Medical Center - Northridge,Northridge,CA,91324,Alliance Animal Health,L Catterton and LightBay Capital
Crossroads Animal Emergency - Norwalk,Norwalk,CA,90650,Thrive Pet Healthcare,TSG Consumer Partners
Bel Marin Animal Hospital,Novato,CA,94949,PetVet Care Centers,KKR
San Marin Animal Hospital,Novato,CA,94945,Western Veterinary Partners,Tyree & D'Angelo Partners
South Novato Animal Hospital,Novato,CA,94945,PetVet Care Centers,KKR
The Country Vet,Novato,CA,94945,Thrive Pet Healthcare,TSG Consumer Partners
Oakdale Veterinary Group,Oakdale,CA,95361,VetCor,Harvest Partners
Pioneer Equine Hospital,Oakdale,CA,95361,NVA,JAB Holdings
Premier Equine Center LLC,Oakdale,CA,95361,Altano Group,Ufenau Capital Partners
Dermatology for Animals - Oakland,Oakland,CA,94609,Thrive Pet Healthcare,TSG Consumer Partners
East Bay Veterinary Clinic,Oakland,CA,94610,PetVet Care Centers,KKR
Holistic Veterinary Care,Oakland,CA,94611,VetnCare,Great Point Partners
Jack London Pet Hospital,Oakland,CA,94607,Curo Pet Care,Privately owned corporate consolidator
Montclair Pet Hospital,Oakland,CA,94611,VetnCare,Great Point Partners
Radiocat,Oakland,CA,94607,PetVet Care Centers,KKR
VCA Bay Area Animal Hospital,Oakland,CA,94609,VCA,Mars
VCA Broadway Animal Hospital,Oakland,CA,94611,VCA,Mars
VCA Cypress Animal Hospital,Oakley,CA,94561,VCA,Mars
Banfield Oceanside,Oceanside,CA,92056,Banfield,Mars
Banfield Oceanside N,Oceanside,CA,92057,Banfield,Mars
Classy K-9 Clips,Oceanside,CA,92058,PetVet Care Centers,KKR
Dog Dayz of California,Oceanside,CA,92056,Destination Pet,L1 Health
Fire Mountain Veterinary Hospital,Oceanside,CA,92054,Mission Pet Health,Silver Lake and Shore Capital Partners
Oceanside Veterinary Hospital,Oceanside,CA,92058,PetVet Care Centers,KKR
Pacific Animal Hospital,Oceanside,CA,92054,Thrive Pet Healthcare,TSG Consumer Partners
Surfside Animal Hospital,Oceanside,CA,92058,PetVet Care Centers,KKR
VCA Mission Animal and Bird Hospital,Oceanside,CA,92058,VCA,Mars
VEG Oceanside,Oceanside,CA,92054,VEG (Veterinary Emergency Group),D1 Capital & Fidelity
Vetco Total Care - Oceanside,Oceanside,CA,92054,Vetco Total Care,Petco
Vetco Total Care - Oceanside,Oceanside,CA,92057,Vetco Total Care,Petco
Ojai Village Veterinary Hospital,Ojai,CA,93023,VetCor,Harvest Partners
Animal Dermatology Clinic Ontario,Ontario,CA,91761,Animal Dermatology Clinic,Percheron Capital
Banfield Ontario,Ontario,CA,91764,Banfield,Mars
Mountain Avenue Animal Hospital,Ontario,CA,91762,VetCor,Harvest Partners
VCA California Veterinary Specialists - Ontario,Ontario,CA,91761,VCA,Mars
Affordable Animal Hospital-Orange,Orange,CA,92865,Alliance Animal Health,L Catterton and LightBay Capital
Banfield Orange,Orange,CA,92865,Banfield,Mars
VCA Orange Animal Hospital,Orange,CA,92868,VCA,Mars
Vet4HealthyPet CLOSED,Orange,CA,92866,PetVet Care Centers,KKR
VCA American River Animal Hospital,Orangevale,CA,95662,VCA,Mars
Animal Dermatology Clinic,Orcutt,CA,93455,Animal Dermatology Clinic,Percheron Capital
VCA Butte-Oroville Animal Hospital,Oroville,CA,95965,VCA,Mars
Banfield Oxnard Rose,Oxnard,CA,93036,Banfield,Mars
Marina Animal Hospital,Oxnard,CA,93030,VetCor,Harvest Partners
VCA Ocean View Animal Hospital,Pacific Grove,CA,93950,VCA,Mars
Banfield Pacifica,Pacifica,CA,94044,Banfield,Mars
Coastal Cat Clinic,Pacifica,CA,94044,NVA,JAB Holdings
Linda Mar Veterinary Hospital,Pacifica,CA,94044,NVA,JAB Holdings
Banfield Palm Desert Desert Springs,Palm Desert,CA,92260,Banfield,Mars
Eye Care for Animals - Palm Desert,Palm Desert,CA,92211,Thrive Pet Healthcare,TSG Consumer Partners
Palm Desert Pet Hospital,Palm Desert,CA,92211,AmeriVet,AEA Investors and Abu Dhabi Investment Authority (ADIA)
VEG Palm Desert,Palm Desert,CA,92260,VEG (Veterinary Emergency Group),D1 Capital & Fidelity
VCA Desert Animal Hospital,Palm Springs,CA,92264,VCA,Mars
All Care Pet Clinic,Palmdale,CA,93551,PetVet Care Centers,KKR
High Desert Animal Care Hospital,Palmdale,CA,93550,Alliance Animal Health,L Catterton and LightBay Capital
Palmdale Veterinary Hospital,Palmdale,CA,93550,Pet Cure Inc.,Privately owned corporation
Pet Check Engine Animal Hospital,Palmdale,CA,93551,Pet Cure Inc.,Privately owned corporation
Animal Hospital of Palo Alto,Palo Alto,CA,94306,Companion Pet Partners,Cortec Group
Midtown Veterinary Hospital,Palo Alto,CA,94306,Companion Pet Partners,Cortec Group
Modern Animal - Palo Alto,Palo Alto,CA,94301,Modern Animal,"Chewy, Inc. (NYSE: CHWY)"
VCA Palo Alto Animal Hospital,Palo Alto,CA,94306,VCA,Mars
VEG Palo Alto,Palo Alto,CA,94306,VEG (Veterinary Emergency Group),D1 Capital & Fidelity
Panorama Pet Hospital,Panorama City,CA,91402,VetCor,Harvest Partners
Banfield Pasadena,Pasadena,CA,91107,Banfield,Mars
Eye Care for Animals - Pasadena,Pasadena,CA,91107,Thrive Pet Healthcare,TSG Consumer Partners
Modern Animal - Pasadena,Pasadena,CA,91101,Modern Animal,"Chewy, Inc. (NYSE: CHWY)"
Pasadena Pets Veterinary Hospital,Pasadena,CA,91107,VetCor,Harvest Partners
VCA A Breed Apart Animal Hospital,Pasadena,CA,91105,VCA,Mars
VCA Foothill Veterinary Hospital,Pasadena,CA,91107,VCA,Mars
Vetco Total Care - Pasadena,Pasadena,CA,91105,Vetco Total Care,Petco
North County Animal Hospital,Paso Robles,CA,93446,Thrive Pet Healthcare,TSG Consumer Partners
Paso Robles Veterinary Medical Clinic,Paso Robles,CA,93446,Companion Pet Partners,Cortec Group
Central Animal Hospital,Petaluma,CA,94952,VetCor,Harvest Partners
Petaluma Veterinary Hospital,Petaluma,CA,94952,VetCor,Harvest Partners
Vetco Total Care - Petaluma,Petaluma,CA,94954,Vetco Total Care,Petco
Washington Square Veterinary Clinic,Petaluma,CA,94952,VetCor,Harvest Partners
All Pets Medical and Surgical Center,Phillips Ranch,CA,91766,Thrive Pet Healthcare,TSG Consumer Partners
Pico Rivera Animal Hospital,Pico Rivera,CA,90660,PetVet Care Centers,KKR
Pinole Pet Hospital,Pinole,CA,94564,VetnCare,Great Point Partners
Yolinda Animal Hospital,Placentia,CA,92870,PetVet Care Centers,KKR
Modern Animal - Playa Vista,Playa Vista,CA,90094,Modern Animal,"Chewy, Inc. (NYSE: CHWY)"
Diablo View Veterinary Medical Hospital,Pleasant Hill,CA,94523,PetVet Care Centers,KKR
Sun Valley Animal Hospital,Pleasant Hill,CA,94523,VetnCare,Great Point Partners
VEG Pleasant Hill,Pleasant Hill,CA,94523,VEG (Veterinary Emergency Group),D1 Capital & Fidelity
Pleasanton Veterinary Hospital,Pleasanton,CA,94566,NVA,JAB Holdings
Town & County Veterinary Hospital,Pleasanton,CA,94566,Blue River PetCare,Partners Group
Channel Islands Veterinary Hospital,Port Hueneme,CA,93041,NVA,JAB Holdings
Vetco Total Care - Porter Ranch,Porter Ranch,CA,91326,Vetco Total Care,Petco
Village Square Veterinary Hospital,Portola Valley,CA,94028,Western Veterinary Partners,Tyree & D'Angelo Partners
Advanced Care Veterinary Hospital,Poway,CA,92064,PetVet Care Centers,KKR
Animal Emergency Clinic of San Diego,Poway,CA,92064,PetVet Care Centers,KKR
Banfield Poway,Poway,CA,92064,Banfield,Mars
Best Friends Veterinary Hospital,Poway,CA,92064,PetVet Care Centers,KKR
Midland Animal Clinic,Poway,CA,92064,NVA,JAB Holdings
Poway Animal Hospital,Poway,CA,92064,AmeriVet,AEA Investors and Abu Dhabi Investment Authority (ADIA)
Vetco Total Care - Poway,Poway,CA,92064,Vetco Total Care,Petco
VCA Adobe Animal Hospital,Ramona,CA,92065,VCA,Mars
Banfield Rancho Cordova,Rancho Cordova,CA,95670,Banfield,Mars
Livewell Animal Hospital of Rancho Cordova (coming soon),Rancho Cordova,CA,95742,Mission Pet Health,Silver Lake and Shore Capital Partners
VCA Cordova Veterinary Dentistry Center,Rancho Cordova,CA,95670,VCA,Mars
VCA Mather Animal Medical Center,Rancho Cordova,CA,95670,VCA,Mars
Alta Rancho Pet & Bird Hospital,Rancho Cucamonga,CA,91701,AmeriVet,AEA Investors and Abu Dhabi Investment Authority (ADIA)
Banfield Rancho Cucamonga,Rancho Cucamonga,CA,91730,Banfield,Mars
Baseline Animal Hospital,Rancho Cucamonga,CA,91701,Pet Cure Inc.,Privately owned corporation
Golden Oaks Veterinary Hospital,Rancho Cucamonga,CA,91730,VetCor,Harvest Partners
Rancho Regional Veterinary Hospital,Rancho Cucamonga,CA,91739,PetVet Care Centers,KKR
Terra Vista Animal Hospital,Rancho Cucamonga,CA,91730,United Veterinary Care,Nordic Capital
UrgentPaws - Rancho Cucamonga,Rancho Cucamonga,CA,91701,UrgentPaws,Undisclosed private investors
VEG ER for Pets,Rancho Cucamonga,CA,91730,VEG (Veterinary Emergency Group),D1 Capital & Fidelity
VCA Rancho Mirage Animal Hospital,Rancho Mirage,CA,92270,VCA,Mars
Murieta Pet Hospital,Rancho Murieta,CA,95683,Suveto,Levine Leichtman Capital
All Pets Veterinary Hospital,Rancho Palos Verdes,CA,90275,PetVet Care Centers,KKR
Animal Hospital of South Bay Rolling Hills,Rancho Palos Verdes,CA,90275,Mission Pet Health,Silver Lake and Shore Capital Partners
Banfield Rancho Santa Margarita,Rancho Santa Margarita,CA,92688,Banfield,Mars
VCA Santa Margarita Animal Hospital,Rancho Santa Margarita,CA,92688,VCA,Mars
Dana Park Veterinary Hospital,Redding,CA,96003,PetVet Care Centers,KKR
VCA Asher Animal Hospital,Redding,CA,96002,VCA,Mars
VCA Care Animal Hospital,Redding,CA,96003,VCA,Mars
VCA Companion Animal Hospital,Redding,CA,96001,VCA,Mars
Westside Pet Hospital,Redding,CA,96001,NVA,JAB Holdings
East Valley Pet Hospital,Redlands,CA,92374,NVA,JAB Holdings
Pet Hospital of Redlands + Urgent Care,Redlands,CA,92374,Veterinary Innovative Partners,Health Enterprise Partners
Vetco Total Care - Redlands,Redlands,CA,92374,Vetco Total Care,Petco
Veterinary Emergency Center of Redlands,Redlands,CA,92373,Veterinary Innovative Partners,Health Enterprise Partners
Animal Hospital of Redondo Beach,Redondo Beach,CA,90277,PetVet Care Centers,KKR
Family Pet Clinic of Redondo Beach,Redondo Beach,CA,90278,VetCor,Harvest Partners
P.V. Village Pet Hospital,Redondo Beach,CA,90277,Thrive Pet Healthcare,TSG Consumer Partners
Pacific Animal Hospital,Redondo Beach,CA,90277,Western Veterinary Partners,Tyree & D'Angelo Partners
Pacific Coast Animal Hospital,Redondo Beach,CA,90277,Curo Pet Care,Privately owned corporate consolidator
Redondo Shores Veterinary Center,Redondo Beach,CA,90277,VetCor,Harvest Partners
Redwood Animal Hospital,Redondo Beach,CA,90278,Mission Pet Health,Silver Lake and Shore Capital Partners
Animal Dental Clinic,Redwood City,CA,94063,Ethos Veterinary Health,JAB Holdings
Bayhill Equine,Redwood City,CA,94061,NVA,JAB Holdings
SAGE – Redwood City,Redwood City,CA,94063,Ethos Veterinary Health,JAB Holdings
Veterinary Vision Animal Eye Specialists – Redwood City,Redwood City,CA,94063,NVA,JAB Holdings
Village Square Woodside Veterinary Hospital,Redwood City,CA,94061,Western Veterinary Partners,Tyree & D'Angelo Partners
Whipple Avenue Pet Hospital,Redwood City,CA,94063,Curo Pet Care,Privately owned corporate consolidator
Pet Cure Veterinary Center,Reseda,CA,91335,Pet Cure Inc.,Privately owned corporation
VCA McClave Animal Hospital,Reseda,CA,91335,VCA,Mars
VCA Crestwood Animal Hospital,Ridgecrest,CA,93555,VCA,Mars
River Oak Veterinary Hospital,Riverbank,CA,95367,PetVet Care Centers,KKR
Vetco Total Care - Riverbank,Riverbank,CA,95367,Vetco Total Care,Petco
Banfield Riverside,Riverside,CA,92507,Banfield,Mars
Lincoln Plaza Veterinary Clinic,Riverside,CA,92503,Mission Pet Health,Silver Lake and Shore Capital Partners
Riverside Animal Hospital,Riverside,CA,92506,PetVet Care Centers,KKR
Vetco Total Care - Riverside,Riverside,CA,92503,Vetco Total Care,Petco
Vetco Total Care - Riverside,Riverside,CA,92508,Vetco Total Care,Petco
Victoria Animal Hospital,Riverside,CA,92506,AmeriVet,AEA Investors and Abu Dhabi Investment Authority (ADIA)
Cats Only Veterinary Hospital,Rocklin,CA,95765,AmeriVet,AEA Investors and Abu Dhabi Investment Authority (ADIA)
Rocklin Road Animal Hospital,Rocklin,CA,95677,PetVet Care Centers,KKR
VCA Animal Care Center of Sonoma County,Rohnert Park,CA,94928,VCA,Mars
VCA North Park Animal Hospital,Rohnert Park,CA,94928,VCA,Mars
BARC (Beach Animal Rehabilitation Center),Rolling Hills Estates,CA,90274,Curo Pet Care,Privately owned corporate consolidator
Southern Kern Veterinary Clinic,Rosamond,CA,93560,InspireVet,Public IPO IVPR
Arbor View Veterinary Clinic,Roseville,CA,95747,NVA,JAB Holdings
Banfield Roseville,Roseville,CA,95678,Banfield,Mars
Banfield Roseville N,Roseville,CA,95678,Banfield,Mars
Bird & Pet Clinic of Roseville,Roseville,CA,95747,Blue River PetCare,Partners Group
Douglas Boulevard Veterinary Clinic,Roseville,CA,95661,VetCor,Harvest Partners
Livewell Animal Hospital of Roseville,Roseville,CA,95678,Mission Pet Health,Silver Lake and Shore Capital Partners
PetCare Veterinary Clinic,Roseville,CA,95678,Veterinary Practice Partners,Audax Private Equity
VEG ER for Pets,Roseville,CA,95678,VEG (Veterinary Emergency Group),D1 Capital & Fidelity
Veterinary Specialty Hospital – Roseville (VSH-Roseville),Roseville,CA,95661,Ethos Veterinary Health,JAB Holdings
Banfield Sacramento C,Sacramento,CA,95825,Banfield,Mars
Banfield Sacramento Crocker Village,Sacramento,CA,95818,Banfield,Mars
Banfield Sacramento N,Sacramento,CA,95834,Banfield,Mars
Banfield Sacramento S,Sacramento,CA,95823,Banfield,Mars
Broadway Veterinary Hospital,Sacramento,CA,95818,Suveto,Suveto
Campus Commons Pet Hospital,Sacramento,CA,95825,VetnCare,Great Point Partners
Foothill Farms Veterinary Hospital,Sacramento,CA,95841,Western Veterinary Partners,Tyree & D'Angelo Partners
Midtown Animal Hospital,Sacramento,CA,95811,Mission Pet Health,Silver Lake and Shore Capital Partners
South Sacramento Pet Hospital,Sacramento,CA,95824,PetVet Care Centers,KKR
VCA All Our Pets Animal Hospital,Sacramento,CA,95819,VCA,Mars
VCA Country Oaks Animal Hospital,Sacramento,CA,95864,VCA,Mars
VCA Greenhaven Pocket Animal Hospital,Sacramento,CA,95831,VCA,Mars
VCA La Riviera Animal Medical Center,Sacramento,CA,95826,VCA,Mars
VCA Mueller Pet Medical Center,Sacramento,CA,95832,VCA,Mars
VCA Natomas Animal Medical Center,Sacramento,CA,95834,VCA,Mars
VCA Sacramento Veterinary Referral Center,Sacramento,CA,95827,VCA,Mars
Veterinary Medical Center,Sacramento,CA,95835,PetVet Care Centers,KKR
Vista Veterinary Specialists,Sacramento,CA,95828,Ethos Veterinary Health,JAB Holdings
Banfield Harden Ranch,Salinas,CA,93906,Banfield,Mars
Romie Lane Pet Hospital,Salinas,CA,93901,VetnCare,Great Point Partners
Steinbeck Country Small Animal Clinic,Salinas,CA,93908,Altano Group,Ufenau Capital Partners
Steinbeck Peninsula Equine Clinics - Salinas,Salinas,CA,93908,Altano Group,Ufenau Capital Partners
Toro Park Animal Hospital,Salinas,CA,93908,Veterinary Practice Partners,Audax Private Equity
VCA All Pets Animal Hospital Salinas,Salinas,CA,93905,VCA,Mars
Advanced Pet Care,San Bernardino,CA,92408,AmeriVet,AEA Investors and Abu Dhabi Investment Authority (ADIA)
Banfield San Bernardino,San Bernardino,CA,92408,Banfield,Mars
Loma Linda Animal Hospital,San Bernardino,CA,92408,Pet Cure Inc.,Privately owned corporation
VCA Northside Animal Hospital,San Bernardino,CA,92407,VCA,Mars
VCA San Carlos Animal Hospital,San Carlos,CA,94070,VCA,Mars
Pico Veterinary Hospital of San Clemente,San Clemente,CA,92672,United Veterinary Care,Nordic Capital
San Clemente Veterinary Hospital,San Clemente,CA,92672,VetCor,Harvest Partners
Talega Animal Hospital,San Clemente,CA,92673,Curo Pet Care,Privately owned corporate consolidator
American Animal Hospital,San Diego,CA,92126,AmeriVet,AEA Investors and Abu Dhabi Investment Authority (ADIA)
Amici Pet Hospital,San Diego,CA,92101,VetCor,Harvest Partners
Animal Dermatology Clinic San Diego,San Diego,CA,92111,Animal Dermatology Clinic,Percheron Capital
B Street Veterinary Hospital,San Diego,CA,92102,Mission Pet Health,Silver Lake and Shore Capital Partners
Balboa Veterinary Hospital,San Diego,CA,92111,VetCor,Harvest Partners
Banfield Marina District CLOSED,San Diego,CA,92101,Banfield,Mars
Banfield Mission Gorge,San Diego,CA,92120,Banfield,Mars
Banfield Pacific Beach,San Diego,CA,92109,Banfield,Mars
Banfield Point Loma,San Diego,CA,92110,Banfield,Mars
Banfield San Diego,San Diego,CA,92123,Banfield,Mars
Banfield San Diego Campus Plaza,San Diego,CA,92115,Banfield,Mars
Banfield San Diego Hillcrest,San Diego,CA,92103,Banfield,Mars
Bodhi Animal Hospital,San Diego,CA,92104,Thrive Pet Healthcare,TSG Consumer Partners
Cabrillo Pet Hospital,San Diego,CA,92107,AmeriVet,AEA Investors and Abu Dhabi Investment Authority (ADIA)
Carmel Mountain Ranch Veterinary Hospital,San Diego,CA,92128,VetCor,Harvest Partners
Center Veterinary Clinic,San Diego,CA,92126,Companion Pet Partners,Cortec Group
CoastView Veterinary Hospital,San Diego,CA,92117,Companion Pet Partners,Cortec Group
College Animal Hospital,San Diego,CA,92115,PetVet Care Centers,KKR
Dr. Boyd's Pet Resort - San Diego,San Diego,CA,92110,Thrive Pet Healthcare,TSG Consumer Partners
Eye Care for Animals - San Diego,San Diego,CA,92111,Thrive Pet Healthcare,TSG Consumer Partners
Governor Animal Clinic,San Diego,CA,92122,Western Veterinary Partners,Tyree & D'Angelo Partners
Kearny Mesa Veterinary Center,San Diego,CA,92111,PetVet Care Centers,KKR
Lifetime Animal Care Center,San Diego,CA,92117,NVA,JAB Holdings
Livewell Animal Hospital of Downtown San Diego (coming soon),San Diego,CA,92101,Mission Pet Health,Silver Lake and Shore Capital Partners
Livewell Animal Urgent Care of Point Loma (coming soon),San Diego,CA,92110,Mission Pet Health,Silver Lake and Shore Capital Partners
Mission Valley Pet Clinic,San Diego,CA,92120,AmeriVet,AEA Investors and Abu Dhabi Investment Authority (ADIA)
San Diego Bay Animal Hospital,San Diego,CA,92110,PetVet Care Centers,KKR
Shelter Island Veterinary Hospital,San Diego,CA,92110,Destination Pet,L1 Health
TEMPORARILY CLOSED - VCA Animal Hospitals Urgent Care - Mira Mesa,San Diego,CA,92121,VCA,Mars
The Pet Hospital Of Tierrasanta,San Diego,CA,92124,AmeriVet,AEA Investors and Abu Dhabi Investment Authority (ADIA)
VCA 4 Paws Animal Hospital,San Diego,CA,92127,VCA,Mars
VCA Animal Specialty Group,San Diego,CA,92111,VCA,Mars
VCA Bay Park Animal Hospital,San Diego,CA,92110,VCA,Mars
VCA Emergency Animal Hospital & Referral Center,San Diego,CA,92108,VCA,Mars
VCA Hillcrest Animal Hospital,San Diego,CA,92103,VCA,Mars
VCA Main Street Animal Hospital,San Diego,CA,92113,VCA,Mars
VCA Market Street Animal Hospital,San Diego,CA,92101,VCA,Mars
VCA Pacific Petcare Animal Hospital,San Diego,CA,92130,VCA,Mars
VCA Peninsula Animal Hospital,San Diego,CA,92107,VCA,Mars
VEG San Diego,San Diego,CA,92108,VEG (Veterinary Emergency Group),D1 Capital & Fidelity
Vetco Total Care - San Diego,San Diego,CA,92120,Vetco Total Care,Petco
Vetco Total Care - San Diego,San Diego,CA,92128,Vetco Total Care,Petco
Vetco Total Care - San Diego,San Diego,CA,92110,Vetco Total Care,Petco
Vetco Total Care - San Diego,San Diego,CA,92126,Vetco Total Care,Petco
Veterinary Specialty Hospital – Sorrento Valley (VSH – Sorrento Valley),San Diego,CA,92121,Ethos Veterinary Health,JAB Holdings
Lone Hill Veterinary Center,San Dimas,CA,91773,United Veterinary Care,Nordic Capital
Animal Farm Pet Hospital (temporarily closed),San Francisco,CA,94112,United Veterinary Care,Nordic Capital
Balboa Pet Hospital,San Francisco,CA,94121,Blue River PetCare,Partners Group
Banfield Marina,San Francisco,CA,94123,Banfield,Mars
Dr. Treat - San Francisco,San Francisco,CA,94123,Mission Pet Health,Silver Lake and Shore Capital Partners
Especially Cats Veterinary Hospital,San Francisco,CA,94116,Thrive Pet Healthcare,TSG Consumer Partners
Modern Animal - NoPa,San Francisco,CA,94117,Modern Animal,"Chewy, Inc. (NYSE: CHWY)"
Modern Animal - Russian Hill,San Francisco,CA,94109,Modern Animal,"Chewy, Inc. (NYSE: CHWY)"
Park Animal Hospital,San Francisco,CA,94122,Thrive Pet Healthcare,TSG Consumer Partners
Polk Street Animal Hospital,San Francisco,CA,94109,VetCor,Harvest Partners
Presidio Way Pet Hospital,San Francisco,CA,94118,VetnCare,Great Point Partners
SAGE – San Francisco,San Francisco,CA,94110,Ethos Veterinary Health,JAB Holdings
San Francisco Animal Medical Center (AMC),San Francisco,CA,94115,Curo Pet Care,Privately owned corporate consolidator
San Francisco Pet Hospital,San Francisco,CA,94117,Curo Pet Care,Privately owned corporate consolidator
Seven Hills Veterinary Hospital,San Francisco,CA,94131,United Veterinary Care,Nordic Capital
SoMa Animal Hospital,San Francisco,CA,94158,Curo Pet Care,Privately owned corporate consolidator
The Castro Animal Hospital,San Francisco,CA,94114,VetCor,Harvest Partners
Veterinary Vision Animal Eye Specialists – San Francisco,San Francisco,CA,94116,NVA,JAB Holdings
Temple City Animal Hospital,San Gabriel,CA,91776,PetVet Care Centers,KKR
Banfield San Jose Brokaw,San Jose,CA,95131,Banfield,Mars
Banfield San Jose Downtown,San Jose,CA,95110,Banfield,Mars
Banfield San Jose Meridian,San Jose,CA,95124,Banfield,Mars
Banfield San Jose Silver Creek,San Jose,CA,95121,Banfield,Mars
Banfield San Jose-Almaden,San Jose,CA,95118,Banfield,Mars
Bloom Plaza Animal Hospital,San Jose,CA,95123,PetVet Care Centers,KKR
Burbank Pet Hospital,San Jose,CA,95128,PetVet Care Centers,KKR
Camden Pet Hospital,San Jose,CA,95124,VetCor,Harvest Partners
Canyon Creek Pet Hospital,San Jose,CA,95138,Thrive Pet Healthcare,TSG Consumer Partners
Evergreen Veterinary Clinic,San Jose,CA,95121,NVA,JAB Holdings
GoodVets Campbell,San Jose,CA,95124,GoodVets,General Atlantic
MedVet Silicon Valley,San Jose,CA,95139,MedVet,Minority stake by Leonard Green & Partners
Oakridge Veterinary Clinic,San Jose,CA,95123,VetCor,Harvest Partners
Princeton Veterinary Clinic,San Jose,CA,95118,VetCor,Harvest Partners
San Jose Animal Hospital,San Jose,CA,95133,Thrive Pet Healthcare,TSG Consumer Partners
VCA Almaden Valley Animal Hospital,San Jose,CA,95120,VCA,Mars
VCA Blossom Hill Animal Hospital,San Jose,CA,95123,VCA,Mars
VCA Crocker Animal Hospital,San Jose,CA,95133,VCA,Mars
VCA Orchard Plaza Animal Hospital,San Jose,CA,95123,VCA,Mars
VCA Pinnacle Animal Hospital,San Jose,CA,95118,VCA,Mars
VEG San Jose,San Jose,CA,95131,VEG (Veterinary Emergency Group),D1 Capital & Fidelity
Vetco Total Care - San Jose,San Jose,CA,95122,Vetco Total Care,Petco
Vetco Total Care - San Jose,San Jose,CA,95123,Vetco Total Care,Petco
CVCA Cardiac Care for Pets - San Juan Capistrano,San Juan Capistrano,CA,92675,Mission Pet Health,Silver Lake and Shore Capital Partners
Ortega Animal Care Center,San Juan Capistrano,CA,92675,Destination Pet,L1 Health
Veterinary Medical & Surgical Group – Orange County,San Juan Capistrano,CA,92675,PetVet Care Centers,KKR
Banfield San Leandro,San Leandro,CA,94578,Banfield,Mars
Good Samaritan Veterinary Hospital,San Leandro,CA,94578,VetCor,Harvest Partners
VCA Lewelling Animal Hospital,San Leandro,CA,94579,VCA,Mars
Washington Avenue Veterinary Emergency & Specialty Hospital (WAVES),San Leandro,CA,94578,Curo Pet Care,Privately owned corporate consolidator
Mission Animal Hospital,San Luis Obispo,CA,93401,Thrive Pet Healthcare,TSG Consumer Partners
ABC Veterinary Hospital,San Marcos,CA,92069,NVA,JAB Holdings
Dentistry and Oral Surgery for Animals San Marcos,San Marcos,CA,92078,Thrive Pet Healthcare,TSG Consumer Partners
Dermatology for Animals San Marcos,San Marcos,CA,92078,Thrive Pet Healthcare,TSG Consumer Partners
East & West Animal Hospital,San Marcos,CA,92078,Alliance Animal Health,L Catterton and LightBay Capital
Eye Care for Animals San Marcos,San Marcos,CA,92078,Thrive Pet Healthcare,TSG Consumer Partners
Vetco Total Care - San Marcos,San Marcos,CA,92078,Vetco Total Care,Petco
Veterinary Specialty Hospital – North County (VSH – North County),San Marcos,CA,92069,Ethos Veterinary Health,JAB Holdings
VCA San Martin Animal Hospital,San Martin,CA,95046,VCA,Mars
Banfield San Mateo,San Mateo,CA,94403,Banfield,Mars
Crystal Springs Pet Hospital,San Mateo,CA,94402,United Veterinary Care,Nordic Capital
North Peninsula Veterinary Emergency Clinic,San Mateo,CA,94401,United Veterinary Care,Nordic Capital
Radiocat,San Mateo,CA,94401,PetVet Care Centers,KKR
South Hillsdale Animal Hospital,San Mateo,CA,94403,PetVet Care Centers,KKR
VCA San Mateo Animal Hospital,San Mateo,CA,94403,VCA,Mars
VCA Animal Care Clinic,San Pablo,CA,94803,VCA,Mars
Banfield San Pedro-PAD,San Pedro,CA,90732,Banfield,Mars
South Shores Pet Clinic,San Pedro,CA,90732,Western Veterinary Partners,Tyree & D'Angelo Partners
Vetco Total Care - San Pedro,San Pedro,CA,90732,Vetco Total Care,Petco
Animal Medical Center San Rafael,San Rafael,CA,94903,AmeriVet,AEA Investors and Abu Dhabi Investment Authority (ADIA)
East San Rafael Veterinary Clinic,San Rafael,CA,94901,Thrive Pet Healthcare,TSG Consumer Partners
Golden Gate Veterinary Specialists,San Rafael,CA,94903,Animal Outpatient Specialty Network (AOSN),Percheron Capital
Marin Pet Hospital,San Rafael,CA,94901,VetCor,Harvest Partners
Pet Emergency & Specialty Center of Marin,San Rafael,CA,94903,Veritas Veterinary Partners,Percheron Capital
VCA Animal Wellness Center of Marin,San Rafael,CA,94901,VCA,Mars
Gateway Pet Hospital,San Ramon,CA,94583,VetCor,Harvest Partners
VEG San Ramon,San Ramon,CA,94583,VEG (Veterinary Emergency Group),D1 Capital & Fidelity
Banfield Sand City,Sand City,CA,93955,Banfield,Mars
Alton Main Animal Hospital,Santa Ana,CA,92707,United Veterinary Care,Nordic Capital
Banfield Santa Ana,Santa Ana,CA,92705,Banfield,Mars
Vetco Total Care - Santa Ana,Santa Ana,CA,92704,Vetco Total Care,Petco
Advanced Veterinary Specialists,Santa Barbara,CA,93101,Ethos Veterinary Health,JAB Holdings
Animal Dermatology Clinic Santa Barbara,Santa Barbara,CA,93105,Animal Dermatology Clinic,Percheron Capital
Montecito Pet Hospital,Santa Barbara,CA,93108,PetVet Care Centers,KKR
San Roque Pet Hospital,Santa Barbara,CA,93105,PetVet Care Centers,KKR
VCA Care Specialty and Emergency Animal Hospital,Santa Barbara,CA,93101,VCA,Mars
White's Pet Hospital,Santa Barbara,CA,93103,NVA,JAB Holdings
GoodVets Santa Clara,Santa Clara,CA,95051,GoodVets,General Atlantic
Santa Clara Pet Hospital,Santa Clara,CA,95051,NVA,JAB Holdings
VCA Lawrence Animal Hospital,Santa Clara,CA,95051,VCA,Mars
VCA Vets & Pets Animal Hospital,Santa Clara,CA,95051,VCA,Mars
Banfield Santa Clarita,Santa Clarita,CA,91350,Banfield,Mars
Happy Pets Veterinary Center,Santa Clarita,CA,91350,Curo Pet Care,Privately owned corporate consolidator
Pinnacle Veterinary Center,Santa Clarita,CA,91350,VetCor,Harvest Partners
Sweetwater Veterinary Clinic,Santa Clarita,CA,91390,PetVet Care Centers,KKR
Valencia Veterinary Center,Santa Clarita,CA,91354,PetVet Care Centers,KKR
VEG Santa Clarita,Santa Clarita,CA,91381,VEG (Veterinary Emergency Group),D1 Capital & Fidelity
Adobe Animal Hospital of Soquel,Santa Cruz,CA,95065,Western Veterinary Partners,Tyree & D'Angelo Partners
Animal Hospital of Soquel,Santa Cruz,CA,95062,Companion Pet Partners,Cortec Group
Banfield Santa Cruz,Santa Cruz,CA,95060,Banfield,Mars
Chanticleer Veterinary Hospital,Santa Cruz,CA,95065,Blue River PetCare,Partners Group
Pacific & Santa Cruz Veterinary Specialists,Santa Cruz,CA,95065,PetVet Care Centers,KKR
VCA Animal Hospital of Santa Cruz,Santa Cruz,CA,95060,VCA,Mars
Animal Clinic of Santa Maria,Santa Maria,CA,93455,Blue River PetCare,Partners Group
Modern Animal - Santa Monica,Santa Monica,CA,90404,Modern Animal,"Chewy, Inc. (NYSE: CHWY)"
Rover Kennels Santa Monica,Santa Monica,CA,90405,Destination Pet,L1 Health
Santa Monica Veterinary Group,Santa Monica,CA,90404,Western Veterinary Partners,Tyree & D'Angelo Partners
VCA Santa Monica Dog and Cat Hospital,Santa Monica,CA,90404,VCA,Mars
VCA Santa Monica Main Street Animal Hospital,Santa Monica,CA,90405,VCA,Mars
VCA Wilshire Animal Hospital,Santa Monica,CA,90403,VCA,Mars
VEG Santa Monica,Santa Monica,CA,90403,VEG (Veterinary Emergency Group),D1 Capital & Fidelity
Ohana Pet Hospital of Santa Paula,Santa Paula,CA,93060,Western Veterinary Partners,Tyree & D'Angelo Partners
Banfield Santa Rosa Southside,Santa Rosa,CA,95407,Banfield,Mars
Eye Care for Animals - Santa Rosa,Santa Rosa,CA,95403,Thrive Pet Healthcare,TSG Consumer Partners
Montecito Veterinary Center,Santa Rosa,CA,95409,PetVet Care Centers,KKR
Santa Rosa Veterinary Hospital,Santa Rosa,CA,95404,Western Veterinary Partners,Tyree & D'Angelo Partners
VCA Devotion Animal Hospital,Santa Rosa,CA,95401,VCA,Mars
VCA PetCare East Veterinary Hospital,Santa Rosa,CA,95403,VCA,Mars
VCA PetCare West Veterinary Hospital,Santa Rosa,CA,95401,VCA,Mars
VCA Sequoia Valley Animal Hospital,Santa Rosa,CA,95407,VCA,Mars
VCA Westside Animal Hospital,Santa Rosa,CA,95407,VCA,Mars
VCA Windsor Animal Hospital,Santa Rosa,CA,95403,VCA,Mars
Vetco Total Care - Santa Rosa,Santa Rosa,CA,95407,Vetco Total Care,Petco
Banfield Santee,Santee,CA,92071,Banfield,Mars
Jamacha Pet Vets,Santee,CA,92071,Western Veterinary Partners,Tyree & D'Angelo Partners
Vetco Total Care - Santee,Santee,CA,92071,Vetco Total Care,Petco
Vetco Total Care - Saugus,Saugus,CA,91350,Vetco Total Care,Petco
Animal Dermatology Clinic,Scotts Valley,CA,95066,Animal Dermatology Clinic,Percheron Capital
Banfield Seal Beach,Seal Beach,CA,90740,Banfield,Mars
Ocean Veterinary Hospital,Seal Beach,CA,90740,Mission Pet Health,Silver Lake and Shore Capital Partners
Seal Beach Animal Hospital,Seal Beach,CA,90740,Destination Pet,L1 Health
Animal Hospital of Sebastopol,Sebastopol,CA,95472,Western Veterinary Partners,Tyree & D'Angelo Partners
VCA Forestville Animal Hospital,Sebastopol,CA,95472,VCA,Mars
The Pet Doctors of Sherman Oaks,Sherman Oaks,CA,91423,VetCor,Harvest Partners
Von Bluecher Blea & Hunkin Inc. CLOSED,Sierra Madre,CA,91024,PetVet Care Centers,KKR
Banfield Signal Hill,Signal Hill,CA,90755,Banfield,Mars
Vetco Total Care - Signal Hill,Signal Hill,CA,90755,Vetco Total Care,Petco
Dr. Ron’s Animal Hospital,Simi Valley,CA,93065,Blue River PetCare,Partners Group
Park Animal Hospital,Simi Valley,CA,93063,PetVet Care Centers,KKR
Academy Animal Hospital,Solana Beach,CA,92075,AmeriVet,AEA Investors and Abu Dhabi Investment Authority (ADIA)
Banfield Solana Beach CLOSED,Solana Beach,CA,92075,Banfield,Mars
Mono Way Veterinary Hospital,Sonora,CA,95370,PetVet Care Centers,KKR
VCA TLC Pasadena Veterinary Specialty and Emergency,South Pasadena,CA,91030,VCA,Mars
Banfield Stockton,Stockton,CA,95219,Banfield,Mars
Bear Creek Veterinary Hospital,Stockton,CA,95209,PetVet Care Centers,KKR
Geisert Animal Hospital,Stockton,CA,95206,AmeriVet,AEA Investors and Abu Dhabi Investment Authority (ADIA)
Hardin Animal Hospital,Stockton,CA,95203,AmeriVet,AEA Investors and Abu Dhabi Investment Authority (ADIA)
Sierra Veterinary Hospital,Stockton,CA,95210,Blue River PetCare,Partners Group
Venetian Pet Hospital,Stockton,CA,95207,Suveto,Levine Leichtman Capital
Animal Dermatology Clinic Studio City,Studio City,CA,91604,Animal Dermatology Clinic,Percheron Capital
BluePearl Pet Hospital - Los Angeles,Studio City,CA,91604,BluePearl Pet Hospital,Mars
Modern Animal - Studio City,Studio City,CA,91604,Modern Animal,"Chewy, Inc. (NYSE: CHWY)"
Animal Dermatology Clinic Redondo Beach,Suite 108,CA,90277,Animal Dermatology Clinic,Percheron Capital
Animal Dermatology Clinic Pasadena,Suite 400,CA,91107,Animal Dermatology Clinic,Percheron Capital
Animal Dermatology Clinic Sacramento,Suite 830,CA,95831,Animal Dermatology Clinic,Percheron Capital
Animal Dermatology Clinic Rocklin,Suite B,CA,95677,Animal Dermatology Clinic,Percheron Capital
Animal Dermatology Clinic Palm Desert,Suite D,CA,92211,Animal Dermatology Clinic,Percheron Capital
Animal Dermatology Clinic Murrieta,Suite E,CA,92563,Animal Dermatology Clinic,Percheron Capital
Shadow Hills Pet Clinic,Sun Valley,CA,91352,AmeriVet,AEA Investors and Abu Dhabi Investment Authority (ADIA)
Murphy Pet Hospital,Sunnyvale,CA,94086,Curo Pet Care,Privately owned corporate consolidator
Pet's Friend Animal Clinic,Sunnyvale,CA,94086,NVA,JAB Holdings
Sunnyvale Cat Clinic,Sunnyvale,CA,94087,VetCor,Harvest Partners
Sunnyvale Veterinary Clinic,Sunnyvale,CA,94087,VetCor,Harvest Partners
Animal Dermatology Clinic,Tarzana,CA,91356,Animal Dermatology Clinic,Percheron Capital
Tarzana Pet Clinic,Tarzana,CA,91356,AmeriVet,AEA Investors and Abu Dhabi Investment Authority (ADIA)
Tehachapi Veterinary Hospital,Tehachapi,CA,93561,Thrive Pet Healthcare,TSG Consumer Partners
Banfield Temecula,Temecula,CA,92592,Banfield,Mars
Banfield Temecula Town Center,Temecula,CA,92591,Banfield,Mars
Butterfield Animal Hospital,Temecula,CA,92592,NVA,JAB Holdings
South Temecula Veterinary Hospital,Temecula,CA,92592,NVA,JAB Holdings
VCA El Rancho Animal Hospital,Temecula,CA,92590,VCA,Mars
VCA Pet Medical Center,Temecula,CA,92591,VCA,Mars
Vetco Total Care - Temecula,Temecula,CA,92591,Vetco Total Care,Petco
VCA Community Companion Animal Hospital,Temple City,CA,91780,VCA,Mars
Las Tablas Animal Hospital,Templeton,CA,93465,Mission Pet Health,Silver Lake and Shore Capital Partners
Main Street Small Animal Hospital,Templeton,CA,93465,United Veterinary Care,Nordic Capital
Banfield Thousand Oaks - Park Oaks,Thousand Oaks,CA,91360,Banfield,Mars
Caring Hands Veterinary Hospital,Thousand Oaks,CA,91360,Thrive Pet Healthcare,TSG Consumer Partners
Conejo Valley Veterinary Hospital,Thousand Oaks,CA,91361,NVA,JAB Holdings
UrgentPaws - Thousand Oaks,Thousand Oaks,CA,91320,UrgentPaws,Undisclosed private investors
VCA Camino Animal Hospital,Thousand Oaks,CA,91360,VCA,Mars
Veterinary Specialty and Emergency Center of Thousand Oaks,Thousand Oaks,CA,91360,PetVet Care Centers,KKR
ACCESS Specialty Animal Hospitals - South Bay,Torrance,CA,90504,Thrive Pet Healthcare,TSG Consumer Partners
Banfield Torrance,Torrance,CA,90505,Banfield,Mars
Bay Cities Pet Hospital,Torrance,CA,90503,Thrive Pet Healthcare,TSG Consumer Partners
Eye Care for Animals - Torrance,Torrance,CA,90504,Thrive Pet Healthcare,TSG Consumer Partners
Harbor Animal Hospital,Torrance,CA,90501,PetVet Care Centers,KKR
Plaza Del Amo Animal Hospital & Pet Keeper,Torrance,CA,90505,NVA,JAB Holdings
Thrive Pet Healthcare Urgent Care Torrance CLOSED,Torrance,CA,90505,Thrive Pet Healthcare,TSG Consumer Partners
Torrance Companion Animal Hospital,Torrance,CA,90502,PetVet Care Centers,KKR
VCA Clarmar Animal Hospital,Torrance,CA,90504,VCA,Mars
VCA Pacific Veterinary Center,Torrance,CA,90505,VCA,Mars
VEG Torrance,Torrance,CA,90505,VEG (Veterinary Emergency Group),D1 Capital & Fidelity
Vetco Total Care - Torrance,Torrance,CA,90505,Vetco Total Care,Petco
Veterinary Cancer Group South Bay,Torrance,CA,90504,Thrive Pet Healthcare,TSG Consumer Partners
Banfield Tracy,Tracy,CA,95304,Banfield,Mars
Jules Veterinary Center,Tracy,CA,95376,NVA,JAB Holdings
Paws & Claws Veterinary Hospital,Tracy,CA,95376,PetVet Care Centers,KKR
Tracy Veterinary Clinic - CLOSED,Tracy,CA,95376,NVA,JAB Holdings
VCA Old River Animal Hospital,Tracy,CA,95376,VCA,Mars
Doctors Office for Pets,Truckee,CA,96161,Western Veterinary Partners,Tyree & D'Angelo Partners
Sierra Pet Clinic,Truckee,CA,96161,VetCor,Harvest Partners
Community Veterinary Clinic,Turlock,CA,95380,PetVet Care Centers,KKR
Monte Vista Small Animal Hospital,Turlock,CA,95382,PetVet Care Centers,KKR
Taylor Veterinary Emergency,Turlock,CA,95382,PetVet Care Centers,KKR
Vetco Total Care - Turlock,Turlock,CA,95380,Vetco Total Care,Petco
Animal Dental Services,Tustin,CA,92780,Thrive Pet Healthcare,TSG Consumer Partners
Animal Dermatology Clinic Tustin,Tustin,CA,92780,Animal Dermatology Clinic,Percheron Capital
AVSG Internal Medicine Emergency & Critical Care,Tustin,CA,92780,Veritas Veterinary Partners,Percheron Capital
Banfield Tustin,Tustin,CA,92782,Banfield,Mars
Banfield Tustin Market Place,Tustin,CA,92782,Banfield,Mars
CLOSED - VCA Animal Hospitals Urgent Care - Tustin,Tustin,CA,92780,VCA,Mars
Eye Care for Animals Tustin,Tustin,CA,92780,Thrive Pet Healthcare,TSG Consumer Partners
Tustana Animal Hospital,Tustin,CA,92780,VetCor,Harvest Partners
VCA Orange County Veterinary Specialists,Tustin,CA,92780,VCA,Mars
VCA Tustin Animal Hospital,Tustin,CA,92780,VCA,Mars
Veterinary Cancer Group OC,Tustin,CA,92780,Thrive Pet Healthcare,TSG Consumer Partners
Veterinary Surgical Specialists of Orange County,Tustin,CA,92780,Veritas Veterinary Partners,Percheron Capital
Yokayo Veterinary Center,Ukiah,CA,95482,NVA,JAB Holdings
VCA All About Pets Animal Hospital,Union City,CA,94587,VCA,Mars
Banfield Upland,Upland,CA,91784,Banfield,Mars
Banfield Upland Town Square,Upland,CA,91786,Banfield,Mars
Eye Care for Animals - Upland,Upland,CA,91786,Thrive Pet Healthcare,TSG Consumer Partners
Inland Valley Veterinary Specialists,Upland,CA,91786,PetVet Care Centers,KKR
VCA Central Animal Hospital,Upland,CA,91786,VCA,Mars
We Talk Pets! Animal Hospital,Upland,CA,91786,VetCor,Harvest Partners
Banfield Vacaville,Vacaville,CA,95688,Banfield,Mars
Family Pet Hospital,Vacaville,CA,95687,AmeriVet,AEA Investors and Abu Dhabi Investment Authority (ADIA)
Oak Animal Hospital,Vacaville,CA,95687,NVA,JAB Holdings
Vacaville Animal Care Center,Vacaville,CA,95687,NVA,JAB Holdings
Redwood Veterinary Hospital,Vallejo,CA,94591,Blue River PetCare,Partners Group
Aloro Pet Hospital,Valley Village,CA,91607,Companion Pet Partners,Cortec Group
VCA Animal Medical Center,Van Nuys,CA,91411,VCA,Mars
VCA Marina Bay Cities Animal Hospital,Venice,CA,90291,VCA,Mars
Animal Dermatology Clinic Ventura,Ventura,CA,93003,Animal Dermatology Clinic,Percheron Capital
Banfield Ventura,Ventura,CA,93003,Banfield,Mars
East Ventura Animal Hospital,Ventura,CA,93004,NVA,JAB Holdings
Horizon Veterinary Specialists,Ventura,CA,93003,Alliance Animal Health,L Catterton and LightBay Capital
Ohana Pet Hospital,Ventura,CA,93003,Western Veterinary Partners,Tyree & D'Angelo Partners
Ohana Urgent Care,Ventura,CA,93003,Western Veterinary Partners,Tyree & D'Angelo Partners
The Animal Doctor,Ventura,CA,93004,VetCor,Harvest Partners
Veterinary Medical & Surgical Group,Ventura,CA,93003,PetVet Care Centers,KKR
VCA Mesa Animal Hospital,Victorville,CA,92392,VCA,Mars
Caldwell Pet Hospital,Visalia,CA,93277,VetCor,Harvest Partners
Companion Animal Medical Center,Visalia,CA,93277,VetCor,Harvest Partners
Redwood Veterinary Hospital,Visalia,CA,93292,Curo Pet Care,Privately owned corporate consolidator
Tulare-Kings Veterinary Emergency Services,Visalia,CA,93291,PetVet Care Centers,KKR
Palomar Animal Hospital,Vista,CA,92081,VetCor,Harvest Partners
Animal Hospital of Walnut,Walnut,CA,91789,Curo Pet Care,Privately owned corporate consolidator
Animal Care Hospital of Walnut Creek,Walnut Creek,CA,94598,Veterinary Practice Partners,Audax Private Equity
Banfield Valley,Walnut Creek,CA,94598,Banfield,Mars
Civic Feline Clinic,Walnut Creek,CA,94596,NVA,JAB Holdings
Dermatology for Animals - Walnut Creek,Walnut Creek,CA,94598,Thrive Pet Healthcare,TSG Consumer Partners
Modern Animal - Walnut Creek,Walnut Creek,CA,94596,Modern Animal,"Chewy, Inc. (NYSE: CHWY)"
VCA Cottage Animal Hospital,Walnut Creek,CA,94595,VCA,Mars
VCA Encina Veterinary Medical Center,Walnut Creek,CA,94598,VCA,Mars
Vetco Total Care - Walnut Creek,Walnut Creek,CA,94596,Vetco Total Care,Petco
Walnut Creek Veterinary Hospital,Walnut Creek,CA,94598,Mission Pet Health,Silver Lake and Shore Capital Partners
Ygnacio Animal Hospital,Walnut Creek,CA,94596,PetVet Care Centers,KKR
East Lake Animal Clinic,Watsonville,CA,95076,NVA,JAB Holdings
Banfield West Covina,West Covina,CA,91792,Banfield,Mars
Banfield West Covina-Eastland,West Covina,CA,91791,Banfield,Mars
West Hills Animal Hospital,West Hills,CA,91307,NVA,JAB Holdings
Laurel Pet Hospital,West Hollywood,CA,90046,Western Veterinary Partners,Tyree & D'Angelo Partners
VCA TLC Animal Hospital,West Hollywood,CA,90069,VCA,Mars
VCA Brentwood Animal Hospital,West Los Angeles,CA,90064,VCA,Mars
VCA Westside Animal Hospital,West Sacramento,CA,95691,VCA,Mars
Anza Animal Clinic,Westlake Village,CA,91362,Mission Pet Health,Silver Lake and Shore Capital Partners
Banfield Westlake Village N,Westlake Village,CA,91362,Banfield,Mars
VCA Westlake Village Animal Hospital,Westlake Village,CA,91362,VCA,Mars
Westminster Veterinary Group,Westminster,CA,92683,Companion Pet Partners,Cortec Group
Banfield Whittier West,Whittier,CA,90605,Banfield,Mars
Southeast Pet Hospital,Whittier,CA,90605,VetCor,Harvest Partners
Washington Boulevard Animal Hospital,Whittier,CA,90606,VetCor,Harvest Partners
Whittier Dog and Cat Hospital,Whittier,CA,90601,VetCor,Harvest Partners
Clinton Keith Veterinary Hospital,Wildomar,CA,92595,NVA,JAB Holdings
VCA Oakwood Animal Hospital,Woodbridge,CA,95258,VCA,Mars
Woodland Veterinary Hospital,Woodland,CA,95776,Western Veterinary Partners,Tyree & D'Angelo Partners
ACCESS Specialty Animal Hospitals - San Fernando Valley,Woodland Hills,CA,91364,Thrive Pet Healthcare,TSG Consumer Partners
Southern California Veterinary Hospital,Woodland Hills,CA,91367,VetCor,Harvest Partners
VCA Parkwood Animal Hospital,Woodland Hills,CA,91367,VCA,Mars
VCA Veterinary Specialists of the Valley,Woodland Hills,CA,91364,VCA,Mars
Veterinary Cancer Group SFV,Woodland Hills,CA,91364,Thrive Pet Healthcare,TSG Consumer Partners
Veterinary Medical Center Of Woodland Hills,Woodland Hills,CA,91364,AmeriVet,AEA Investors and Abu Dhabi Investment Authority (ADIA)
AM/PM Veterinary Hospital,Yorba Linda,CA,92886,AmeriVet,AEA Investors and Abu Dhabi Investment Authority (ADIA)
Banfield Yorba Linda,Yorba Linda,CA,92887,Banfield,Mars
VCA Northpointe Animal Hospital,Yuba City,CA,95991,VCA,Mars
Green Valley Veterinary Clinic,Yucaipa,CA,92399,PetVet Care Centers,KKR
Oak Glen Animal Hospital,Yucaipa,CA,92399,PetVet Care Centers,KKR
VCA Yucca Valley Animal Hospital,Yucca Valley,CA,92284,VCA,Mars
Animal Urgent Care – Arvada,Arvada,CO,80004,Ethos Veterinary Health,JAB Holdings
Arvada Flats Veterinary Hospital,Arvada,CO,80004,NVA,JAB Holdings
Arvada Veterinary Hospital,Arvada,CO,80003,Suveto,Levine Leichtman Capital
Banfield Arvada,Arvada,CO,80002,Banfield,Mars
Banfield Westwood 64th,Arvada,CO,80007,Banfield,Mars
Care Animal Hospital,Arvada,CO,80005,NVA,JAB Holdings
Sploot Arvada,Arvada,CO,80003,Sploot Veterinary Care,L Catterton
Two Ponds Pet Lodge,Arvada,CO,80005,Destination Pet,L1 Health
Vetco Total Care - Arvada,Arvada,CO,80003,Vetco Total Care,Petco
Aspen Animal Hospital,Aspen,CO,81611,WellHaven Pet Health,Capricorn Healthcare
Animal Care Center of Aurora,Aurora,CO,80013,Veterinary Innovative Partners,Health Enterprise Partners
Banfield Aurora,Aurora,CO,80012,Banfield,Mars
Banfield Aurora Highpoint,Aurora,CO,80013,Banfield,Mars
Banfield Aurora S,Aurora,CO,80015,Banfield,Mars
CityVet - Aurora Veterinary Clinic & Urgent Care,Aurora,CO,80013,CityVet,RiverGlade Capital
Dugan's Veterinary Hospital,Aurora,CO,80016,Destination Pet,L1 Health
Happy Tails Veterinary Center,Aurora,CO,80016,Mission Pet Health,Silver Lake and Shore Capital Partners
Mile High Animal Hospital,Aurora,CO,80016,Thrive Pet Healthcare,TSG Consumer Partners
Mission Viejo Veterinary Hospital,Aurora,CO,80013,Blue River PetCare,Partners Group
Special Friends Veterinary Clinic & Grooming,Aurora,CO,80011,Mission Pet Health,Silver Lake and Shore Capital Partners
Sploot Central Park,Aurora,CO,80010,Sploot Veterinary Care,L Catterton
Tall Grass Animal Hospital,Aurora,CO,80015,Mission Pet Health,Silver Lake and Shore Capital Partners
VCA Smoky Hill Animal Hospital,Aurora,CO,80015,VCA,Mars
Vetco Total Care - Aurora,Aurora,CO,80012,Vetco Total Care,Petco
Vetco Total Care - Aurora,Aurora,CO,80015,Vetco Total Care,Petco
Vail Valley Animal Hospital - Eagle-Vail,Avon,CO,81620,Thrive Pet Healthcare,TSG Consumer Partners
Willits Veterinary Hospital- Basalt,Basalt,CO,81601,Mission Pet Health,Silver Lake and Shore Capital Partners
Berthoud Animal Hospital,Berthoud,CO,80513,Suveto,Levine Leichtman Capital
Alpine Hospital for Animals,Boulder,CO,80301,NVA,JAB Holdings
Arapahoe Animal Hospital,Boulder,CO,80303,Mission Pet Health,Silver Lake and Shore Capital Partners
Boulder Veterinary Hospital,Boulder,CO,80304,Suveto,Levine Leichtman Capital
Bowhaus - Boulder,Boulder,CO,80301,NVA,JAB Holdings
CASE – Colorado Animal Specialty & Emergency,Boulder,CO,80301,Ethos Veterinary Health,JAB Holdings
Emergency Pet Clinics - Boulder CLOSED,Boulder,CO,80301,PetVet Care Centers,KKR
Gunbarrel Veterinary Hospital,Boulder,CO,80301,Mission Pet Health,Silver Lake and Shore Capital Partners
North Boulder Companion Animal Hospital,Boulder,CO,80304,PetVet Care Centers,KKR
Pearl Street Animal Hospital,Boulder,CO,80301,Curo Pet Care,Privately owned corporate consolidator
South Boulder Animal Hospital,Boulder,CO,80305,VetCor,Harvest Partners
Uniquely Cats Veterinary Center,Boulder,CO,80301,VetCor,Harvest Partners
VCA All Pets Animal Hospital Boulder CLOSED,Boulder,CO,80303,VCA,Mars
VCA Broadway Animal Hospital and Pet Center,Boulder,CO,80305,VCA,Mars
VEG Boulder,Boulder,CO,80301,VEG (Veterinary Emergency Group),D1 Capital & Fidelity
Vetco Total Care - Boulder,Boulder,CO,80302,Vetco Total Care,Petco
Animal Urgent Care North East (AUC North East),Brighton,CO,80603,Ethos Veterinary Health,JAB Holdings
Banfield Brighton Palizzi,Brighton,CO,80601,Banfield,Mars
Horizon Veterinary Clinic,Brighton,CO,80601,PetVet Care Centers,KKR
Aspen Arbor Animal Hospital,Broomfield,CO,80021,Mission Pet Health,Silver Lake and Shore Capital Partners
Broomfield Veterinary Hospital,Broomfield,CO,80020,Suveto,Levine Leichtman Capital
City Bark Broomfield,Broomfield,CO,80021,NVA,JAB Holdings
Laurel Veterinary Clinic,Broomfield,CO,80020,Suveto,Levine Leichtman Capital
The Animal Doctor,Broomfield,CO,80020,Blue River PetCare,Partners Group
UrgentVet Broomfield,Broomfield,CO,80020,American Veterinary Group,Oak Hill Capital
Red Hill Animal Health Center,Carbondale,CO,81623,VetCor,Harvest Partners
Animal Care Center of Castle Pines,Castle Rock,CO,80108,Mission Pet Health,Silver Lake and Shore Capital Partners
Banfield Castle Rock,Castle Rock,CO,80104,Banfield,Mars
Blue Spruce Animal Clinic,Castle Rock,CO,80104,VetCor,Harvest Partners
Castle Rock Cat Hospital,Castle Rock,CO,80109,VetCor,Harvest Partners
Cherished Companions Animal Clinic,Castle Rock,CO,80108,VetCor,Harvest Partners
GoodVets Castle Rock,Castle Rock,CO,80108,GoodVets,General Atlantic
Plum Creek Veterinary Services,Castle Rock,CO,80104,Mission Pet Health,Silver Lake and Shore Capital Partners
Tails Up,Castle Rock,CO,80104,NVA,JAB Holdings
VCA Douglas County Animal Hospital,Castle Rock,CO,80104,VCA,Mars
Fourmile Veterinary Clinic,Cañon City,CO,81212,Veterinary Practice Partners,Audax Private Equity
Aurora Animal Hospital,Centennial,CO,80015,NVA,JAB Holdings
Banfield Littleton S,Centennial,CO,80122,Banfield,Mars
City Bark Centennial,Centennial,CO,80112,NVA,JAB Holdings
Companion Animal Veterinary Hospital,Centennial,CO,80122,Western Veterinary Partners,Tyree & D'Angelo Partners
Festival Animal Clinic,Centennial,CO,80122,Western Veterinary Partners,Tyree & D'Angelo Partners
Homestead Animal Hospital,Centennial,CO,80112,Blue River PetCare,Partners Group
VIDA Veterinary Care - Centennial,Centennial,CO,80122,Mission Pet Health,Silver Lake and Shore Capital Partners
Animal Hospital of Colorado Springs,Colorado Springs,CO,80906,Mission Pet Health,Silver Lake and Shore Capital Partners
Aspen View Veterinary Hospital,Colorado Springs,CO,80915,VetCor,Harvest Partners
Banfield Colorado Springs,Colorado Springs,CO,80909,Banfield,Mars
Banfield Colorado Springs Austin Bluffs,Colorado Springs,CO,80918,Banfield,Mars
Banfield Colorado Springs E,Colorado Springs,CO,80922,Banfield,Mars
Banfield Colorado Springs N,Colorado Springs,CO,80920,Banfield,Mars
Banfield Colorado Springs SW,Colorado Springs,CO,80906,Banfield,Mars
Banfield Pet Hospital,Colorado Springs,CO,80906,Banfield,Mars
Bear Creek Veterinary Care,Colorado Springs,CO,80905,CareVet,Compass Group Equity Partners
Black Forest Veterinary Clinic,Colorado Springs,CO,80908,NVA,JAB Holdings
Briargate Boulevard Animal Hospital,Colorado Springs,CO,80920,VetCor,Harvest Partners
Carefree Cats Veterinary Hospital,Colorado Springs,CO,80917,NVA,JAB Holdings
Centennial Animal Hospital,Colorado Springs,CO,80919,Blue River PetCare,Partners Group
Chewy Vet Care Creekwalk,Colorado Springs,CO,80906,Chewy Vet Care,"Chewy, Inc."
Chewy Vet Care North Academy,Colorado Springs,CO,80920,Chewy Vet Care,"Chewy, Inc."
Cheyenne Mountain Animal Hospital,Colorado Springs,CO,80905,Suveto,Levine Leichtman Capital
CityVet - Briargate Veterinary Clinic & Urgent Care,Colorado Springs,CO,80920,CityVet,RiverGlade Capital
Colorado Canine Orthopedics & Rehab,Colorado Springs,CO,80918,United Veterinary Care,Nordic Capital
East Springs Animal Hospital,Colorado Springs,CO,80915,NVA,JAB Holdings
Faithful Friends Animal Hospital,Colorado Springs,CO,80917,Mission Pet Health,Silver Lake and Shore Capital Partners
High Plains Veterinary Hospital,Colorado Springs,CO,80922,VetCor,Harvest Partners
Livewell Animal Urgent Care of Colorado Springs,Colorado Springs,CO,80906,Mission Pet Health,Silver Lake and Shore Capital Partners
Polo Springs Veterinary Hospital,Colorado Springs,CO,80918,VetCor,Harvest Partners
Powers Pet Emergency & Specialty,Colorado Springs,CO,80923,Ethos Veterinary Health,JAB Holdings
Southern Colorado Veterinary Internal Medicine,Colorado Springs,CO,80918,Ethos Veterinary Health,JAB Holdings
Sploot Interquest,Colorado Springs,CO,80921,Sploot Veterinary Care,L Catterton
Sploot Veterinary Care - Broadmoor,Colorado Springs,CO,80906,Sploot Veterinary Care,L Catterton
Sploot Veterinary Care - Powers Pointe,Colorado Springs,CO,80917,Sploot Veterinary Care,L Catterton
Uintah Pet Emergency,Colorado Springs,CO,80904,Ethos Veterinary Health,JAB Holdings
VCA Briargate Veterinary Clinic,Colorado Springs,CO,80920,VCA,Mars
VCA Dublin Animal Hospital,Colorado Springs,CO,80918,VCA,Mars
VCA North Academy Animal Hospital,Colorado Springs,CO,80918,VCA,Mars
VCA Northwest Animal Hospital,Colorado Springs,CO,80907,VCA,Mars
Westside Animal Hospital,Colorado Springs,CO,80904,AmeriVet,AEA Investors and Abu Dhabi Investment Authority (ADIA)
Yorkshire Veterinary Hospital,Colorado Springs,CO,80918,Mission Pet Health,Silver Lake and Shore Capital Partners
The Veterinary Center at Turnberry,Commerce City,CO,80222,Mission Pet Health,Silver Lake and Shore Capital Partners
5280 Veterinary Care,Denver,CO,80205,Veterinary Practice Partners,Audax Private Equity
Animal Health Care Denver,Denver,CO,80229,Veterinary Practice Partners,Audax Private Equity
Animal Urgent Care – Park Hill CLOSED,Denver,CO,80216,Ethos Veterinary Health,JAB Holdings
Banfield Denver Capitol Hill CLOSED,Denver,CO,80203,Banfield,Mars
Banfield Stapleton,Denver,CO,80238,Banfield,Mars
Banfield Willow Grove CLOSED,Denver,CO,80231,Banfield,Mars
Bark Denver,Denver,CO,80203,Destination Pet,L1 Health
Belcaro Animal Hospital,Denver,CO,80246,Blue River PetCare,Partners Group
Berkeley Animal Hospital,Denver,CO,80211,Curo Pet Care,Privately owned corporate consolidator
Broadview Animal Clinic,Denver,CO,80247,NVA,JAB Holdings
Canine Fitness and Fun Center,Denver,CO,80222,Destination Pet,L1 Health
Chewy Vet Care 9+Co,Denver,CO,80220,Chewy Vet Care,"Chewy, Inc."
City Bark Lodo,Denver,CO,80216,NVA,JAB Holdings
CityVet - Capitol Hill Veterinary Clinic & Urgent Care,Denver,CO,80203,CityVet,RiverGlade Capital
CVCA Alameda East,Denver,CO,80247,Mission Pet Health,Silver Lake and Shore Capital Partners
Denver Cat Hospital,Denver,CO,80222,United Veterinary Care,Nordic Capital
Downtown Animal Care Center,Denver,CO,80204,PetVet Care Centers,KKR
Evans East Animal Hospital,Denver,CO,80222,United Veterinary Care,Nordic Capital
Founders Green Animal Hospital,Denver,CO,80238,Veterinary Practice Partners,Audax Private Equity
Gentle Touch Animal Hospital,Denver,CO,80231,Mission Pet Health,Silver Lake and Shore Capital Partners
Goldsmith Veterinary Clinic,Denver,CO,80224,Mission Pet Health,Silver Lake and Shore Capital Partners
GoodVets Golden Triangle,Denver,CO,80204,GoodVets,General Atlantic
GoodVets Highlands,Denver,CO,80211,GoodVets,General Atlantic
GoodVets LoHi,Denver,CO,80202,GoodVets,General Atlantic
GoodVets RiNo,Denver,CO,80205,GoodVets,General Atlantic
GoodVets South Denver,Denver,CO,80210,GoodVets,General Atlantic
Highlands Animal Clinic,Denver,CO,80211,VetCor,Harvest Partners
Livewell Animal Hospital of Green Valley Ranch,Denver,CO,80249,Mission Pet Health,Silver Lake and Shore Capital Partners
Livewell Animal Hospital of RiNo,Denver,CO,80216,Mission Pet Health,Silver Lake and Shore Capital Partners
Livewell Animal Hospital of Sloan Lake,Denver,CO,80204,Mission Pet Health,Silver Lake and Shore Capital Partners
Modern Animal - Cherry Creek,Denver,CO,80206,Modern Animal,"Chewy, Inc. (NYSE: CHWY)"
Northfield Veterinary Hospital,Denver,CO,80238,VetCor,Harvest Partners
Overland Animal Hospital,Denver,CO,80219,NVA,JAB Holdings
Park Animal Hospital and Wellness Center,Denver,CO,80210,VetCor,Harvest Partners
Pets On Broadway Animal Hospital,Denver,CO,80210,PetVet Care Centers,KKR
Rising Sun Animal Care,Denver,CO,80230,Mission Pet Health,Silver Lake and Shore Capital Partners
Sploot 9+ CO,Denver,CO,80206,Sploot Veterinary Care,L Catterton
Sploot Commons Park,Denver,CO,80202,Sploot Veterinary Care,L Catterton
Sploot Highlands,Denver,CO,80211,Sploot Veterinary Care,L Catterton
Sploot Platt Park,Denver,CO,80210,Sploot Veterinary Care,L Catterton
Sploot Rino,Denver,CO,80205,Sploot Veterinary Care,L Catterton
Tender Touch Animal Hospital,Denver,CO,80223,NVA,JAB Holdings
The Center for Animal Wellness,Denver,CO,80204,Mission Pet Health,Silver Lake and Shore Capital Partners
VCA Alameda East Veterinary Hospital,Denver,CO,80247,VCA,Mars
VCA Aspenwood Animal Hospital,Denver,CO,80246,VCA,Mars
VCA Central Park Animal Hospital,Denver,CO,80238,VCA,Mars
VCA Firehouse Animal Hospital,Denver,CO,80218,VCA,Mars
VCA Park Hill Animal Hospital,Denver,CO,80220,VCA,Mars
VCA Southeast Area Animal Hospital,Denver,CO,80231,VCA,Mars
VEG Denver,Denver,CO,80206,VEG (Veterinary Emergency Group),D1 Capital & Fidelity
VEG Denver Tech Center,Denver,CO,80222,VEG (Veterinary Emergency Group),D1 Capital & Fidelity
VIDA Veterinary Care - Denver,Denver,CO,80222,Mission Pet Health,Silver Lake and Shore Capital Partners
WellHaven Pet Health Colorado Blvd,Denver,CO,80222,WellHaven Pet Health,Capricorn Healthcare
Wellshire Animal Hospital,Denver,CO,80222,Western Veterinary Partners,Tyree & D'Angelo Partners
Teller Park Veterinary Services,Divide,CO,80814,O'Brien Veterinary Group,Family owned corporate consolidator
Aspen Tree Animal Care,Durango,CO,81301,Western Veterinary Partners,Tyree & D'Angelo Partners
Riverview Animal Hospital,Durango,CO,81301,NVA,JAB Holdings
Riverview Animal Hospital North,Durango,CO,81301,NVA,JAB Holdings
Castle Peak Veterinary Service,Eagle,CO,81631,Blue River PetCare,Partners Group
Mountain Animal Hospital Center,Eagle,CO,81631,Mission Pet Health,Silver Lake and Shore Capital Partners
VEG Edgewater,Edgewater,CO,80214,VEG (Veterinary Emergency Group),D1 Capital & Fidelity
Vail Valley Animal Hospital - Edwards,Edwards,CO,81632,Thrive Pet Healthcare,TSG Consumer Partners
Cherrelyn Animal Hospital,Englewood,CO,80113,Western Veterinary Partners,Tyree & D'Angelo Partners
Hampden Family Pet Hospital,Englewood,CO,80113,Thrive Pet Healthcare,TSG Consumer Partners
UrgentVet Englewood,Englewood,CO,80113,American Veterinary Group,Oak Hill Capital
VCA Wingate Animal Hospital,Englewood,CO,80111,VCA,Mars
VRCC Veterinary Specialty and Emergency Hospital,Englewood,CO,80110,PetVet Care Centers,KKR
Bowhaus - Erie,Erie,CO,80516,NVA,JAB Holdings
Foxtail Pines Veterinary Hospital,Erie,CO,80516,NVA,JAB Holdings
Bergen Bark Inn,Evergreen,CO,80439,NVA,JAB Holdings
Family Veterinary Hospital,Evergreen,CO,80439,Mission Pet Health,Silver Lake and Shore Capital Partners
Mountain Vet to Pet,Evergreen,CO,80439,CareVet,Compass Group Equity Partners
Animal Hospital of Falcon,Falcon,CO,80831,NVA,JAB Holdings
For Paws Veterinary Clinic,Falcon,CO,80831,Western Veterinary Partners,Tyree & D'Angelo Partners
Carbon Valley Veterinary Clinic,Firestone,CO,80520,VetCor,Harvest Partners
Advanced Animal Care of Colorado,Fort Collins,CO,80524,NVA,JAB Holdings
Animal Hospital of Colorado,Fort Collins,CO,80526,Heartland Veterinary Partners,Gryphon Investors
Ashcroft Pet Resort,Fort Collins,CO,80528,Destination Pet,L1 Health
Aspen Grove Veterinary Care,Fort Collins,CO,80525,VetCor,Harvest Partners
Banfield Fort Collins,Fort Collins,CO,80525,Banfield,Mars
Chewy Vet Care Fort Collins,Fort Collins,CO,80528,Chewy Vet Care,"Chewy, Inc."
Fort Collins Veterinary Emergency Hospital,Fort Collins,CO,80524,Thrive Pet Healthcare,TSG Consumer Partners
Four Paws Pet Hotel & Resort,Fort Collins,CO,80525,Western Veterinary Partners,Tyree & D'Angelo Partners
Friendship Hospital for Animals,Fort Collins,CO,80525,NVA,JAB Holdings
Front Range Veterinary Clinic,Fort Collins,CO,80524,Suveto,Levine Leichtman Capital
Moore Animal Hospital,Fort Collins,CO,80525,Mission Pet Health,Silver Lake and Shore Capital Partners
Mulnix Animal Clinic,Fort Collins,CO,80521,CareVet,Compass Group Equity Partners
South Mesa Veterinary Hospital,Fort Collins,CO,80525,PetVet Care Centers,KKR
The Cabins at Aspen Grove,Fort Collins,CO,80525,VetCor,Harvest Partners
Timberline Animal Hospital,Fort Collins,CO,80525,Mission Pet Health,Silver Lake and Shore Capital Partners
VCA Fort Collins Animal Hospital,Fort Collins,CO,80525,VCA,Mars
Vetco Total Care - Fort Collins,Fort Collins,CO,80525,Vetco Total Care,Petco
Frisco Animal Hospital,Frisco,CO,80443,NVA,JAB Holdings
Arrowhead Veterinary Hospital,Fruita,CO,81521,Thrive Pet Healthcare,TSG Consumer Partners
Kokopelli Animal Hospital,Fruita,CO,81521,VetCor,Harvest Partners
Banfield Glendale,Glendale,CO,80246,Banfield,Mars
All Dogs & Cats Veterinary Hospital - Glenwood Springs,Glenwood Springs,CO,81601,Mission Pet Health,Silver Lake and Shore Capital Partners
Willits Veterinary Hospital- Glenwood Springs,Glenwood Springs,CO,81601,Mission Pet Health,Silver Lake and Shore Capital Partners
Coal Creek Animal Clinic,Golden,CO,80403,NVA,JAB Holdings
GoodVets Golden,Golden,CO,80401,GoodVets,General Atlantic
Green Mountain Animal Hospital,Golden,CO,80401,VetCor,Harvest Partners
Mesa Veterinary Hospital,Golden,CO,80401,Encore Vet Group,North Castle Partners
Table Mountain Veterinary Clinic,Golden,CO,80403,NVA,JAB Holdings
Amigo Animal Clinic,Grand Junction,CO,81505,Mission Pet Health,Silver Lake and Shore Capital Partners
Banfield Redstone,Grand Junction,CO,81505,Banfield,Mars
Monument View Veterinary Hospital,Grand Junction,CO,81503,Western Veterinary Partners,Tyree & D'Angelo Partners
Orchard Mesa Veterinary Hospital,Grand Junction,CO,81503,Mission Pet Health,Silver Lake and Shore Capital Partners
VCA Tiara Rado Animal Hospital,Grand Junction,CO,81507,VCA,Mars
Banfield Greeley,Greeley,CO,80634,Banfield,Mars
PETS Emergency Hospital,Greeley,CO,80634,Thrive Pet Healthcare,TSG Consumer Partners
St. Michaels Companion Animal Hospital,Greeley,CO,80634,PetVet Care Centers,KKR
Vetco Total Care - Greeley,Greeley,CO,80634,Vetco Total Care,Petco
Greenwood Village Veterinary Clinic,Greenwood Village,CO,80111,Veterinary Innovative Partners,Health Enterprise Partners
Sploot Greenwood Village,Greenwood Village,CO,80112,Sploot Veterinary Care,L Catterton
VCA Orchard Animal Hospital,Greenwood Village,CO,80111,VCA,Mars
Gypsum Animal Hospital,Gypsum,CO,81637,Thrive Pet Healthcare,TSG Consumer Partners
Altitude Animal Hospital,Highlands Ranch,CO,80126,Western Veterinary Partners,Tyree & D'Angelo Partners
Banfield Highlands Ranch,Highlands Ranch,CO,80129,Banfield,Mars
Chewy Vet Care Highlands Ranch,Highlands Ranch,CO,80129,Chewy Vet Care,"Chewy, Inc."
CityVet - Highlands Ranch Veterinary Clinic & Urgent Care,Highlands Ranch,CO,80126,CityVet,RiverGlade Capital
Rocky Mountain Small Animal Hospital,Highlands Ranch,CO,80126,Mission Pet Health,Silver Lake and Shore Capital Partners
Sploot Highlands Ranch,Highlands Ranch,CO,80126,Sploot Veterinary Care,L Catterton
The Ranch Veterinary Hospital,Highlands Ranch,CO,80129,Curo Pet Care,Privately owned corporate consolidator
VCA Mountainview Animal Hospital & Pet Lodge,Highlands Ranch,CO,80126,VCA,Mars
Vetco Total Care - Highlands Ranch,Highlands Ranch,CO,80129,Vetco Total Care,Petco
Pella Corner Animal Hospital,Hygiene,CO,80503,Blue River PetCare,Partners Group
Kittredge Animal Clinic,Kittredge,CO,80457,NVA,JAB Holdings
BluePearl Pet Hospital Lafayette,Lafayette,CO,80026,BluePearl Pet Hospital,Mars
Jasper Animal Hospital,Lafayette,CO,80026,Mission Pet Health,Silver Lake and Shore Capital Partners
Lafayette Companion Animal Hospital,Lafayette,CO,80026,PetVet Care Centers,KKR
Mountain Ridge Animal Hospital,Lafayette,CO,80026,NVA,JAB Holdings
Banfield Lakewood,Lakewood,CO,80226,Banfield,Mars
Foothills Animal Hospital,Lakewood,CO,80228,Heartland Veterinary Partners,Gryphon Investors
Lakewood Veterinary Hospital,Lakewood,CO,80226,Mission Pet Health,Silver Lake and Shore Capital Partners
Red Rocks Animal Center,Lakewood,CO,80215,PetVet Care Centers,KKR
Sploot Belmar,Lakewood,CO,80226,Sploot Veterinary Care,L Catterton
VCA Anderson Animal Hospital,Lakewood,CO,80232,VCA,Mars
Vetco Total Care - Lakewood,Lakewood,CO,80226,Vetco Total Care,Petco
Banfield Ken Caryl,Littleton,CO,80127,Banfield,Mars
Banfield Littleton,Littleton,CO,80123,Banfield,Mars
Broadway Estates Veterinary Clinic,Littleton,CO,80121,Heartland Veterinary Partners,Gryphon Investors
Chatfield Veterinary Hospital,Littleton,CO,80128,Blue River PetCare,Partners Group
Chewy Vet Care Littleton,Littleton,CO,80123,Chewy Vet Care,"Chewy, Inc."
City Bark Littleton,Littleton,CO,80120,NVA,JAB Holdings
Coal Mine Animal Hospital,Littleton,CO,80128,VetCor,Harvest Partners
Columbine Animal Hospital,Littleton,CO,80128,Blue River PetCare,Partners Group
Nelson Animal Hospital,Littleton,CO,80121,Blue River PetCare,Partners Group
Sploot Veterinary Care - Littleton,Littleton,CO,80120,Sploot Veterinary Care,L Catterton
VCA Dakota Ridge Animal Hospital,Littleton,CO,80127,VCA,Mars
VCA Deer Creek Animal Hospital,Littleton,CO,80127,VCA,Mars
VCA Littleton Animal Hospital,Littleton,CO,80123,VCA,Mars
VEG Littleton,Littleton,CO,80123,VEG (Veterinary Emergency Group),D1 Capital & Fidelity
Banfield Denver SE (Park Meadow Center),Lone Tree,CO,80124,Banfield,Mars
Banfield Lone Tree,Lone Tree,CO,80124,Banfield,Mars
CityVet - Lone Tree,Lone Tree,CO,80124,CityVet,RiverGlade Capital
WellHaven Pet Health Lone Tree,Lone Tree,CO,80124,WellHaven Pet Health,Capricorn Healthcare
A Pet's Place Animal Hospital,Longmont,CO,80501,Heartland Veterinary Partners,Gryphon Investors
Banfield Longmont,Longmont,CO,80501,Banfield,Mars
Emergency Pet Clinic of Longmont,Longmont,CO,80501,PetVet Care Centers,KKR
The Animal Hospital - Longmont,Longmont,CO,80501,WellHaven Pet Health,Capricorn Healthcare
Valley Veterinary Hospital,Longmont,CO,80501,NVA,JAB Holdings
Vetco Total Care - Longmont,Longmont,CO,80501,Vetco Total Care,Petco
Vetwerx Equine North,Longmont,CO,80503,PetVet Care Centers,KKR
Chewy Vet Care Louisville,Louisville,CO,80027,Chewy Vet Care,"Chewy, Inc."
Divine Canine,Louisville,CO,80027,Destination Pet,L1 Health
Louisville Family Animal Hospital,Louisville,CO,80027,NVA,JAB Holdings
VCA Centennial Valley Animal Hospital,Louisville,CO,80027,VCA,Mars
Banfield Loveland,Loveland,CO,80538,Banfield,Mars
Blue Sky Animal Clinic,Loveland,CO,80537,Blue River PetCare,Partners Group
Boyd Lake Veterinary Center,Loveland,CO,80538,Mission Pet Health,Silver Lake and Shore Capital Partners
CVCA Loveland,Loveland,CO,80538,Mission Pet Health,Silver Lake and Shore Capital Partners
Loveland Veterinary Clinic,Loveland,CO,80537,NVA,JAB Holdings
VCA Veterinary Specialists of Northern Colorado,Loveland,CO,80538,VCA,Mars
Mead Veterinary Medical Center,Mead,CO,80504,Western Veterinary Partners,Tyree & D'Angelo Partners
VCA Milliken Animal Hospital,Milliken,CO,80543,VCA,Mars
Alta Vista Animal Hospital,Montrose,CO,81401,Western Veterinary Partners,Tyree & D'Angelo Partners
Banfield Monument,Monument,CO,80132,Banfield,Mars
Palmer Lake Veterinary Hospital,Monument,CO,80132,CareVet,Compass Group Equity Partners
VCA Front Range Animal Hospital,Monument,CO,80132,VCA,Mars
Woodmoor Veterinary Hospital,Monument,CO,80132,NVA,JAB Holdings
All Dogs & Cats Veterinary Hospital - New Castle,New Castle,CO,81647,Mission Pet Health,Silver Lake and Shore Capital Partners
Banfield Northglenn,Northglenn,CO,80234,Banfield,Mars
Elk Park Animal Hospital,Pagosa Springs,CO,81147,AmeriVet,AEA Investors and Abu Dhabi Investment Authority (ADIA)
San Juan Veterinary Hospital,Pagosa Springs,CO,81147,Western Veterinary Partners,Tyree & D'Angelo Partners
Advanced Pet Care of Parker,Parker,CO,80134,Mission Pet Health,Silver Lake and Shore Capital Partners
Animal Emergency & Specialty Center – Parker,Parker,CO,80134,Ethos Veterinary Health,JAB Holdings
Banfield Parker,Parker,CO,80134,Banfield,Mars
City Bark Parker,Parker,CO,80134,NVA,JAB Holdings
Heritage Pet,Parker,CO,80134,Destination Pet,L1 Health
Pine Grove Animal Hospital,Parker,CO,80138,Thrive Pet Healthcare,TSG Consumer Partners
UrgentVet Parker,Parker,CO,80134,American Veterinary Group,Oak Hill Capital
VCA Animal Clinic of Parker,Parker,CO,80134,VCA,Mars
Vetwerx Equine South,Parker,CO,80134,PetVet Care Centers,KKR
Veterinary Hospital Associates,Pueblo,CO,81005,VetCor,Harvest Partners
The Valley Veterinary Hospital,Rifle,CO,81650,NVA,JAB Holdings
Fountain Valley Animal Hospital,Security,CO,80911,VetCor,Harvest Partners
South Platte Veterinary Hospital,Sheridan,CO,80110,Heartland Veterinary Partners,Gryphon Investors
Ski Town Animal Hospital,Steamboat Springs,CO,80487,Heartland Veterinary Partners,Gryphon Investors
Banfield Superior,Superior,CO,80027,Banfield,Mars
Banfield Broomfield,Thornton,CO,80023,Banfield,Mars
Caring Hands Veterinary Hospital,Thornton,CO,80602,PetVet Care Centers,KKR
City Bark Thornton,Thornton,CO,80241,NVA,JAB Holdings
CityVet - Thornton,Thornton,CO,80602,CityVet,RiverGlade Capital
"Community Pet Hospital, Washington",Thornton,CO,80241,NVA,JAB Holdings
Eastlake Veterinary Services,Thornton,CO,80241,Thrive Pet Healthcare,TSG Consumer Partners
Huron Animal Hospital,Thornton,CO,80260,NVA,JAB Holdings
Sploot Veterinary Care - Thornton,Thornton,CO,80602,Sploot Veterinary Care,L Catterton
VCA Thornton Animal Hospital,Thornton,CO,80233,VCA,Mars
"Community Pet Hospital, Riverdale",Thronton,CO,80602,NVA,JAB Holdings
Adams County Animal Hospital,Westminster,CO,80003,NVA,JAB Holdings
Arrowhead Animal Hospital,Westminster,CO,80020,Suveto,Levine Leichtman Capital
Banfield Bradburn,Westminster,CO,80031,Banfield,Mars
Banfield The Orchards,Westminster,CO,80023,Banfield,Mars
Banfield Westminster,Westminster,CO,80021,Banfield,Mars
Choice Veterinary Specialists,Westminster,CO,80234,PetVet Care Centers,KKR
Church Ranch Veterinary Hospital,Westminster,CO,80021,Destination Pet,L1 Health
CityVet - Westminster Veterinary Clinic & Urgent Care,Westminster,CO,80260,CityVet,RiverGlade Capital
Northside Emergency Pet Clinic,Westminster,CO,80234,PetVet Care Centers,KKR
Orchard Veterinary Medical Center,Westminster,CO,80023,Mission Pet Health,Silver Lake and Shore Capital Partners
Vetco Total Care - Westminster,Westminster,CO,80031,Vetco Total Care,Petco
CVCA Wheat Ridge,Wheat Ridge,CO,80033,Mission Pet Health,Silver Lake and Shore Capital Partners
West Denver Veterinary Hospital,Wheat Ridge,CO,80333,Mission Pet Health,Silver Lake and Shore Capital Partners
Wheat Ridge Animal Hospital,Wheat Ridge,CO,80033,Veritas Veterinary Partners,Percheron Capital
Garden Valley Veterinary Hospital,Windsor,CO,80550,Mission Pet Health,Silver Lake and Shore Capital Partners
Mountainwood Pet Hospital,Windsor,CO,80550,NVA,JAB Holdings
Royal Vista Veterinary Specialists,Windsor,CO,80528,Thrive Pet Healthcare,TSG Consumer Partners
The Animal Clinic of Woodland Park,Woodland Park,CO,80863,AmeriVet,AEA Investors and Abu Dhabi Investment Authority (ADIA)
Ansonia Westfield Veterinary Hospital,Ansonia,CT,06401,AmeriVet,AEA Investors and Abu Dhabi Investment Authority (ADIA)
Animal General,Avon,CT,06001,PetVet Care Centers,KKR
Winsted Hospital for Animals,Barkhamsted,CT,06063,VetCor,Harvest Partners
Bethel Village Square Animal Hospital,Bethel,CT,06801,CareVet,Compass Group Equity Partners
Bloomfield Animal Hospital,Bloomfield,CT,06002,VetCor,Harvest Partners
Mill Pond Veterinary Hospital,Branford,CT,06405,Community Veterinary Partners,OMERS
Ash Creek Animal Hospital & Spa,Bridgeport,CT,06605,Rarebreed Veterinary Partners,Revelstoke Capital Partners
VCA Bristol Animal Hospital,Bristol,CT,06010,VCA,Mars
Burlington Veterinary Center,Burlington,CT,06013,VetCor,Harvest Partners
Roaring Brook Veterinary Hospital,Canton,CT,06019,VetCor,Harvest Partners
Veterinary Emergency Center of Canton,Canton,CT,06019,Rarebreed Veterinary Partners,Revelstoke Capital Partners
Sandbank Veterinary Hospital,Cheshire,CT,06410,Blue River PetCare,Partners Group
VCA Cheshire Animal Hospital,Cheshire,CT,06410,VCA,Mars
Chester Veterinary Clinic,Chester,CT,06412,VetCor,Harvest Partners
Shoreline Animal Hospital,Clinton,CT,06413,CareVet,Compass Group Equity Partners
Colchester Veterinary Hospital,Colchester,CT,06415,United Veterinary Care,Nordic Capital
Gagnon's Pet Resort,Colchester,CT,06415,Destination Pet,L1 Health
VEG Greenwich,Cos Cob,CT,06807,VEG (Veterinary Emergency Group),D1 Capital & Fidelity
VCA Cromwell Animal Hospital,Cromwell,CT,06416,VCA,Mars
Mill Plain Veterinary Clinic,Danbury,CT,06811,PetVet Care Centers,KKR
VCA Northside Animal Hospital,Danbury,CT,06811,VCA,Mars
VCA Darien Animal Hospital,Darien,CT,06820,VCA,Mars
East Haddam Veterinary Clinic,East Haddam,CT,06423,Pieper Veterinary,Chicago Pacific Founders
East Hartford Animal Clinic,East Hartford,CT,06108,VetCor,Harvest Partners
VCA Animal Hospital of East Hartford,East Hartford,CT,06118,VCA,Mars
Shore Haven Veterinary Hospital,East Haven,CT,06512,United Veterinary Care,Nordic Capital
VCA Foxon Animal Hospital,East Haven,CT,06513,VCA,Mars
Essex Veterinary Clinic,Essex,CT,06479,Pieper Veterinary,Chicago Pacific Founders
Bond Vet - Fairfield CLOSED,Fairfield,CT,06825,Bond Vet,Warburg Pincus
Fairfield Veterinary Hospital,Fairfield,CT,06824,VetCor,Harvest Partners
Sand Road Animal Hospital,Falls Village,CT,06031,Mission Pet Health,Silver Lake and Shore Capital Partners
Advanced Veterinary Care,Farmington,CT,06032,NVA,JAB Holdings
Star Meadow Animal Clinic,Farmington,CT,06032,VetCor,Harvest Partners
Banfield E Hartford Glastonbury,Glastonbury,CT,06033,Banfield,Mars
Candlewick Kennels,Glastonbury,CT,06033,NVA,JAB Holdings
Greenwich Animal Hospital,Greenwich,CT,06830,Mission Pet Health,Silver Lake and Shore Capital Partners
Greenwich Veterinary Center,Greenwich,CT,06830,AmeriVet,AEA Investors and Abu Dhabi Investment Authority (ADIA)
Companion Animal Hospital,Groton,CT,06340,PetVet Care Centers,KKR
Pets & Friends Animal Hospital,Guilford,CT,06437,InspireVet,Public IPO IVPR
Animal Hospital of Berlin,Kensington,CT,06037,VetCor,Harvest Partners
Lebanon Veterinary Hospital,Lebanon,CT,06249,Pieper Veterinary,Chicago Pacific Founders
Litchfield Veterinary Hospital,Litchfield,CT,06759,EverVet Partners,Freeman Spogli and Tailwind Capital
Pieper Veterinary Madison,Madison,CT,06443,Pieper Veterinary,Chicago Pacific Founders
Banfield Manchester,Manchester,CT,06042,Banfield,Mars
Manchester Veterinary Clinic,Manchester,CT,06040,Thrive Pet Healthcare,TSG Consumer Partners
South Windsor Veterinary Clinic,Manchester,CT,06042,Rarebreed Veterinary Partners,Revelstoke Capital Partners
East Brook Animal Hospital,Mansfield Center,CT,06250,NVA,JAB Holdings
Marlborough Animal Hospital,Marlborough,CT,06447,Pieper Veterinary,Chicago Pacific Founders
Pieper Memorial,Middletown,CT,06457,Pieper Veterinary,Chicago Pacific Founders
Pieper Veterinary Berlin Street,Middletown,CT,06023,Pieper Veterinary,Chicago Pacific Founders
Radiocat,Middletown,CT,06457,PetVet Care Centers,KKR
Animal Clinic of Milford,Milford,CT,06460,Suveto,Levine Leichtman Capital
Milford Animal Hospital,Milford,CT,06460,Western Veterinary Partners,Tyree & D'Angelo Partners
VCA Baybrook Animal Hospital,Milford,CT,06460,VCA,Mars
VCA Naugatuck Animal Hospital,Naugatuck,CT,06770,VCA,Mars
UrgentVet New Britain,New Britain,CT,06053,American Veterinary Group,Oak Hill Capital
New Canaan Veterinary Hospital,New Canaan,CT,06840,Alliance Animal Health,L Catterton and LightBay Capital
Fieldstone Veterinary Care,New Fairfield,CT,06812,AmeriVet,AEA Investors and Abu Dhabi Investment Authority (ADIA)
New Fairfield Animal Hospital,New Fairfield,CT,06812,VetCor,Harvest Partners
Elm City Vet,New Haven,CT,06510,Pieper Veterinary,Chicago Pacific Founders
Veterinary Wellness Center of New Haven,New Haven,CT,06511,Innovetive Pet Care,Metalmark Capital
Candlewood Animal Hospital,New Milford,CT,06776,Alliance Animal Health,L Catterton and LightBay Capital
Park Lane Animal Hospital,New Milford,CT,06776,Heart + Paw,Waud Capital Partners
Valley Veterinary Hospital,New Milford,CT,06776,AmeriVet,AEA Investors and Abu Dhabi Investment Authority (ADIA)
Aspetuck Animal Hospital,New Preston,CT,06777,Rarebreed Veterinary Partners,Revelstoke Capital Partners
Newington Veterinary Clinic,Newington,CT,06111,CareVet,Compass Group Equity Partners
Fairfield Equine Associates,Newtown,CT,06470,NVA,JAB Holdings
Newtown Veterinary Specialists,Newtown,CT,06470,PetVet Care Centers,KKR
Pet Shield Veterinary Hospital,North Branford,CT,06471,VetCor,Harvest Partners
Veterinary Associates of North Branford,North Branford,CT,06471,Rarebreed Veterinary Partners,Revelstoke Capital Partners
Banfield North Haven,North Haven,CT,06473,Banfield,Mars
North Haven Animal Hospital,North Haven,CT,06473,Alliance Animal Health,L Catterton and LightBay Capital
Creature Comforts Animal Inn,North Stonington,CT,06359,Destination Pet,L1 Health
North Windham Animal Hospital,North Windham,CT,06256,VetCor,Harvest Partners
A Cat's Place,Norwalk,CT,06851,VetCor,Harvest Partners
Banfield Norwalk,Norwalk,CT,06851,Banfield,Mars
MedVet Norwalk,Norwalk,CT,06850,MedVet,Minority stake by Leonard Green & Partners
Strawberry Hill Animal Hospital,Norwalk,CT,06851,VetCor,Harvest Partners
Strawberry Hill Groom & Board,Norwalk,CT,06851,VetCor,Harvest Partners
The Dog Wash,Norwalk,CT,06851,VetCor,Harvest Partners
VCA Veterinary Referral and Emergency Center,Norwalk,CT,06854,VCA,Mars
All Friends Animal Hospital,Norwich,CT,06360,Destination Pet,L1 Health
Norwichtown Pet Resort,Norwich,CT,06360,Destination Pet,L1 Health
Norwichtown Veterinary Hospital,Norwich,CT,06360,Pieper Veterinary,Chicago Pacific Founders
Animal Hospital of Old Saybrook,Old Saybrook,CT,06475,Rarebreed Veterinary Partners,Revelstoke Capital Partners
Orange Veterinary Hospital,Orange,CT,06477,United Veterinary Care,Nordic Capital
VCA Plainfield Animal Hospital,Plainfield,CT,06374,VCA,Mars
Banfield Plainville,Plainville,CT,06062,Banfield,Mars
VCA Old Canal Animal Hospital,Plainville,CT,06062,VCA,Mars
Mountain Lore Animal Hospital,Plantsville,CT,06479,Pieper Veterinary,Chicago Pacific Founders
Prospect Veterinary Hospital,Prospect,CT,06712,Rarebreed Veterinary Partners,Revelstoke Capital Partners
Georgetown Veterinary Hospital,Redding,CT,06896,Rarebreed Veterinary Partners,Revelstoke Capital Partners
Quarry Ridge Animal Hospital,Ridgefield,CT,06877,United Veterinary Care,Nordic Capital
Salem Valley Veterinary Clinic,Salem,CT,06420,Rarebreed Veterinary Partners,Revelstoke Capital Partners
Ansonia Seymour Veterinary Hospital,Seymour,CT,06483,AmeriVet,AEA Investors and Abu Dhabi Investment Authority (ADIA)
Seymour Veterinary Hospital,Seymour,CT,06483,PetVet Care Centers,KKR
Shelton Veterinary Center,Shelton,CT,06484,Rarebreed Veterinary Partners,Revelstoke Capital Partners
VCA Shoreline Veterinary Referral and Emergency Center,Shelton,CT,06484,VCA,Mars
Simsbury Veterinary Hospital,Simsbury,CT,06070,VetCor,Harvest Partners
VCA Valley Animal Hospital,South Windsor,CT,06074,VCA,Mars
VCA Maple Ridge Animal Hospital,Southbury,CT,06488,VCA,Mars
Banfield Stamford,Stamford,CT,06902,Banfield,Mars
High Ridge Animal Hospital,Stamford,CT,06905,VetCor,Harvest Partners
Just Cats Veterinary Hospital,Stamford,CT,06902,EverVet Partners,Freeman Spogli and Tailwind Capital
Rippowam Animal Hospital,Stamford,CT,06905,NVA,JAB Holdings
Stamford Veterinary Center,Stamford,CT,06906,United Veterinary Care,Nordic Capital
VCA Davis Animal Hospital,Stamford,CT,06902,VCA,Mars
Pieper Veterinary Stratford,Stratford,CT,06614,Pieper Veterinary,Chicago Pacific Founders
North Torrington Veterinary Hospital,Torrington,CT,06790,AmeriVet,AEA Investors and Abu Dhabi Investment Authority (ADIA)
Torrington Animal Hospital,Torrington,CT,06790,VetCor,Harvest Partners
Home Veterinary Services,Trumbull,CT,06611,Alliance Animal Health,L Catterton and LightBay Capital
Town and Country Veterinary Associates,Vernon,CT,06066,Heartland Veterinary Partners,Gryphon Investors
VCA Animal Hospital of Vernon,Vernon,CT,06066,VCA,Mars
North Colony Animal Hospital CLOSED,Wallingford,CT,06492,Alliance Animal Health,L Catterton and LightBay Capital
Yalesville Veterinary Hospital,Wallingford,CT,06492,Suveto,Levine Leichtman Capital
VCA New London Animal Hospital,Waterford,CT,06385,VCA,Mars
Hopmeadow Animal Hospital,Weatogue,CT,06089,VetCor,Harvest Partners
Cats Limited Veterinary Hospital,West Hartford,CT,06110,Rarebreed Veterinary Partners,Revelstoke Capital Partners
Petcare Veterinary Services,West Hartford,CT,06107,Rarebreed Veterinary Partners,Revelstoke Capital Partners
Uberdog,West Hartford,CT,06110,Destination Pet,L1 Health
VCA Veterinary Specialists of CT,West Hartford,CT,06117,VCA,Mars
South Wilton Veterinary Group,Wilton,CT,06897,PetVet Care Centers,KKR
New England Veterinary Center & Cancer Care,Windsor,CT,06095,PetVet Care Centers,KKR
Wolcott Veterinary Clinic PC,Wolcott,CT,06716,Heartland Veterinary Partners,Gryphon Investors
Atlasvet,Washington,DC,20002,Mission Pet Health,Silver Lake and Shore Capital Partners
Banfield DC Adams Morgan,Washington,DC,20009,Banfield,Mars
Bond Vet - Capitol Hill,Washington,DC,20003,Bond Vet,Warburg Pincus
Bond Vet - Cathedral Heights,Washington,DC,20016,Bond Vet,Warburg Pincus
Bond Vet - Logan Circle,Washington,DC,20009,Bond Vet,Warburg Pincus
District Veterinary Hospital Eastern Market,Washington,DC,20003,Mission Pet Health,Silver Lake and Shore Capital Partners
Friendship Hospital for Animals - Brandywine,Washington,DC,20016,Encore Vet Group,North Castle Partners
GoodVets Downtown DC,Washington,DC,20001,GoodVets,General Atlantic
GoodVets The Wharf,Washington,DC,20024,GoodVets,General Atlantic
Livewell Animal Hospital at The Parks,Washington,DC,20012,Mission Pet Health,Silver Lake and Shore Capital Partners
Livewell Animal Hospital of NoMa,Washington,DC,20002,Mission Pet Health,Silver Lake and Shore Capital Partners
Livewell Animal Hospital of Shaw,Washington,DC,20001,Mission Pet Health,Silver Lake and Shore Capital Partners
PetMedic Urgent Care Vet Clinic of Navy Yard CLOSED,Washington,DC,20003,Rarebreed Veterinary Partners,Revelstoke Capital Partners
Small Door Navy Yard (DC),Washington,DC,20003,Small Door,Valspring Capital
Small Door Spring Valley (DC),Washington,DC,20016,Small Door,Valspring Capital
VCA MacArthur Animal Hospital,Washington,DC,20007,VCA,Mars
VEG ER for Pets,Washington,DC,20037,VEG (Veterinary Emergency Group),D1 Capital & Fidelity
CityPaws Animal Hospital (14th),Washington DC,DC,20009,Encore Vet Group,North Castle Partners
CityPaws Animal Hospital (Uptown),Washington DC,DC,20008,Encore Vet Group,North Castle Partners
Small Door 14th St (DC),"Washington,",DC,20009,Small Door,Valspring Capital
Animal Veterinary Center,Bear,DE,19701,Heart + Paw,Waud Capital Partners
Delmarva Equine Clinic,Dover,DE,19904,NVA,JAB Holdings
Governors Avenue Animal Hospital,Dover,DE,19904,NVA,JAB Holdings
VCA Dover Animal Hospital,Dover,DE,19904,VCA,Mars
Savannah Animal Hospital,Lewes,DE,19958,NVA,JAB Holdings
Vetco Total Care - Middletown,Middletown,DE,19709,Vetco Total Care,Petco
Haven Lake Animal Hospital,Milford,DE,19963,Blue River PetCare,Partners Group
Banfield Christiana,Newark,DE,19713,Banfield,Mars
BluePearl Pet Hospital Christiana Newark,Newark,DE,19713,BluePearl Pet Hospital,Mars
Radiocat,Newark,DE,19713,PetVet Care Centers,KKR
VCA Glasgow Animal Hospital,Newark,DE,19702,VCA,Mars
VCA Kirkwood Animal Hospital,Newark,DE,19711,VCA,Mars
VCA Newark Animal Hospital,Newark,DE,19711,VCA,Mars
VCA Pike Creek Animal Hospital,Newark,DE,19711,VCA,Mars
Red Lion Veterinary Hospital,Red Lion,DE,19720,Blue River PetCare,Partners Group
Rehoboth Beach Animal Hospital,Rehoboth Beach,DE,19971,VetCor,Harvest Partners
Brandywine Hundred Veterinary Hospital,Silverside,DE,19809,Blue River PetCare,Partners Group
Banfield Brandywine,Wilmington,DE,19803,Banfield,Mars
Circle Veterinary Clinic,Wilmington,DE,19804,CareVet,Compass Group Equity Partners
Wilmington Animal Hospital,Wilmington,DE,19809,VetCor,Harvest Partners
Countryside Animal Hospital,Alachua,FL,32615,NVA,JAB Holdings
Hilltop Family Vet,Alachua,FL,32615,Heartland Veterinary Partners,Gryphon Investors
Altamonte Springs,Altamonte Springs,FL,32714,Petfolk,Undisclosed
Banfield Altamonte Springs,Altamonte Springs,FL,32714,Banfield,Mars
GoodVets Apollo Beach,Apollo Beach,FL,33572,GoodVets,General Atlantic
NewDay Veterinary Care Apollo Beach,Apollo Beach,FL,33572,NewDay Veterinary Care / Pet Paradise,Crane Group
Sierra Animal Hospital,Apollo Beach,FL,33572,Mission Pet Health,Silver Lake and Shore Capital Partners
Walk-In Veterinary Care,Apollo Beach,FL,33572,VetCor,Harvest Partners
Park Avenue Animal Hospital,Apopka,FL,32712,VetCor,Harvest Partners
VCA Piedmont Animal Hospital,Apopka,FL,32703,VCA,Mars
VCA Sheeler Road Animal Hospital,Apopka,FL,32703,VCA,Mars
Amor Animal Hospital,Aventura,FL,33180,Veterinary Practice Partners,Audax Private Equity
Banfield Aventura,Aventura,FL,33180,Banfield,Mars
VCA Aventura Animal Hospital and Pet Resort,Aventura,FL,33180,VCA,Mars
Saunders Veterinary Clinic,Avon Park,FL,33825,O'Brien Veterinary Group,Family owned corporate consolidator
Bartow Animal Clinic,Bartow,FL,33830,InspireVet,Public IPO IVPR
Banfield Boca Raton,Boca Raton,FL,33434,Banfield,Mars
Banfield Boca Village Square,Boca Raton,FL,33434,Banfield,Mars
Calusa Veterinary Center,Boca Raton,FL,33487,Veterinary Practice Partners,Audax Private Equity
Healthy Pets - Boca North,Boca Raton,FL,33487,Heartland Veterinary Partners,Gryphon Investors
Healthy Pets Veterinary Care,Boca Raton,FL,33496,Heartland Veterinary Partners,Gryphon Investors
Pet Medical Center of Boca Raton,Boca Raton,FL,33434,Western Veterinary Partners,Tyree & D'Angelo Partners
TLC Animal Hospital,Boca Raton,FL,33487,NVA,JAB Holdings
UrgentVet Boca Raton,Boca Raton,FL,33434,American Veterinary Group,Oak Hill Capital
VCA Spanish River Animal Hospital,Boca Raton,FL,33431,VCA,Mars
Vetco Total Care - Boca Raton,Boca Raton,FL,33434,Vetco Total Care,Petco
West Boca Veterinary Center,Boca Raton,FL,33434,American Veterinary Group,Oak Hill Capital
Bonita Veterinary Hospital,Bonita Springs,FL,34134,United Veterinary Care,Nordic Capital
GoodVets Bonita Springs,Bonita Springs,FL,34135,GoodVets,General Atlantic
NewDay Veterinary Care Bonita Springs,Bonita Springs,FL,34135,NewDay Veterinary Care / Pet Paradise,Crane Group
Newport Animal Hospital,Bonita Springs,FL,34135,United Veterinary Care,Nordic Capital
Radiocat,Bonita Springs,FL,34135,PetVet Care Centers,KKR
Southwest Florida Veterinary Specialists,Bonita Springs,FL,34135,PetVet Care Centers,KKR
Banfield Boynton Beach Plaza,Boynton Beach,FL,33426,Banfield,Mars
Banfield Boynton Beach Sunshine Square,Boynton Beach,FL,33435,Banfield,Mars
Banfield Pet Hospital - Boynton Beach Congress,Boynton Beach,FL,33426,Banfield,Mars
Boynton Beach,Boynton Beach,FL,33437,Petfolk,Undisclosed
Chewy Vet Care Boynton Beach,Boynton Beach,FL,33426,Chewy Vet Care,"Chewy, Inc."
Colonial Animal Hospital,Boynton Beach,FL,33435,VetEvolve,Varsity Healthcare Partners
Colonial Gateway Veterinary Center,Boynton Beach,FL,33435,VetEvolve,Varsity Healthcare Partners
Coral Breeze Animal Hospital,Boynton Beach,FL,33436,PetVet Care Centers,KKR
Fountains of Boynton Animal Hospital,Boynton Beach,FL,33437,Mission Pet Health,Silver Lake and Shore Capital Partners
GoodVets Boynton Beach,Boynton Beach,FL,33437,GoodVets,General Atlantic
VEG Boynton Beach,Boynton Beach,FL,33426,VEG (Veterinary Emergency Group),D1 Capital & Fidelity
Animal Dermatology Clinic Bradenton,Bradenton,FL,34211,Animal Dermatology Clinic,Percheron Capital
Animal ER of University Park,Bradenton,FL,34201,Ethos Veterinary Health,JAB Holdings
Animal Hospital of Lakewood Ranch,Bradenton,FL,34202,Innovetive Pet Care,Metalmark Capital
Banfield Bradenton,Bradenton,FL,34207,Banfield,Mars
Bayshore Animal Hospital,Bradenton,FL,34210,NVA,JAB Holdings
Braden River Animal Hospital,Bradenton,FL,34208,NVA,JAB Holdings
NewDay Veterinary Care Lakewood Ranch,Bradenton,FL,34211,NewDay Veterinary Care / Pet Paradise,Crane Group
PetSuites Bradenton,Bradenton,FL,34203,NVA,JAB Holdings
Ranch Animal Hospital,Bradenton,FL,34211,Innovetive Pet Care,Metalmark Capital
UrgentVet Lakewood Ranch,Bradenton,FL,34212,American Veterinary Group,Oak Hill Capital
Animal Emergency Clinic of Brandon CLOSED,Brandon,FL,33511,Alliance Animal Health,L Catterton and LightBay Capital
Banfield Brandon Bloomingdale,Brandon,FL,33511,Banfield,Mars
Banfield Brandon Clayton Plaza,Brandon,FL,33511,Banfield,Mars
Banfield Brandon-Riverview,Brandon,FL,33511,Banfield,Mars
BluePearl Pet Hospital Brandon,Brandon,FL,33511,BluePearl Pet Hospital,Mars
Brandon Equine Medical Center,Brandon,FL,33511,PetVet Care Centers,KKR
Care Animal Hospital,Brandon,FL,33511,American Veterinary Group,Oak Hill Capital
Santa Cruz Animal Clinic,Brandon,FL,33511,AmeriVet,AEA Investors and Abu Dhabi Investment Authority (ADIA)
All County Animal Hospital,Brooksville,FL,34601,CareVet,Compass Group Equity Partners
Vetco Total Care - Brooksville,Brooksville,FL,34613,Vetco Total Care,Petco
Shelton Veterinary Clinic,Bunnell,FL,32110,VetCor,Harvest Partners
Banfield Cape Coral,Cape Coral,FL,33909,Banfield,Mars
Kindness Animal Hospital - West,Cape Coral,FL,33914,Thrive Pet Healthcare,TSG Consumer Partners
VCA Baywood Animal Hospital & Pet Resort,Cape Coral,FL,33904,VCA,Mars
VCA Chiquita Animal Hospital,Cape Coral,FL,33914,VCA,Mars
Animal Clinic of Casselberry,Casselberry,FL,32707,Heartland Veterinary Partners,Gryphon Investors
Banfield Casselberry,Casselberry,FL,32707,Banfield,Mars
CityVet | Casselberry Veterinary Clinic & Urgent Care,Casselberry,FL,32707,CityVet,RiverGlade Capital
The Cat Hospital of Orlando,Casselberry,FL,32707,VetCor,Harvest Partners
Chiefland Animal Hospital,Chiefland,FL,32626,InspireVet,Public IPO IVPR
Suwannee Valley Veterinary Clinic,Chiefland,FL,32626,American Veterinary Group,Oak Hill Capital
Panhandle Veterinary Services,Chipley,FL,32428,American Veterinary Group,Oak Hill Capital
All Pet Care hospital,Clearwater,FL,33755,Community Veterinary Partners,OMERS
Animal Health Care Clinic,Clearwater,FL,33765,VetCor,Harvest Partners
Banfield Clearwater,Clearwater,FL,33761,Banfield,Mars
Banfield Clearwater Mall,Clearwater,FL,33759,Banfield,Mars
BluePearl Pet Hospital Clearwater,Clearwater,FL,33762,BluePearl Pet Hospital,Mars
Metzler Veterinary Hospital,Clearwater,FL,33761,NVA,JAB Holdings
Specialists in Companion Animal Neurology – Clearwater,Clearwater,FL,33765,Ethos Veterinary Health,JAB Holdings
The Pet Dentist - Clearwater,Clearwater,FL,33760,Animal Outpatient Specialty Network (AOSN),Percheron Capital
VCA Gulf Bay Animal Hospital CLOSED,Clearwater,FL,33765,VCA,Mars
VEG Clearwater,Clearwater,FL,33765,VEG (Veterinary Emergency Group),D1 Capital & Fidelity
Affordable Pet Care at Four Corners,Clermont,FL,34714,O'Brien Veterinary Group,Family owned corporate consolidator
Atlas Pet Clinic,Clermont,FL,34711,American Veterinary Group,Oak Hill Capital
VCA Clermont Animal Hospital,Clermont,FL,34711,VCA,Mars
Vetco Total Care - Clermont,Clermont,FL,34711,Vetco Total Care,Petco
Cocoa Veterinary Hospital,Cocoa,FL,32926,Western Veterinary Partners,Tyree & D'Angelo Partners
Coco-Park Animal Hospital,Coconut Creek,FL,33073,VetCor,Harvest Partners
NewDay Veterinary Care Coconut Creek,Coconut Creek,FL,33073,NewDay Veterinary Care / Pet Paradise,Crane Group
VCA Hillsboro Animal Hospital,Coconut Creek,FL,33073,VCA,Mars
GoodVets Coconut Grove,Coconut Grove,FL,33133,GoodVets,General Atlantic
VCA Rock Creek Animal Hospital,Cooper City,FL,33024,VCA,Mars
Banfield Coral Gables PH,Coral Gables,FL,33145,Banfield,Mars
GoodVets Coral Gables,Coral Gables,FL,33134,GoodVets,General Atlantic
Animal Eye Guys (Coral Springs),Coral Springs,FL,33071,PetVet Care Centers,KKR
Banfield Coral Springs,Coral Springs,FL,33067,Banfield,Mars
Banfield Coral Springs Riverside,Coral Springs,FL,33067,Banfield,Mars
Brookside Animal Hospital,Coral Springs,FL,33076,NVA,JAB Holdings
Chewy Vet Care Coral Springs,Coral Springs,FL,33065,Chewy Vet Care,"Chewy, Inc."
Riverside Animal Hospital,Coral Springs,FL,33067,American Veterinary Group,Oak Hill Capital
Thrive Pet Healthcare Coral Springs,Coral Springs,FL,33067,Thrive Pet Healthcare,TSG Consumer Partners
VCA Coral Springs Pet Resort and Medical Center,Coral Springs,FL,33065,VCA,Mars
VCA Wiles Road Animal Hospital,Coral Springs,FL,33067,VCA,Mars
Vetco Total Care - Coral Springs,Coral Springs,FL,33067,Vetco Total Care,Petco
Beach Vet Clinic,Cortez,FL,34215,NVA,JAB Holdings
Shepherd Springs Animal Hospital,Crawfordville,FL,32327,American Veterinary Group,Oak Hill Capital
VCA Wakulla Animal Hospital,Crawfordville,FL,32327,VCA,Mars
Crystal River Animal Hospital,Crystal River,FL,34429,Heartland Veterinary Partners,Gryphon Investors
Dade City Animal Clinic,Dade City,FL,33525,AmeriVet,AEA Investors and Abu Dhabi Investment Authority (ADIA)
Banfield Posner,Davenport,FL,33837,Banfield,Mars
CityVet - Davenport Coming Soon!,Davenport,FL,33897,CityVet,RiverGlade Capital
Vetco Total Care - Davie,Davie,FL,33324,Vetco Total Care,Petco
Banfield Daytona Beach,Daytona Beach,FL,32114,Banfield,Mars
Rawls Veterinary Hospital,Daytona Beach,FL,32117,Veterinary Practice Partners,Audax Private Equity
VCA Daytona Animal Hospital,Daytona Beach,FL,32114,VCA,Mars
Hillsboro Beach Animal Hospital,Deerfield Beach,FL,33441,NVA,JAB Holdings
Pet Vet Animal Hospital,Deerfield Beach,FL,33441,VetCor,Harvest Partners
Vetco Total Care - Deerfield Beach,Deerfield Beach,FL,33442,Vetco Total Care,Petco
Walton County Animal Clinic,DeFuniak Springs,FL,32433,Heartland Veterinary Partners,Gryphon Investors
FloridaWild Integrative Veterinary Center & Urgent Care,DeLand,FL,32724,Mission Pet Health,Silver Lake and Shore Capital Partners
Spring Oaks Animal Care Center,Deland,FL,32720,Veterinary Innovative Partners,Health Enterprise Partners
VCA DeLand Animal Hospital,DeLand,FL,32720,VCA,Mars
Woodland Animal Clinic,DeLand,FL,32720,Alliance Animal Health,L Catterton and LightBay Capital
Animal House Veterinary Center,Delray Beach,FL,33483,Mission Pet Health,Silver Lake and Shore Capital Partners
Banfield Delray Beach,Delray Beach,FL,33444,Banfield,Mars
Boca Delray Animal Hospital,Delray Beach,FL,33484,VetCor,Harvest Partners
Chewy Vet Care Delray Beach,Delray Beach,FL,33483,Chewy Vet Care,"Chewy, Inc."
Coastal Veterinary Clinic,Delray Beach,FL,33483,Mission Pet Health,Silver Lake and Shore Capital Partners
GoodVets Delray,Delray Beach,FL,33484,GoodVets,General Atlantic
VCA Deltona Boulevard Animal Hospital,Deltona,FL,32725,VCA,Mars
Banfield Destin,Destin,FL,32541,Banfield,Mars
Cat Clinic of Destin,Destin,FL,32541,Heartland Veterinary Partners,Gryphon Investors
Destin Animal Clinic,Destin,FL,32541,Mission Pet Health,Silver Lake and Shore Capital Partners
Emergency Veterinary Clinic (Destin),Destin,FL,32541,Innovetive Pet Care,Metalmark Capital
Banfield Doral,Doral,FL,33178,Banfield,Mars
Doral Centre Animal Hospital,Doral,FL,33172,Innovetive Pet Care,Metalmark Capital
GoodVets Doral,Doral,FL,33178,GoodVets,General Atlantic
Woodland Lodge Pet Resort,Doral,FL,33178,Innovetive Pet Care,Metalmark Capital
Animal Hospital of Dunedin,Dunedin,FL,34698,Veterinary Practice Partners,Audax Private Equity
Dunnellon Animal Hospital,Dunnellon,FL,34433,PetVet Care Centers,KKR
VCA Edgewater Shores Animal Hospital,Edgewater,FL,32141,VCA,Mars
Shelton Veterinary Clinic,Elkton,FL,32033,VetCor,Harvest Partners
Englewood Animal Health Center,Englewood,FL,34223,Mission Pet Health,Silver Lake and Shore Capital Partners
Animal Dermatology Clinic Estero,Estero,FL,33928,Animal Dermatology Clinic,Percheron Capital
Estero Animal Hospital,Estero,FL,33928,American Veterinary Group,Oak Hill Capital
Florida Veterinary Referral Center & 24-Hour Emergency Hospital,Estero,FL,33928,Ethos Veterinary Health,JAB Holdings
Pet Dental Center,Estero,FL,33928,Animal Outpatient Specialty Network (AOSN),Percheron Capital
Fernandina Beach Animal Clinic,Fernandina Beach,FL,32034,NVA,JAB Holdings
Flagler Animal Hospital,Flagler Beach,FL,32136,NVA,JAB Holdings
NewDay Veterinary Care Fleming Island,Fleming Island,FL,32003,NewDay Veterinary Care / Pet Paradise,Crane Group
Plantation Animal Hospital,Fleming Island,FL,32003,Mission Pet Health,Silver Lake and Shore Capital Partners
VCA Fleming Island Animal Hospital,Fleming Island,FL,32003,VCA,Mars
Vetco Total Care - Fleming Island,Fleming Island,FL,32003,Vetco Total Care,Petco
Animal Eye Guys (Fort Lauderdale),Fort Lauderdale,FL,33308,PetVet Care Centers,KKR
Banfield Fort Lauderdale Sunrise Sq,Fort Lauderdale,FL,33304,Banfield,Mars
Barkers Pet Center,Fort Lauderdale,FL,33316,Destination Pet,L1 Health
Bayview Animal Hospital,Fort Lauderdale,FL,33308,NVA,JAB Holdings
CLOSED The Pet Specialists of Florida,Fort Lauderdale,FL,33304,Thrive Pet Healthcare,TSG Consumer Partners
GoodVets Fort Lauderdale,Fort Lauderdale,FL,33305,GoodVets,General Atlantic
Seiler Animal Hospital,Fort Lauderdale,FL,33308,Mission Pet Health,Silver Lake and Shore Capital Partners
South Broward Animal Hospital,Fort Lauderdale,FL,33312,Heartland Veterinary Partners,Gryphon Investors
Southport Animal Hospital,Fort Lauderdale,FL,33316,VetCor,Harvest Partners
TFB Equine,Fort Lauderdale,FL,33330,PetVet Care Centers,KKR
VCA Imperial Point Animal Hospital,Fort Lauderdale,FL,33334,VCA,Mars
VEG Fort Lauderdale,Fort Lauderdale,FL,33305,VEG (Veterinary Emergency Group),D1 Capital & Fidelity
Animal Eye Guys (Fort Meyers),Fort Myers,FL,33907,PetVet Care Centers,KKR
Banfield Ft Myers Daniel Mktplc,Fort Myers,FL,33912,Banfield,Mars
Best Friends Animal Hospital,Fort Myers,FL,33913,NVA,JAB Holdings
BluePearl Pet Hospital Fort Myers,Fort Myers,FL,33912,BluePearl Pet Hospital,Mars
Daniels Parkway Animal Hospital,Fort Myers,FL,33912,American Veterinary Group,Oak Hill Capital
NewDay Veterinary Care,Fort Myers,FL,33912,NewDay Veterinary Care / Pet Paradise,Crane Group
PetWellClinic Fort Myers,Fort Myers,FL,33908,PetWellClinic,Westside Franchise Brands / local franchisees Edward and Jacqueline Pike
Summerlin Animal Hospital,Fort Myers,FL,33908,Western Veterinary Partners,Tyree & D'Angelo Partners
UrgentVet Fort Myers,Fort Myers,FL,33912,American Veterinary Group,Oak Hill Capital
VCA Coral Animal Hospital,Fort Myers,FL,33919,VCA,Mars
VCA Miracle Mile Animal Hospital,Fort Myers,FL,33901,VCA,Mars
VEG Fort Myers,Fort Myers,FL,33907,VEG (Veterinary Emergency Group),D1 Capital & Fidelity
Vetco Total Care - Fort Myers,Fort Myers,FL,33912,Vetco Total Care,Petco
Vetco Total Care - Fort Myers,Fort Myers,FL,33905,Vetco Total Care,Petco
Animal Emergency & Referral Center,Fort Pierce,FL,34982,PetVet Care Centers,KKR
VCA Tri-County Animal Hospital,Fort Pierce,FL,34950,VCA,Mars
Companion Animal Hospital & Boarding Center,Fort Walton Beach,FL,32548,Mission Pet Health,Silver Lake and Shore Capital Partners
Friendship Veterinary Hospital,Fort Walton Beach,FL,32548,Mission Pet Health,Silver Lake and Shore Capital Partners
Park Heights Animal Care Center,Fruitland Park,FL,34731,VetCor,Harvest Partners
Lauderdale Pet Lodge,Ft Lauderdale,FL,33316,NVA,JAB Holdings
Banfield Ft Myers,Ft Myers,FL,33907,Banfield,Mars
BluePearl Pet Hospital Fort Lauderdale,Ft. Lauderdale,FL,33309,BluePearl Pet Hospital,Mars
Verandah Pet Hospital,Ft. Myers,FL,33905,VetCor,Harvest Partners
Banfield Gainesville FL,Gainesville,FL,32608,Banfield,Mars
Banfield Millhopper,Gainesville,FL,32606,Banfield,Mars
Haile Plantation Animal Clinic,Gainesville,FL,32608,American Veterinary Group,Oak Hill Capital
Northwood Oaks Veterinary Hospital,Gainesville,FL,32653,VetCor,Harvest Partners
Oaks Veterinary Hospital CLOSED,Gainesville,FL,32607,VetCor,Harvest Partners
Shores Animal Hospital,Gainesville,FL,32609,Mission Pet Health,Silver Lake and Shore Capital Partners
Suburban Animal Hospital,Gainesville,FL,32607,Mission Pet Health,Silver Lake and Shore Capital Partners
Town & Country Veterinarians and Pet Resort,Gainesville,FL,32608,American Veterinary Group,Oak Hill Capital
UrgentVet Gainesville,Gainesville,FL,32608,American Veterinary Group,Oak Hill Capital
VCA Simmons Animal Hospital,Greenacres,FL,33463,VCA,Mars
Heart of Florida Animal Hospital & Pet Resort,Haines City,FL,33844,American Veterinary Group,Oak Hill Capital
Cumberland Animal Clinic,Havana,FL,32333,Alliance Animal Health,L Catterton and LightBay Capital
Banfield Hialeah,Hialeah,FL,33016,Banfield,Mars
Banfield Davie-Pine Island,Hollywood,FL,33024,Banfield,Mars
Banfield Hollywood,Hollywood,FL,33020,Banfield,Mars
Broward Veterinary Specialists,Hollywood,FL,33021,VetCor,Harvest Partners
Emerald Hills Animal Hospital,Hollywood,FL,33021,United Veterinary Care,Nordic Capital
VCA Hollywood Animal Hospital,Hollywood,FL,33020,VCA,Mars
VCA Stirling Square Animal Hospital,Hollywood,FL,33021,VCA,Mars
Island Animal Clinic,Holmes Beach,FL,34217,Veterinary Innovative Partners,Health Enterprise Partners
Homestead Animal Hospital,Homestead,FL,33030,AmeriVet,AEA Investors and Abu Dhabi Investment Authority (ADIA)
Vetco Total Care - Homestead,Homestead,FL,33033,Vetco Total Care,Petco
Acupet Veterinary Care,Hudson,FL,34667,Mission Pet Health,Silver Lake and Shore Capital Partners
Advanced Veterinary Care of Pasco,Hudson,FL,34667,InspireVet,Public IPO IVPR
Shelton Veterinary Clinic,Interlachen,FL,32148,VetCor,Harvest Partners
Upper Keys Veterinary Hospital,Islamorada,FL,33036,American Veterinary Group,Oak Hill Capital
Animal Eye Clinic - Jacksonville,Jacksonville,FL,32216,Animal Outpatient Specialty Network (AOSN),Percheron Capital
Banfield Jacksonville (Gate Parkway),Jacksonville,FL,32246,Banfield,Mars
Banfield Jacksonville (Oakleaf),Jacksonville,FL,32222,Banfield,Mars
Banfield Jacksonville (Regency Square Mall),Jacksonville,FL,32225,Banfield,Mars
Banfield Jacksonville Collins,Jacksonville,FL,32244,Banfield,Mars
Banfield Jacksonville Kernan Square,Jacksonville,FL,32246,Banfield,Mars
Banfield Jacksonville NE,Jacksonville,FL,32218,Banfield,Mars
Banfield Jacksonville S,Jacksonville,FL,32256,Banfield,Mars
Banfield San Pablo,Jacksonville,FL,32224,Banfield,Mars
Birch Island Veterinary Center,Jacksonville,FL,32256,Mission Pet Health,Silver Lake and Shore Capital Partners
BluePearl Pet Hospital Jacksonville,Jacksonville,FL,32216,BluePearl Pet Hospital,Mars
Capital Veterinary Specialists,Jacksonville,FL,32257,Thrive Pet Healthcare,TSG Consumer Partners
Chewy Vet Care Beach Boulevard,Jacksonville,FL,32246,Chewy Vet Care,"Chewy, Inc."
Chimney Lakes Animal Hospital,Jacksonville,FL,32244,Mission Pet Health,Silver Lake and Shore Capital Partners
Coastal Veterinary Hospital & Pet Resort,Jacksonville,FL,32246,Mission Pet Health,Silver Lake and Shore Capital Partners
Dames Point Animal Hospital,Jacksonville,FL,32277,CareVet,Compass Group Equity Partners
Hidden Hills Animal Hospital,Jacksonville,FL,32225,VetCor,Harvest Partners
Jacksonville Community Pet Clinic - Beach,Jacksonville,FL,32250,VetCor,Harvest Partners
Jacksonville Community Pet Clinic - Mobile,Jacksonville,FL,32205,VetCor,Harvest Partners
Jacksonville Community Pet Clinic - West,Jacksonville,FL,32205,VetCor,Harvest Partners
Kings Trail Animal Hospital,Jacksonville,FL,32217,Western Veterinary Partners,Tyree & D'Angelo Partners
Miramar Animal Hospital,Jacksonville,FL,32207,VetCor,Harvest Partners
Monument Road Animal Hospital,Jacksonville,FL,32225,Mission Pet Health,Silver Lake and Shore Capital Partners
NewDay Veterinary Care Jacksonville Airport,Jacksonville,FL,32218,NewDay Veterinary Care / Pet Paradise,Crane Group
NewDay Veterinary Care University Blvd.,Jacksonville,FL,32216,NewDay Veterinary Care / Pet Paradise,Crane Group
River City Veterinary Hospital,Jacksonville,FL,32205,Mission Pet Health,Silver Lake and Shore Capital Partners
Southeast Veterinary Oncology & Internal Medicine – Jacksonville,Jacksonville,FL,32250,Ethos Veterinary Health,JAB Holdings
Southside,Jacksonville,FL,32246,Petfolk,Undisclosed
Southside Animal Clinic,Jacksonville,FL,32216,American Veterinary Group,Oak Hill Capital
St. Bernard's Animal Hospital,Jacksonville,FL,32223,Mission Pet Health,Silver Lake and Shore Capital Partners
Timuquana Animal Hospital,Jacksonville,FL,32210,Mission Pet Health,Silver Lake and Shore Capital Partners
VCA Augustine Loretto Animal Hospital,Jacksonville,FL,32258,VCA,Mars
VCA Briarcliff Animal Hospital CLOSED,Jacksonville,FL,32216,VCA,Mars
VEG Jacksonville,Jacksonville,FL,32246,VEG (Veterinary Emergency Group),D1 Capital & Fidelity
Vetco Total Care - Jacksonville,Jacksonville,FL,32225,Vetco Total Care,Petco
Banfield Jacksonville Beach,Jacksonville Beach,FL,32250,Banfield,Mars
Beaches Animal Clinic,Jacksonville Beach,FL,32250,Mission Pet Health,Silver Lake and Shore Capital Partners
First Coast Veterinary Specialists & Emergency,Jacksonville Beach,FL,32250,Ethos Veterinary Health,JAB Holdings
Pet Doctors of America,Jacksonville Beach,FL,32250,PetVet Care Centers,KKR
Banfield Jupiter,Jupiter,FL,33458,Banfield,Mars
MedVet Jupiter,Jupiter,FL,33458,MedVet,Minority stake by Leonard Green & Partners
Village Veterinary,Jupiter,FL,33469,United Veterinary Care,Nordic Capital
Island Hammock Pet Hospital,Key Largo,FL,33037,Encore Vet Group,North Castle Partners
Banfield Kissimmee,Kissimmee,FL,34741,Banfield,Mars
Bass Pet Resort,Kissimmee,FL,34746,Destination Pet,L1 Health
Kissimmee Animal Hospital,Kissimmee,FL,34744,Alliance Animal Health,L Catterton and LightBay Capital
Mayfair Pet Hospital,Kissimmee,FL,34744,Alliance Animal Health,L Catterton and LightBay Capital
Vetco Total Care - Kissimmee,Kissimmee,FL,34746,Vetco Total Care,Petco
Vetco Total Care - Kissimmee,Kissimmee,FL,34741,Vetco Total Care,Petco
Banfield Lady Lake Crossing,Lady Lake,FL,32159,Banfield,Mars
Village Pet Villas,Lady Lake,FL,32159,VetCor,Harvest Partners
Village Veterinarian,Lady Lake,FL,32159,VetCor,Harvest Partners
Lake Alfred Animal Hospital,Lake Alfred,FL,33850,VetCor,Harvest Partners
Lake City Animal Hospital,Lake City,FL,32025,American Veterinary Group,Oak Hill Capital
Banfield Colonial Town Park,Lake Mary,FL,32746,Banfield,Mars
Banfield Lake Mary,Lake Mary,FL,32746,Banfield,Mars
Petfolk Lake Mary,Lake Mary,FL,32746,Petfolk,Undisclosed
UrgentVet Lake Mary,Lake Mary,FL,32746,American Veterinary Group,Oak Hill Capital
Banfield Lake Park,Lake Park,FL,33403,Banfield,Mars
Northlake Animal Hospital,Lake Park,FL,33403,Heartland Veterinary Partners,Gryphon Investors
VCA Lake Wales Animal Hospital,Lake Wales,FL,33859,VCA,Mars
Animal Clinic of West Lake Worth,Lake Worth,FL,33467,American Veterinary Group,Oak Hill Capital
Animal Healthcare Center,Lake Worth,FL,33467,Western Veterinary Partners,Tyree & D'Angelo Partners
All Creatures Animal Clinic,Lakeland,FL,33811,NVA,JAB Holdings
Banfield Lakeland,Lakeland,FL,33809,Banfield,Mars
Companion Animal Hospital,Lakeland,FL,33803,American Veterinary Group,Oak Hill Capital
Dr. Bob Irelan’s Veterinary Serivces,Lakeland,FL,33809,AmeriVet,AEA Investors and Abu Dhabi Investment Authority (ADIA)
Edgewood Animal Clinic,Lakeland,FL,33803,CareVet,Compass Group Equity Partners
Highland Square Family Vet,Lakeland,FL,33813,Heartland Veterinary Partners,Gryphon Investors
UrgentVet Lakeland,Lakeland,FL,33803,American Veterinary Group,Oak Hill Capital
Vetco Total Care - Lakeland,Lakeland,FL,33809,Vetco Total Care,Petco
Animal Health Center of Land O’ Lakes,Land O Lakes,FL,34638,American Veterinary Group,Oak Hill Capital
Land O' Lakes Animal Hospital,Land O'Lakes,FL,34639,VetCor,Harvest Partners
Livewell Animal Hospital of Land O’Lakes (coming soon),Land O’Lakes,FL,34639,Mission Pet Health,Silver Lake and Shore Capital Partners
Advantage Pet Center,Largo,FL,33773,NVA,JAB Holdings
Animal Hospital of Largo,Largo,FL,33774,Mission Pet Health,Silver Lake and Shore Capital Partners
Banfield Largo,Largo,FL,33771,Banfield,Mars
Banfield Largo West Bay,Largo,FL,33770,Banfield,Mars
Tampa Bay Veterinary Specialists & Emergency Care Center,Largo,FL,33771,Thrive Pet Healthcare,TSG Consumer Partners
Banfield Lauderhill,Lauderhill,FL,33351,Banfield,Mars
VCA Promenade Animal Hospital,Lauderhill,FL,33351,VCA,Mars
VCA Lecanto Animal Hospital,Lecanto,FL,34461,VCA,Mars
Alafia River Animal Hospital,Lithia,FL,33547,CareVet,Compass Group Equity Partners
GoodVets Fish Hawk,Lithia,FL,33547,GoodVets,General Atlantic
Veterinary Center at Fishhawk,Lithia,FL,33547,VetCor,Harvest Partners
Banfield Longwood,Longwood,FL,32779,Banfield,Mars
Longwood Veterinary Clinic,Longwood,FL,32750,United Veterinary Care,Nordic Capital
Sanlando Springs Animal Hospital,Longwood,FL,32779,NVA,JAB Holdings
New Tampa Animal Hospital,Lutz,FL,33559,VetCor,Harvest Partners
New Tampa Pet Resort,Lutz,FL,33559,NVA,JAB Holdings
VCA Cypress Creek Animal Hospital,Lutz,FL,33559,VCA,Mars
North Bay Animal Hospital,Lynn Haven,FL,32444,Heartland Veterinary Partners,Gryphon Investors
BluePearl Pet Hospital Orlando Maitland,Maitland,FL,32751,BluePearl Pet Hospital,Mars
Maitland Animal Hospital,Maitland,FL,32751,Veterinary Practice Partners,Audax Private Equity
Marathon Veterinary Hospital,Marathon,FL,33050,Thrive Pet Healthcare,TSG Consumer Partners
Marco Veterinary Hospital,Marco Island,FL,34145,Mission Pet Health,Silver Lake and Shore Capital Partners
Banfield Margate,Margate,FL,33063,Banfield,Mars
Wynn Haven Animal Hospital,Mary Esther,FL,32569,Mission Pet Health,Silver Lake and Shore Capital Partners
Animal Specialty and Emergency Center of Brevard,Melbourne,FL,32935,Ethos Veterinary Health,JAB Holdings
Banfield Melbourne CLOSED,Melbourne,FL,32904,Banfield,Mars
Banfield West Melbourne,Melbourne,FL,32904,Banfield,Mars
Dog Spot Hotel,Melbourne,FL,32940,Destination Pet,L1 Health
K9 Kampus,Melbourne,FL,32935,Destination Pet,L1 Health
Kehoe Animal Clinic,Melbourne,FL,32940,Western Veterinary Partners,Tyree & D'Angelo Partners
Vetco Total Care - Melbourne,Melbourne,FL,32904,Vetco Total Care,Petco
Courtenay Animal Hospital,Merritt Island,FL,32953,American Veterinary Group,Oak Hill Capital
Adams Veterinary Clinic,Miami,FL,33138,Alliance Animal Health,L Catterton and LightBay Capital
Animal Eye Guys (Miami),Miami,FL,33155,PetVet Care Centers,KKR
Banfield Dadeland,Miami,FL,33143,Banfield,Mars
Banfield Flagler,Miami,FL,33144,Banfield,Mars
Banfield Fontainebleau,Miami,FL,33174,Banfield,Mars
Banfield Kendall Market Square,Miami,FL,33186,Banfield,Mars
Banfield Miami Carter Square,Miami,FL,33186,Banfield,Mars
Banfield Miami Kendall,Miami,FL,33196,Banfield,Mars
Banfield Miami Plaza Alegre,Miami,FL,33175,Banfield,Mars
Banfield Midtown Miami,Miami,FL,33127,Banfield,Mars
Calusa Crossing Animal Hospital,Miami,FL,33167,AmeriVet,AEA Investors and Abu Dhabi Investment Authority (ADIA)
Chewy Vet Care Aventura,Miami,FL,33180,Chewy Vet Care,"Chewy, Inc."
Dadeland Animal Hospital,Miami,FL,33156,American Veterinary Group,Oak Hill Capital
GoodVets Wynwood,Miami,FL,33127,GoodVets,General Atlantic
Hammocks Veterinary Hospital,Miami,FL,33196,Western Veterinary Partners,Tyree & D'Angelo Partners
PetMedic Urgent Care Vet Clinic of Miami,Miami,FL,33137,Rarebreed Veterinary Partners,Revelstoke Capital Partners
Pinecrest,Miami,FL,33156,Petfolk,Undisclosed
Sabal Chase Animal Clinic,Miami,FL,33176,Destination Pet,L1 Health
Sky Lake Animal Hospital,Miami,FL,33180,Suveto,Levine Leichtman Capital
Sunset Animal Clinic,Miami,FL,33173,Western Veterinary Partners,Tyree & D'Angelo Partners
Thrive Pet Healthcare Specialists Miami,Miami,FL,33143,Thrive Pet Healthcare,TSG Consumer Partners
VCA Brickell Animal Hospital,Miami,FL,33130,VCA,Mars
VCA Knowles Central Animal Hospital,Miami,FL,33125,VCA,Mars
VCA Knowles Snapper Creek Animal Hospital,Miami,FL,33173,VCA,Mars
VCA South Dade Animal Hospital,Miami,FL,33156,VCA,Mars
VEG Miami,Miami,FL,33137,VEG (Veterinary Emergency Group),D1 Capital & Fidelity
Vetco Total Care - Miami,Miami,FL,33157,Vetco Total Care,Petco
West Kendall Animal Hospital,Miami,FL,33196,Mission Pet Health,Silver Lake and Shore Capital Partners
Banfield South Beach,Miami Beach,FL,33139,Banfield,Mars
VCA Alton Road Animal Hospital,Miami Beach,FL,33139,VCA,Mars
Animal Eye Guys (Miami Gardens),Miami Gardens,FL,33169,PetVet Care Centers,KKR
NewDay Veterinary Care Oakleaf,Middleburg,FL,32068,NewDay Veterinary Care / Pet Paradise,Crane Group
All Care Animal Hospital,Minneola,FL,34715,Lakefield Veterinary Group,Desmarais family and Peloton Capital Management
Banfield Miramar,Miramar,FL,33027,Banfield,Mars
Barry Veterinary Hospital,Miramar Beach,FL,32550,Mission Pet Health,Silver Lake and Shore Capital Partners
Lake Veterinary Clinic,Mt Dora,FL,32757,Alliance Animal Health,L Catterton and LightBay Capital
Mount Dora Veterinary Hospital,Mt Dora,FL,32757,Alliance Animal Health,L Catterton and LightBay Capital
Christina Animal Hospital,Mulberry,FL,33860,VetCor,Harvest Partners
Angel Animal Hospital & Boarding,Naples,FL,34110,American Veterinary Group,Oak Hill Capital
Animal Eye Guys (Naples),Naples,FL,34105,PetVet Care Centers,KKR
Animal Oasis Veterinary Hospital,Naples,FL,34110,NVA,JAB Holdings
Banfield Bayridge,Naples,FL,34108,Banfield,Mars
Banfield North Naples,Naples,FL,34119,Banfield,Mars
Emergency Pet Hospital of Collier County,Naples,FL,34105,Lakefield Veterinary Group,Desmarais family and Peloton Capital Management
Gulfshore Animal Hospital,Naples,FL,34103,American Veterinary Group,Oak Hill Capital
Specialists in Companion Animal Neurology – Naples,Naples,FL,34119,Ethos Veterinary Health,JAB Holdings
The Animalife Veterinary Center,Naples,FL,34109,NVA,JAB Holdings
The Animalife Veterinary Center at Eagle Creek,Naples,FL,34113,NVA,JAB Holdings
The Animalife Veterinary Center at Mission Hills,Naples,FL,34119,NVA,JAB Holdings
UrgentVet Naples,Naples,FL,34108,American Veterinary Group,Oak Hill Capital
Navarre Animal Hospital,Navarre,FL,32566,American Veterinary Group,Oak Hill Capital
Soundside Animal Hospital,Navarre,FL,32566,Mission Pet Health,Silver Lake and Shore Capital Partners
All Pets Hospital,New Port Richey,FL,34653,American Veterinary Group,Oak Hill Capital
Animal Dermatology South,New Port Richey,FL,34653,AmeriVet,AEA Investors and Abu Dhabi Investment Authority (ADIA)
Animal Hospital of Regency Park,New Port Richey,FL,34653,AmeriVet,AEA Investors and Abu Dhabi Investment Authority (ADIA)
Pet First Veterinary Hospital,New Port Richey,FL,34655,Mission Pet Health,Silver Lake and Shore Capital Partners
VCA Little Animal Hospital,New Port Richey,FL,34654,VCA,Mars
Beachwood Animal Clinic,New Smyrna Beach,FL,32169,Alliance Animal Health,L Catterton and LightBay Capital
New Smyrna Beach Animal Medical Center,New Smyrna Beach,FL,32168,Alliance Animal Health,L Catterton and LightBay Capital
Animal Vet Clinic,Newberry,FL,32669,American Veterinary Group,Oak Hill Capital
Emergency Veterinary Clinic (Niceville),Niceville,FL,32578,Innovetive Pet Care,Metalmark Capital
Parkway Veterinary Hospital,Niceville,FL,32578,NVA,JAB Holdings
GoodVets North Venice,Nokomis,FL,34275,GoodVets,General Atlantic
Laurel Road Veterinary Clinic,Nokomis,FL,34275,Western Veterinary Partners,Tyree & D'Angelo Partners
Bayshore Animal Hospital,North Fort Myers,FL,33917,VetCor,Harvest Partners
Van Roekel & Associates,North Fort Myers,FL,33917,PetVet Care Centers,KKR
GoodVets North Miami,North Miami,FL,33181,GoodVets,General Atlantic
North Miami Biscayne,North Miami,FL,33181,Petfolk,Undisclosed
Banfield North Miami Beach,North Miami Beach,FL,33179,Banfield,Mars
Juno Beach Animal Hospital,North Palm Beach,FL,33408,Mission Pet Health,Silver Lake and Shore Capital Partners
Heron Creek Animal Hospital,North Port,FL,34286,NVA,JAB Holdings
North Port Animal Hospital,North Port,FL,34287,United Veterinary Care,Nordic Capital
VEG North Tampa,North Tampa,FL,33618,VEG (Veterinary Emergency Group),D1 Capital & Fidelity
Park Veterinary Hospital,Oakland Park,FL,33334,Suveto,Levine Leichtman Capital
Vetco Total Care - Oakland Park,Oakland Park,FL,33334,Vetco Total Care,Petco
Banfield Ocala East,Ocala,FL,34471,Banfield,Mars
Florida Equine Veterinary Associates,Ocala,FL,34482,PetVet Care Centers,KKR
Magnolia Animal Hospital,Ocala,FL,34475,American Veterinary Group,Oak Hill Capital
Marion Veterinary Hospital,Ocala,FL,34471,Alliance Animal Health,L Catterton and LightBay Capital
Paddock Park Animal Care Center,Ocala,FL,34474,PetVet Care Centers,KKR
Skylark Animal Hospital,Ocala,FL,34470,CareVet,Compass Group Equity Partners
South Ocala Animal Clinic,Ocala,FL,34471,American Veterinary Group,Oak Hill Capital
Town & Country Animal Hospital,Ocala,FL,34482,NVA,JAB Holdings
Banfield Ocoee,Ocoee,FL,34761,Banfield,Mars
NewDay Veterinary Care Winter Garden,Ocoee,FL,34761,NewDay Veterinary Care / Pet Paradise,Crane Group
UrgentVet West Orlando,Ocoee,FL,34761,American Veterinary Group,Oak Hill Capital
Good Shepherd Pet Hospital,Odessa,FL,33556,Community Veterinary Partners,OMERS
GoodVets Odessa,Odessa,FL,33556,GoodVets,General Atlantic
Lakeside Animal Hospital,Odessa,FL,33556,American Veterinary Group,Oak Hill Capital
NewDay Veterinary Care,Odessa,FL,33556,NewDay Veterinary Care / Pet Paradise,Crane Group
UrgentVet New Port Richey,Odessa,FL,33556,American Veterinary Group,Oak Hill Capital
Animal Dermatology Clinic Oldsmar,Oldsmar,FL,34677,Animal Dermatology Clinic,Percheron Capital
Vetco Total Care - Orange City,Orange City,FL,32763,Vetco Total Care,Petco
Volusia Woods Animal Clinic,Orange City,FL,32763,Alliance Animal Health,L Catterton and LightBay Capital
Animal Eye Clinic - Orange Park,Orange Park,FL,32073,Animal Outpatient Specialty Network (AOSN),Percheron Capital
Animal Friends Dermatology,Orange Park,FL,32073,PetVet Care Centers,KKR
Banfield Orange Park CLOSED,Orange Park,FL,32073,Banfield,Mars
BluePearl Pet Hospital Orange Park CLOSED,Orange Park,FL,32073,BluePearl Pet Hospital,Mars
Focused Pet Care,Orange Park,FL,32073,Alliance Animal Health,L Catterton and LightBay Capital
PetCure Oncology at Southeast Veterinary Oncology Internal Medicine,Orange Park,FL,32073,Thrive Pet Healthcare,TSG Consumer Partners
VCA All Animal Hospital of Orange Park,Orange Park,FL,32065,VCA,Mars
Animal Hospital at Baldwin Park,Orlando,FL,32814,VetCor,Harvest Partners
Animal Hospital at Vista Lakes,Orlando,FL,32829,NVA,JAB Holdings
Banfield E. Colonial,Orlando,FL,32803,Banfield,Mars
Banfield Orlando,Orlando,FL,32819,Banfield,Mars
Banfield Orlando Mills Park,Orlando,FL,32803,Banfield,Mars
Banfield Orlando S,Orlando,FL,32819,Banfield,Mars
Banfield Waterford Lakes,Orlando,FL,32828,Banfield,Mars
Chickasaw Trail Animal Hospital,Orlando,FL,32825,NVA,JAB Holdings
CityVet - Lake Nona,Orlando,FL,32832,CityVet,RiverGlade Capital
Curry Ford Animal Hospital,Orlando,FL,32822,United Veterinary Care,Nordic Capital
East Orlando Animal Hospital,Orlando,FL,32822,PetVet Care Centers,KKR
Eastwood Animal Hospital,Orlando,FL,23828,Veterinary Practice Partners,Audax Private Equity
Econ River Animal Hospital,Orlando,FL,32826,United Veterinary Care,Nordic Capital
Edgewater Animal Hospital,Orlando,FL,32810,United Veterinary Care,Nordic Capital
Exotic Animal Hospital of Orlando,Orlando,FL,32806,CareVet,Compass Group Equity Partners
Helping Hands Veterinary Surgery and Dentistry of Florida,Orlando,FL,32828,United Veterinary Care,Nordic Capital
John Young Parkway Animal Hospital,Orlando,FL,32835,Alliance Animal Health,L Catterton and LightBay Capital
Kirkman Road Veterinary Clinic,Orlando,FL,32811,NVA,JAB Holdings
Lake Buena Vista,Orlando,FL,32821,Petfolk,Undisclosed
Livewell Animal Hospital of Lake Nona (coming soon),Orlando,FL,32824,Mission Pet Health,Silver Lake and Shore Capital Partners
MetroWest Veterinary Clinic,Orlando,FL,32835,PetVet Care Centers,KKR
NewDay Veterinary Care Lake Buena Vista,Orlando,FL,32836,NewDay Veterinary Care / Pet Paradise,Crane Group
NewDay Veterinary Care Lake NOna,Orlando,FL,32824,NewDay Veterinary Care / Pet Paradise,Crane Group
Pershing Oaks Animal Hospital,Orlando,FL,32822,VetCor,Harvest Partners
Pine Castle Animal Care Center,Orlando,FL,32809,Western Veterinary Partners,Tyree & D'Angelo Partners
Sand Lake Animal Clinic,Orlando,FL,32836,Mission Pet Health,Silver Lake and Shore Capital Partners
Shey's Veterinary Hospital,Orlando,FL,32828,Heartland Veterinary Partners,Gryphon Investors
University Animal Hospital,Orlando,FL,32817,NVA,JAB Holdings
VCA Bay Hill Cat Hospital,Orlando,FL,32819,VCA,Mars
Vetco Total Care - Orlando,Orlando,FL,32822,Vetco Total Care,Petco
VIPet Resort,Orlando,FL,32819,Destination Pet,L1 Health
Waterford Lakes Animal Hospital,Orlando,FL,32825,NVA,JAB Holdings
Your Family Veterinarian,Orlando,FL,32820,Mission Pet Health,Silver Lake and Shore Capital Partners
Atlantic Animal Hospital ‚Äì Ormond Beach,Ormond Beach,FL,32176,NVA,JAB Holdings
Ormond Beach Family Vet,Ormond Beach,FL,32176,Heartland Veterinary Partners,Gryphon Investors
Pet Street Veterinary Care Center,Ormond Beach,FL,32174,NVA,JAB Holdings
Tomoka Pines Veterinary Hospital,Ormond Beach,FL,32174,Mission Pet Health,Silver Lake and Shore Capital Partners
VCA Ormond Beach Animal Hospital,Ormond Beach,FL,32174,VCA,Mars
Banfield Oviedo,Oviedo,FL,32765,Banfield,Mars
Central Florida Animal Hospital,Oviedo,FL,32765,CareVet,Compass Group Equity Partners
Oviedo,Oviedo,FL,32765,Petfolk,Undisclosed
Oviedo Pet Resort,Oviedo,FL,32765,Destination Pet,L1 Health
PetSuites Winter Springs,Oviedo,FL,32765,NVA,JAB Holdings
Van Lue Veterinary Surgical,Oviedo,FL,32765,Animal Outpatient Specialty Network (AOSN),Percheron Capital
Ark Animal Hospital,Pace,FL,32571,Mission Pet Health,Silver Lake and Shore Capital Partners
Pace Veterinary Clinic,Pace,FL,32571,VetCor,Harvest Partners
River City Veterinary Hospital,Palatka,FL,32177,CareVet,Compass Group Equity Partners
VCA Village Animal Hospital,Palm Bay,FL,32905,VCA,Mars
Dermatology for Animals Palm Beach Gardens,Palm Beach Gardens,FL,33410,Thrive Pet Healthcare,TSG Consumer Partners
Dog Days Florida,Palm Beach Gardens,FL,33410,Destination Pet,L1 Health
Palm Beach Gardens Animal Hospital,Palm Beach Gardens,FL,33410,Hometown Veterinary Partners,Briarcliff Capital Partners
Pet Emergency & Referral Center,Palm Beach Gardens,FL,33403,Ethos Veterinary Health,JAB Holdings
Vetco Total Care - Palm Beach Gardens,Palm Beach Gardens,FL,33410,Vetco Total Care,Petco
Veterinary Specialty Hospital of Palm Beach Gardens,Palm Beach Gardens,FL,33410,Thrive Pet Healthcare,TSG Consumer Partners
Martin Downs Animal Hospital,Palm City,FL,34990,NVA,JAB Holdings
Palm City Animal Medical Center,Palm City,FL,34990,NVA,JAB Holdings
Banfield Palm Coast,Palm Coast,FL,32164,Banfield,Mars
Pine Lakes Animal Hospital,Palm Coast,FL,32137,VetCor,Harvest Partners
Animal and Bird Medical Center of Palm Harbor,Palm Harbor,FL,34684,VetCor,Harvest Partners
Banfield Palm Harbor,Palm Harbor,FL,34684,Banfield,Mars
Day & Evening Pet Hospital & Surgical Center,Palm Harbor,FL,34683,Thrive Pet Healthcare,TSG Consumer Partners
The Cat Hospital at Palm Harbor,Palm Harbor,FL,34683,Blue River PetCare,Partners Group
TLC Animal Hospital,Palm Harbor,FL,34683,AmeriVet,AEA Investors and Abu Dhabi Investment Authority (ADIA)
Banfield Palm Springs FL,Palm Springs,FL,33461,Banfield,Mars
GoodVets Palmetto,Palmetto,FL,34221,GoodVets,General Atlantic
Watson's Friends Animal Hospital,Palmetto,FL,34221,Veterinary Practice Partners,Audax Private Equity
Banfield Panama City,Panama City,FL,32405,Banfield,Mars
Bay Animal Hospital,Panama City,FL,32401,Heartland Veterinary Partners,Gryphon Investors
Parkway Animal Hospital,Panama City,FL,32404,American Veterinary Group,Oak Hill Capital
Animal Care Center Panama City Beach,Panama City Beach,FL,32407,NVA,JAB Holdings
Dr. Norm's Westside Animal Hospital,Panama City Beach,FL,32413,VetCor,Harvest Partners
Parkland Animal Clinic,Parkland,FL,33067,Veterinary Practice Partners,Audax Private Equity
Dr. Nina's Animal Hospital Parrish,Parrish,FL,34219,Mission Pet Health,Silver Lake and Shore Capital Partners
Ellenton Animal Hospital,Parrish,FL,34219,PetVet Care Centers,KKR
North River Animal Hospital,Parrish,FL,34219,NVA,JAB Holdings
Banfield Pembroke Pines,Pembroke Pines,FL,33026,Banfield,Mars
Banfield Pembroke Pines W,Pembroke Pines,FL,33029,Banfield,Mars
VCA Pines West Animal Hospital,Pembroke Pines,FL,33029,VCA,Mars
VCA Silver Lakes Animal Hospital,Pembroke Pines,FL,33029,VCA,Mars
VEG ER for Pets,Pembroke Pines,FL,33026,VEG (Veterinary Emergency Group),D1 Capital & Fidelity
Vetco Total Care - Pembroke Pines,Pembroke Pines,FL,33027,Vetco Total Care,Petco
Animal Hospital of Beulah,Pensacola,FL,32526,Heartland Veterinary Partners,Gryphon Investors
Banfield Pensacola,Pensacola,FL,32504,Banfield,Mars
Coastal Sunrise Animal Hospital,Pensacola,FL,32504,Heartland Veterinary Partners,Gryphon Investors
Cordova Animal Medical Center,Pensacola,FL,32504,Mission Pet Health,Silver Lake and Shore Capital Partners
Davis Animal Hospital,Pensacola,FL,32514,Mission Pet Health,Silver Lake and Shore Capital Partners
Pine Forest Animal Clinic,Pensacola,FL,32526,VetCor,Harvest Partners
Safe Harbor Animal Hospital,Pensacola,FL,32504,Mission Pet Health,Silver Lake and Shore Capital Partners
Veterinary Emergency Referral Center,Pensacola,FL,32503,Ethos Veterinary Health,JAB Holdings
Partridge Animal Hospital,Petersburg,FL,33702,Mission Pet Health,Silver Lake and Shore Capital Partners
Banfield Pinecrest,Pinecrest,FL,33156,Banfield,Mars
Pinecrest Veterinary Hospital,Pinecrest,FL,33156,NVA,JAB Holdings
VEG Pinecrest,Pinecrest,FL,33156,VEG (Veterinary Emergency Group),D1 Capital & Fidelity
Vetco Total Care - Pinellas Park,Pinellas Park,FL,33781,Vetco Total Care,Petco
Timberlane Pet Hospital & Resort,Plant City,FL,33566,VetCor,Harvest Partners
Banfield Plantation,Plantation,FL,33324,Banfield,Mars
Banfield Sawgrass,Plantation,FL,33323,Banfield,Mars
Chewy Vet Care Plantation,Plantation,FL,33324,Chewy Vet Care,"Chewy, Inc."
VCA Central Park Animal Hospital,Plantation,FL,33324,VCA,Mars
Poinciana Pet Clinic,Poinciana,FL,34759,Alliance Animal Health,L Catterton and LightBay Capital
Banfield Pompano,Pompano,FL,33062,Banfield,Mars
Acacia Animal Hospital - Pompano Beach,Pompano Beach,FL,33064,Veterinary Practice Partners,Audax Private Equity
Pompano Pet Lodge,Pompano Beach,FL,33069,NVA,JAB Holdings
VCA Ponte Vedra Animal Hospital,Ponte Vedra Beach,FL,32082,VCA,Mars
Banfield Port Charlotte,Port Charlotte,FL,33948,Banfield,Mars
Charlotte Animal Hospital,Port Charlotte,FL,33980,Mission Pet Health,Silver Lake and Shore Capital Partners
Groves Veterinary Clinic,Port Charlotte,FL,33953,Alliance Animal Health,L Catterton and LightBay Capital
The Animal Clinic,Port Charlotte,FL,33952,Mission Pet Health,Silver Lake and Shore Capital Partners
Veterinary Emergency Clinic,Port Charlotte,FL,33948,United Veterinary Care,Nordic Capital
Atlantic Animal Hospital ‚Äì Port Orange,Port Orange,FL,32129,NVA,JAB Holdings
Halifax Veterinary Center,Port Orange,FL,32127,Western Veterinary Partners,Tyree & D'Angelo Partners
Ravenwood Veterinary Clinic,Port Orange,FL,32129,Mission Pet Health,Silver Lake and Shore Capital Partners
Vetco Total Care - Port Orange,Port Orange,FL,32128,Vetco Total Care,Petco
Animal Emergency of Pasco,Port Richey,FL,34668,Alliance Animal Health,L Catterton and LightBay Capital
VCA Bayonet Point Animal Hospital,Port Richey,FL,34668,VCA,Mars
Kelly's Animal Hospital,Port Saint Lucie,FL,34986,Rarebreed Veterinary Partners,Revelstoke Capital Partners
Port St. John Veterinary Hospital,Port St. John,FL,32927,Western Veterinary Partners,Tyree & D'Angelo Partners
Banfield Port St. Lucie,Port St. Lucie,FL,34953,Banfield,Mars
GoodVets West Port St. Lucie,Port St. Lucie,FL,34953,GoodVets,General Atlantic
Kindness Animal Hospital,Port St. Lucie,FL,34984,VetCor,Harvest Partners
Live with Grace Animal Hospital,Port St. Lucie,FL,34987,Veterinary Practice Partners,Audax Private Equity
North Port St. Lucie Animal Hospital,Port St. Lucie,FL,34952,American Veterinary Group,Oak Hill Capital
Vetco Total Care - Port St. Lucie,Port St. Lucie,FL,34986,Vetco Total Care,Petco
Veterinary Medical & Emergency Center,Port St. Lucie,FL,34952,Alliance Animal Health,L Catterton and LightBay Capital
Animal Hospital at Babcock,Punta Gorda,FL,33982,PetVet Care Centers,KKR
Punta Gorda Animal Hospital,Punta Gorda,FL,33950,VetCor,Harvest Partners
Big Bend Animal Hospital,Riverview,FL,33579,Alliance Animal Health,L Catterton and LightBay Capital
Brandon Lakes Animal Hospital,Riverview,FL,33578,AmeriVet,AEA Investors and Abu Dhabi Investment Authority (ADIA)
Four Paws Veterinary Hospital,Riverview,FL,33569,Mission Pet Health,Silver Lake and Shore Capital Partners
Livewell Animal Hospital of Riverview,Riverview,FL,33579,Mission Pet Health,Silver Lake and Shore Capital Partners
VEG Viera,Rockledge,FL,32955,VEG (Veterinary Emergency Group),D1 Capital & Fidelity
Viera East Veterinary Center,Rockledge,FL,32955,Mission Pet Health,Silver Lake and Shore Capital Partners
Banfield Royal Palm Beach,Royal Palm Beach,FL,33411,Banfield,Mars
Community Animal Hospital of Royal Palm Beach,Royal Palm Beach,FL,33411,VetCor,Harvest Partners
Wellington,Royal Palm Beach,FL,33411,Petfolk,Undisclosed
Cat Thyroid Center,Ruskin,FL,33570,NVA,JAB Holdings
Fox And Friends Animal Hospital,Ruskin,FL,33573,AmeriVet,AEA Investors and Abu Dhabi Investment Authority (ADIA)
Ruskin Animal Hospital,Ruskin,FL,33570,NVA,JAB Holdings
Animal Hospital of Northwood,Safety Harbor,FL,34695,Community Veterinary Partners,OMERS
Animal Medical Clinic at St. Johns,Saint Johns,FL,32259,American Veterinary Group,Oak Hill Capital
Livewell Animal Hospital of St. Johns (coming soon),Saint Johns,FL,32259,Mission Pet Health,Silver Lake and Shore Capital Partners
UrgentVet St. Johns,Saint Johns,FL,32259,American Veterinary Group,Oak Hill Capital
Tampa Bay K9 Rehabilitation Center,Saint Petersburg,FL,33703,NVA,JAB Holdings
San Antonio Animal Hospital,San Antonio,FL,33576,AmeriVet,AEA Investors and Abu Dhabi Investment Authority (ADIA)
Integrative Animal Hospital of Central Florida,Sanford,FL,32771,VetCor,Harvest Partners
NewDay Veterinary Care Sanford,Sanford,FL,32771,NewDay Veterinary Care / Pet Paradise,Crane Group
Riverwalk Animal Hospital & Urgent Care,Sanford,FL,32771,Alliance Animal Health,L Catterton and LightBay Capital
Vetco Total Care - Sanford,Sanford,FL,32771,Vetco Total Care,Petco
VCA Sanibel Animal Hospital,Sanibel,FL,33957,VCA,Mars
Animal Medical Clinic of Gulf Gate,Sarasota,FL,34231,Veterinary Practice Partners,Audax Private Equity
Banfield Sarasota,Sarasota,FL,34231,Banfield,Mars
Banfield Sarasota University Park,Sarasota,FL,34243,Banfield,Mars
BluePearl Pet Hospital Sarasota,Sarasota,FL,34231,BluePearl Pet Hospital,Mars
Clark Road Animal Clinic,Sarasota,FL,34233,United Veterinary Care,Nordic Capital
Dr. Nina's Animal Hospital Sarasota,Sarasota,FL,34237,Mission Pet Health,Silver Lake and Shore Capital Partners
Forest Lakes Animal Clinic,Sarasota,FL,34232,American Veterinary Group,Oak Hill Capital
GoodVets Lakewood Ranch,Sarasota,FL,34240,GoodVets,General Atlantic
Gulf Gate Animal Hospital,Sarasota,FL,34231,American Veterinary Group,Oak Hill Capital
Southgate Animal Hospital,Sarasota,FL,34239,American Veterinary Group,Oak Hill Capital
Suncoast Veterinary Emergency & Specialty Center,Sarasota,FL,34231,United Veterinary Care,Nordic Capital
UrgentVet Sarasota,Sarasota,FL,34232,American Veterinary Group,Oak Hill Capital
VCA Lockwood Ridge Animal Hospital,Sarasota,FL,34234,VCA,Mars
Vetco Total Care - Sarasota,Sarasota,FL,34243,Vetco Total Care,Petco
Vetco Total Care - Sarasota,Sarasota,FL,34239,Vetco Total Care,Petco
Animal Hospital of Seminole,Seminole,FL,33772,Thrive Pet Healthcare,TSG Consumer Partners
Banfield Seminole,Seminole,FL,33772,Banfield,Mars
Oakhurst Veterinary Hospital,Seminole,FL,33776,Veterinary Practice Partners,Audax Private Equity
Vetco Total Care - Seminole,Seminole,FL,33772,Vetco Total Care,Petco
VEG South Tampa,South Tampa,FL,33629,VEG (Veterinary Emergency Group),D1 Capital & Fidelity
Animal Medical Clinic Of Spring Hill,Spring Hill,FL,34606,AmeriVet,AEA Investors and Abu Dhabi Investment Authority (ADIA)
Banfield Spring Hill,Spring Hill,FL,34606,Banfield,Mars
County Line Animal Hospital,Spring Hill,FL,34610,AmeriVet,AEA Investors and Abu Dhabi Investment Authority (ADIA)
Silverthorn Animal Clinic,Spring Hill,FL,34609,Heartland Veterinary Partners,Gryphon Investors
Spring Hill Animal Clinic,Spring Hill,FL,34609,American Veterinary Group,Oak Hill Capital
VCA San Francis Animal Hospital,Spring Hill,FL,34610,VCA,Mars
Vetco Total Care - St Johns,St Johns,FL,32259,Vetco Total Care,Petco
Bay Moorings Animal Hospital,St Petersburg,FL,33711,NVA,JAB Holdings
VEG St. Petersburg,St Petersburg,FL,33702,VEG (Veterinary Emergency Group),D1 Capital & Fidelity
Animal Wellness Center,St. Augustine,FL,32084,CareVet,Compass Group Equity Partners
Antigua Veterinary Practice,St. Augustine,FL,32084,Veterinary Practice Partners,Audax Private Equity
Banfield St. Augustine,St. Augustine,FL,32084,Banfield,Mars
Jackson Veterinary Hospital,St. Augustine,FL,32080,VetCor,Harvest Partners
Livewell Animal Hospital of St. Augustine (coming soon),St. Augustine,FL,32092,Mission Pet Health,Silver Lake and Shore Capital Partners
Nease Animal Hospital,St. Augustine,FL,32095,Alliance Animal Health,L Catterton and LightBay Capital
NewDay Veterinary Care St Johns WGV,St. Augustine,FL,32095,NewDay Veterinary Care / Pet Paradise,Crane Group
St. Johns Veterinary Hospital,St. Augustine,FL,32084,NVA,JAB Holdings
The Pet Shop at St Johns: Debbie Tripp Hope Mast,St. Augustine,FL,32084,NVA,JAB Holdings
Banfield St. Petersburg NE,St. Petersburg,FL,33702,Banfield,Mars
Banfield St. Petersburg Tyrone Sq,St. Petersburg,FL,33710,Banfield,Mars
Bayshore Animal Hospital & Avian Practice,St. Petersburg,FL,33709,Mission Pet Health,Silver Lake and Shore Capital Partners
Central Animal Hospital on Pinellas Point,St. Petersburg,FL,33712,NVA,JAB Holdings
Downtown St Pete Vet Clinic,St. Petersburg,FL,33701,VetCor,Harvest Partners
Haines Road Animal Hospital,St. Petersburg,FL,33714,Mission Pet Health,Silver Lake and Shore Capital Partners
Happy Camper Dog Camp,St. Petersburg,FL,33716,Destination Pet,L1 Health
Heart + Paw - St. Pete,St. Petersburg,FL,33707,Heart + Paw,Waud Capital Partners
Northeast Animal Hospital,St. Petersburg,FL,33704,VetCor,Harvest Partners
Plummer Pet Hospital,St. Petersburg,FL,33710,Community Veterinary Partners,OMERS
Tyrone Veterinary Hospital,St. Petersburg,FL,33710,Mission Pet Health,Silver Lake and Shore Capital Partners
UrgentVet St. Petersburg,St. Petersburg,FL,33710,American Veterinary Group,Oak Hill Capital
VCA Noah's Place Animal Medical Center,St. Petersburg,FL,33702,VCA,Mars
Town and Country Veterinary Clinic,Starke,FL,32091,Alliance Animal Health,L Catterton and LightBay Capital
All Creatures Animal Hospital,Stuart,FL,34997,Western Veterinary Partners,Tyree & D'Angelo Partners
Animal Care Extraordinaire,Stuart,FL,34994,PetVet Care Centers,KKR
Banfield Jensen Beach,Stuart,FL,34994,Banfield,Mars
Stuart Sound Animal Hospital,Stuart,FL,34997,American Veterinary Group,Oak Hill Capital
Vetco Total Care - Stuart,Stuart,FL,34994,Vetco Total Care,Petco
Sun City Center Veterinary Clinic,Sun City Center,FL,33573,Mission Pet Health,Silver Lake and Shore Capital Partners
Animal Hospital of University Drive,Sunrise,FL,33322,Heartland Veterinary Partners,Gryphon Investors
Scarbrough Animal Hospital,Sunrise,FL,33322,NVA,JAB Holdings
Allied Veterinary Emergency Hospital,Tallahassee,FL,32308,VetCor,Harvest Partners
AVS Equine Medical and Surgical Hospital,Tallahassee,FL,32309,NVA,JAB Holdings
Banfield Tallahassee,Tallahassee,FL,32317,Banfield,Mars
North Florida Animal Hospital,Tallahassee,FL,32303,NVA,JAB Holdings
Oakwood Animal Hospital,Tallahassee,FL,32303,NVA,JAB Holdings
Ox Bottom Animal Clinic,Tallahassee,FL,32312,Alliance Animal Health,L Catterton and LightBay Capital
The Animal Hospital and Pet Resort at Southwood,Tallahassee,FL,32311,VetCor,Harvest Partners
Westwood Animal Hospital,Tallahassee,FL,32304,American Veterinary Group,Oak Hill Capital
Animal Doctors Of South Tampa,Tampa,FL,33611,AmeriVet,AEA Investors and Abu Dhabi Investment Authority (ADIA)
Banfield Carrollwood Village Center,Tampa,FL,33618,Banfield,Mars
Banfield Citrus Park,Tampa,FL,33625,Banfield,Mars
Banfield Double Branch,Tampa,FL,33635,Banfield,Mars
Banfield N Tampa,Tampa,FL,33647,Banfield,Mars
Banfield Tampa Harris,Tampa,FL,33610,Banfield,Mars
Banfield Tampa Hunters Green,Tampa,FL,33647,Banfield,Mars
Banfield Tampa S,Tampa,FL,33607,Banfield,Mars
Bayshore Animal Clinic,Tampa,FL,33611,Innovetive Pet Care,Metalmark Capital
Beach Park Animal Clinic,Tampa,FL,33609,AmeriVet,AEA Investors and Abu Dhabi Investment Authority (ADIA)
BluePearl Pet Hospital Tampa,Tampa,FL,33614,BluePearl Pet Hospital,Mars
BluePearl Pet Surgery Town ‘N’ Country Tampa,Tampa,FL,33615,BluePearl Pet Hospital,Mars
Circle of Life Animal Hospital,Tampa,FL,33613,American Veterinary Group,Oak Hill Capital
CountryChase Veterinary Hospital,Tampa,FL,33626,American Veterinary Group,Oak Hill Capital
Ehrlich Animal Hospital & Arthritis Therapy Center,Tampa,FL,33626,NVA,JAB Holdings
Eye Care for Animals - Tampa,Tampa,FL,33634,Thrive Pet Healthcare,TSG Consumer Partners
Gandy Animal Hospital,Tampa,FL,33611,NVA,JAB Holdings
GoodVets South Tampa,Tampa,FL,33629,GoodVets,General Atlantic
Hyde Park Veterinary Clinic,Tampa,FL,33606,NVA,JAB Holdings
Keene Veterinary Hospital,Tampa,FL,33624,AmeriVet,AEA Investors and Abu Dhabi Investment Authority (ADIA)
Livewell Animal Hospital of Hyde Park (coming soon),Tampa,FL,33606,Mission Pet Health,Silver Lake and Shore Capital Partners
PetSuites Carrollwood,Tampa,FL,33624,NVA,JAB Holdings
Plantation Animal Hospital of Tampa,Tampa,FL,33624,NVA,JAB Holdings
Southpaw Animal Health,Tampa,FL,33618,Mission Pet Health,Silver Lake and Shore Capital Partners
Sunshine Animal Hospital,Tampa,FL,33615,Mission Pet Health,Silver Lake and Shore Capital Partners
Tampa Veterinary Hospital,Tampa,FL,33606,Mission Pet Health,Silver Lake and Shore Capital Partners
VCA Carrollwood Cat Hospital,Tampa,FL,33618,VCA,Mars
Vetco Total Care - Tampa,Tampa,FL,33618,Vetco Total Care,Petco
Westchase Veterinary Center and Emergency,Tampa,FL,33626,NVA,JAB Holdings
Saint Francis Pet Care Centers Tarpon Springs,Tarpon Springs,FL,34688,Thrive Pet Healthcare,TSG Consumer Partners
Tarpon Animal Hospital,Tarpon Springs,FL,34689,VetCor,Harvest Partners
Westlake Animal Hospital,Tarpon Springs,FL,34689,Mission Pet Health,Silver Lake and Shore Capital Partners
Colony Plaza Animal Hospital,The Villages,FL,32163,CareVet,Compass Group Equity Partners
UrgentVet The Villages,The Villages,FL,32162,American Veterinary Group,Oak Hill Capital
VCA Buffalo Ridge Animal Hospital,The Villages,FL,32162,VCA,Mars
The Lodge,Thonotosassa,FL,33592,NVA,JAB Holdings
Vetco Total Care - Titusville,Titusville,FL,32780,Vetco Total Care,Petco
Young's Animal Hospital,Titusville,FL,32780,Thrive Pet Healthcare,TSG Consumer Partners
Banfield Trinity,Trinity,FL,34655,Banfield,Mars
Saint Francis Pet Care Centers Trinity CLOSED,Trinity,FL,34655,Thrive Pet Healthcare,TSG Consumer Partners
Trinity Oaks Pet Wellness Center,Trinity,FL,34655,Alliance Animal Health,L Catterton and LightBay Capital
Dermatology For Animals Valrico,Valrico,FL,33596,Thrive Pet Healthcare,TSG Consumer Partners
PetSuites Bloomingdale,Valrico,FL,33596,NVA,JAB Holdings
UrgentVet Brandon,Valrico,FL,33596,American Veterinary Group,Oak Hill Capital
Valrico Animal Clinic,Valrico,FL,33596,VetCor,Harvest Partners
Bright Cross Animal Clinic,Venice,FL,34293,Mission Pet Health,Silver Lake and Shore Capital Partners
Banfield Vero Beach,Vero Beach,FL,32966,Banfield,Mars
Dr. Dan's Animal Hospital,Vero Beach,FL,32960,VetEvolve,Varsity Healthcare Partners
Pawprints Vero Beach,Vero Beach,FL,32966,Destination Pet,L1 Health
VCA Florida Veterinary League,Vero Beach,FL,32960,VCA,Mars
Vero Beach Veterinary Hospital,Vero Beach,FL,32960,NVA,JAB Holdings
Banfield Wellington,Wellington,FL,33414,Banfield,Mars
Palm Beach Equine Clinic,Wellington,FL,33414,PetVet Care Centers,KKR
Vetco Total Care - Wellington,Wellington,FL,33414,Vetco Total Care,Petco
Banfield Wesley Chapel,Wesley Chapel,FL,33544,Banfield,Mars
GoodVets Wesley Chapel,Wesley Chapel,FL,33545,GoodVets,General Atlantic
Livewell Animal Hospital of Wesley Chapel,Wesley Chapel,FL,33544,Mission Pet Health,Silver Lake and Shore Capital Partners
Quail Hollow Animal Hospital,Wesley Chapel,FL,33545,NVA,JAB Holdings
The Pet Dentist - Wesley Chapel,Wesley Chapel,FL,33544,Animal Outpatient Specialty Network (AOSN),Percheron Capital
Vetco Total Care - Wesley Chapel,Wesley Chapel,FL,33544,Vetco Total Care,Petco
VCA Cabrera Animal Hospital,West Miami,FL,33144,VCA,Mars
Animal Eye Guys (West Palm Beach),West Palm Beach,FL,33406,PetVet Care Centers,KKR
Banfield West Palm Beach,West Palm Beach,FL,33401,Banfield,Mars
CVCA Cardiac Care for Pets - West Palm Beach,West Palm Beach,FL,33406,Mission Pet Health,Silver Lake and Shore Capital Partners
El Cid Animal Clinic,West Palm Beach,FL,33405,VetCor,Harvest Partners
Healing Arts Veterinary Center,West Palm Beach,FL,33409,Western Veterinary Partners,Tyree & D'Angelo Partners
Posh Pet Hotel,West Palm Beach,FL,33405,NVA,JAB Holdings
River Bridge Animal Hospital,West Palm Beach,FL,33413,CareVet,Compass Group Equity Partners
Shores Animal Clinic,West Palm Beach,FL,33406,Mission Pet Health,Silver Lake and Shore Capital Partners
Summit Boulevard Animal Hospital,West Palm Beach,FL,33406,Mission Pet Health,Silver Lake and Shore Capital Partners
VCA Palm Beach Veterinary Specialists,West Palm Beach,FL,33406,VCA,Mars
UrgentVet Westchase,Westchase,FL,33626,American Veterinary Group,Oak Hill Capital
Hometown Animal Hospital,Weston,FL,33326,NVA,JAB Holdings
VCA Indian Trace Animal Hospital,Weston,FL,33326,VCA,Mars
PriorityPet Urgent Care of Wildwood,Wildwood,FL,34785,Alliance Animal Health,L Catterton and LightBay Capital
Sumter County Animal Hospital,Wildwood,FL,34785,Alliance Animal Health,L Catterton and LightBay Capital
Sumter County Animal Hospital Grooming,Wildwood,FL,34785,Alliance Animal Health,L Catterton and LightBay Capital
Windermere,Windermere,FL,34786,Petfolk,Undisclosed
Banfield Winter Garden,Winter Garden,FL,34787,Banfield,Mars
West Orange Veterinary Hospital at Hamlin,Winter Garden,FL,34787,Alliance Animal Health,L Catterton and LightBay Capital
West Orange Veterinary Hospital at Stoneybrook,Winter Garden,FL,34787,Alliance Animal Health,L Catterton and LightBay Capital
West Orange Veterinary Hospital – Vineland,Winter Garden,FL,34787,Alliance Animal Health,L Catterton and LightBay Capital
Winter Garden Animal Hospital,Winter Garden,FL,34787,American Veterinary Group,Oak Hill Capital
Compassion Animal Hospital,Winter Haven,FL,33880,American Veterinary Group,Oak Hill Capital
Dunham Animal Hospital,Winter Haven,FL,33880,VetCor,Harvest Partners
Orchid Springs Animal Hospital,Winter Haven,FL,33884,Mission Pet Health,Silver Lake and Shore Capital Partners
McAbee Veterinary Hospital,Winter Park,FL,32792,NVA,JAB Holdings
VEG Winter Park,Winter Park,FL,32789,VEG (Veterinary Emergency Group),D1 Capital & Fidelity
Banfield Winter Springs,Winter Springs,FL,32708,Banfield,Mars
Winter Springs Veterinary Clinic,Winter Springs,FL,32708,United Veterinary Care,Nordic Capital
NewDay Veterinary Care Amelia,Yulee,FL,32097,NewDay Veterinary Care / Pet Paradise,Crane Group
Acworth Animal Hospital,Acworth,GA,30101,American Veterinary Group,Oak Hill Capital
Banfield Acworth,Acworth,GA,30101,Banfield,Mars
Brookstone Animal Hospital,Acworth,GA,30101,Mission Pet Health,Silver Lake and Shore Capital Partners
Cedarcrest Animal Hospital,Acworth,GA,30101,Mission Pet Health,Silver Lake and Shore Capital Partners
Lake City Animal Hospital,Acworth,GA,30101,American Veterinary Group,Oak Hill Capital
"Dockery, Mobley & Associates Animal Hospital",Albany,GA,31707,PetVet Care Centers,KKR
Spelts & Masters Veterinary Clinic,Albany,GA,31707,Heartland Veterinary Partners,Gryphon Investors
Alpharetta Veterinary Specialty & Emergency (AVSE Alpharetta),Alpharetta,GA,30022,Ethos Veterinary Health,JAB Holdings
Chewy Vet Care Halcyon,Alpharetta,GA,30005,Chewy Vet Care,"Chewy, Inc."
Crabapple Knoll Veterinary Clinic,Alpharetta,GA,30004,VetCor,Harvest Partners
Hamby Road Animal Hospital,Alpharetta,GA,30004,NVA,JAB Holdings
Little River Animal Hospital,Alpharetta,GA,30004,Mission Pet Health,Silver Lake and Shore Capital Partners
Loving Hands Animal Clinic & Pet Resort,Alpharetta,GA,30004,PetVet Care Centers,KKR
Mill Creek Animal Hospital,Alpharetta,GA,30022,CareVet,Compass Group Equity Partners
Milton Animal Hospital,Alpharetta,GA,30004,Veterinary Practice Partners,Audax Private Equity
Pet Lodge Pet Resort,Alpharetta,GA,30004,NVA,JAB Holdings
VEG Alpharetta,Alpharetta,GA,30009,VEG (Veterinary Emergency Group),D1 Capital & Fidelity
Veterinary Medical Center,Alpharetta,GA,30022,VetCor,Harvest Partners
Gaines Shoal Animal Clinic,Athens,GA,30605,Heartland Veterinary Partners,Gryphon Investors
Good Hands Veterinary Hospital,Athens,GA,30606,VetCor,Harvest Partners
Ansley Animal Clinic,Atlanta,GA,30324,Mission Pet Health,Silver Lake and Shore Capital Partners
Banfield Buckhead,Atlanta,GA,30305,Banfield,Mars
Banfield Castlegate,Atlanta,GA,30318,Banfield,Mars
Banfield Midtown,Atlanta,GA,30308,Banfield,Mars
Bark and Board,Atlanta,GA,30319,NVA,JAB Holdings
Bark and Board,Atlanta,GA,30309,NVA,JAB Holdings
BluePearl Pet Hospital Westside Atlanta,Atlanta,GA,30318,BluePearl Pet Hospital,Mars
Brookhaven Animal Hospital,Atlanta,GA,30319,Innovetive Pet Care,Metalmark Capital
Chewy Vet Care Fountain Oaks,Atlanta,GA,30342,Chewy Vet Care,"Chewy, Inc."
Chewy Vet Care Midtown,Atlanta,GA,30308,Chewy Vet Care,"Chewy, Inc."
CityVet - Midtown Veterinary Clinic & Urgent Care,Atlanta,GA,30309,CityVet,RiverGlade Capital
Common Companion Vet Co. – Inman Park,Atlanta,GA,30307,AmeriVet,AEA Investors and Abu Dhabi Investment Authority (ADIA)
Common Companion Vet Co. – Reynoldstown,Atlanta,GA,30316,AmeriVet,AEA Investors and Abu Dhabi Investment Authority (ADIA)
Doguroo,Atlanta,GA,30318,NVA,JAB Holdings
GoodVets Toco Hills,Atlanta,GA,30329,GoodVets,General Atlantic
GoodVets West Buckhead,Atlanta,GA,30318,GoodVets,General Atlantic
GoodVets West Midtown,Atlanta,GA,30318,GoodVets,General Atlantic
Inman Park Animal Hospital,Atlanta,GA,30307,Mission Pet Health,Silver Lake and Shore Capital Partners
K-9 Coach,Atlanta,GA,30339,Destination Pet,L1 Health
MedVet Atlanta,Atlanta,GA,30345,MedVet,Minority stake by Leonard Green & Partners
Mt Paran Animal Hospital,Atlanta,GA,30342,Mission Pet Health,Silver Lake and Shore Capital Partners
Paces Ferry Veterinary Clinic,Atlanta,GA,30339,Mission Pet Health,Silver Lake and Shore Capital Partners
Peachtree Hills Animal Hospital,Atlanta,GA,30305,United Veterinary Care,Nordic Capital
Petfolk Veterinary & Urgent Care - Grant Park,Atlanta,GA,30315,Petfolk,Undisclosed
Pharr Road Animal Hospital,Atlanta,GA,30305,Mission Pet Health,Silver Lake and Shore Capital Partners
Powers Ferry Animal Hospital,Atlanta,GA,30339,Mission Pet Health,Silver Lake and Shore Capital Partners
The Village Vets Buckhead,Atlanta,GA,30327,Mission Pet Health,Silver Lake and Shore Capital Partners
The Village Vets Virginia-Highland,Atlanta,GA,30306,Mission Pet Health,Silver Lake and Shore Capital Partners
The Village Vets Westside,Atlanta,GA,30318,Mission Pet Health,Silver Lake and Shore Capital Partners
Treehouse Animal Clinic,Atlanta,GA,30318,AmeriVet,AEA Investors and Abu Dhabi Investment Authority (ADIA)
VCA Briarcliff Animal Hospital,Atlanta,GA,30306,VCA,Mars
VCA Buckhead Animal Hospital,Atlanta,GA,30324,VCA,Mars
VCA Midtown Animal Hospital,Atlanta,GA,30324,VCA,Mars
Vernon Woods Animal Hospital,Atlanta,GA,30328,Innovetive Pet Care,Metalmark Capital
Vetco Total Care - Atlanta,Atlanta,GA,30307,Vetco Total Care,Petco
West End Animal Wellness Center,Atlanta,GA,30310,CareVet,Compass Group Equity Partners
Wieuca Animal Clinic,Atlanta,GA,30342,Alliance Animal Health,L Catterton and LightBay Capital
Auburn Animal Hospital,Auburn,GA,30011,VetCor,Harvest Partners
Aidmore Animal Clinic,Augusta,GA,30909,Heartland Veterinary Partners,Gryphon Investors
All God's Creatures,Augusta,GA,30909,Heartland Veterinary Partners,Gryphon Investors
Banfield Augusta,Augusta,GA,30909,Banfield,Mars
BluePearl Pet Hospital Augusta,Augusta,GA,30909,BluePearl Pet Hospital,Mars
Highland Animal Hospital,Augusta,GA,30904,PetVet Care Centers,KKR
Paradise Animal Hospital,Augusta,GA,30909,Heartland Veterinary Partners,Gryphon Investors
Saint Francis Animal Hospital,Augusta,GA,30909,Alliance Animal Health,L Catterton and LightBay Capital
Banfield Austell,Austell,GA,30106,Banfield,Mars
Bullard Animal Hospital,Austell,GA,30106,PetVet Care Centers,KKR
Bainbridge Animal Hospital,Bainbridge,GA,39817,American Veterinary Group,Oak Hill Capital
Barnesville Animal Clinic,Barnesville,GA,30204,VetCor,Harvest Partners
Banfield Winder,Bethlehem,GA,30620,Banfield,Mars
Blairsville Animal Hospital,Blairsville,GA,30512,Mission Pet Health,Silver Lake and Shore Capital Partners
Faulkville Animal Hospital,Bloomingdale,GA,31302,NVA,JAB Holdings
Pooler Veterinary Hospital,Bloomingdale,GA,31302,Veterinary Practice Partners,Audax Private Equity
Cohutta Animal Clinic,Blue Ridge,GA,30513,Western Veterinary Partners,Tyree & D'Angelo Partners
Mountain Emergency Animal Center,Blue Ridge,GA,30513,Alliance Animal Health,L Catterton and LightBay Capital
Ocoee Animal Hospital,Blue Ridge,GA,30513,VetCor,Harvest Partners
Mars Hill Animal Hospital,Bogart,GA,30622,VetCor,Harvest Partners
North Oconee Animal Hospital,Bogart,GA,30622,Mission Pet Health,Silver Lake and Shore Capital Partners
Bowdon Animal Hospital,Bowdon,GA,30108,AmeriVet,AEA Investors and Abu Dhabi Investment Authority (ADIA)
Best Friend Veterinary & Pet Lodge,Braselton,GA,30517,Mission Pet Health,Silver Lake and Shore Capital Partners
Chateau Animal Hospital,Braselton,GA,30517,Mission Pet Health,Silver Lake and Shore Capital Partners
North Brookhaven Veterinary Hospital,Brookhaven,GA,30319,PetVet Care Centers,KKR
VEG Brookhaven,Brookhaven,GA,30319,VEG (Veterinary Emergency Group),D1 Capital & Fidelity
Coastal Animal Hospital,Brunswick,GA,31520,VetCor,Harvest Partners
Southeast Georgia Veterinary Clinic,Brunswick,GA,31523,VetCor,Harvest Partners
Animal Hospital of North Gwinnett,Buford,GA,30518,Mission Pet Health,Silver Lake and Shore Capital Partners
Banfield Mill Creek,Buford,GA,30519,Banfield,Mars
Hamilton Mill Animal Hospital,Buford,GA,30519,Mission Pet Health,Silver Lake and Shore Capital Partners
My Pet's Vet Buford,Buford,GA,30519,My Pet's Vet Group,Fulcrum Equity Partners
PetSuites Braselton,Buford,GA,30519,NVA,JAB Holdings
Cairo Animal Hospital,Cairo,GA,39827,American Veterinary Group,Oak Hill Capital
Animal Hospital of Gordon County,Calhoun,GA,30701,VetCor,Harvest Partners
Mitchell County Animal Hospital,Camilla,GA,31730,American Veterinary Group,Oak Hill Capital
Animal Medical & Surgical Center,Canton,GA,30114,NVA,JAB Holdings
BridgeMill Animal Hospital,Canton,GA,30114,NVA,JAB Holdings
Union Hill Animal Hospital,Canton,GA,30115,Veterinary Practice Partners,Audax Private Equity
Carrol County Animal Hospital at Oak Mountain,Carrollton,GA,30116,PetVet Care Centers,KKR
Carroll County Animal Hospital,Carrollton,GA,30117,PetVet Care Centers,KKR
Carroll County Animal Hospital - Columbia Drive,Carrollton,GA,30117,PetVet Care Centers,KKR
Bartow Animal Hospital,Cartersville,GA,30121,American Veterinary Group,Oak Hill Capital
ShotVet at PetSmart - Cartersville,Cartersville,GA,30121,ShotVet,Privately held; no external sponsor identified
Banfield Chamblee,Chamblee,GA,30341,Banfield,Mars
CityVet - Chamblee Veterinary Clinic & Urgent Care,Chamblee,GA,30341,CityVet,RiverGlade Capital
VCA Peachtree Animal Hospital,Chamblee,GA,30341,VCA,Mars
Clarkesville Veterinary Hospital,Clarkesville,GA,30523,Mission Pet Health,Silver Lake and Shore Capital Partners
Northlake Veterinary Surgery,Clarkston,GA,30021,Ethos Veterinary Health,JAB Holdings
Mt. Yonah Animal Hospital,Cleveland,GA,30528,PetVet Care Centers,KKR
2nd Avenue Animal Hospital,Columbus,GA,31904,AmeriVet,AEA Investors and Abu Dhabi Investment Authority (ADIA)
Animal General Hospital,Columbus,GA,31907,American Veterinary Group,Oak Hill Capital
Columbus Veterinary Medical Center,Columbus,GA,31909,Mission Pet Health,Silver Lake and Shore Capital Partners
Northridge Veterinary Center,Columbus,GA,31909,VetCor,Harvest Partners
Northside Animal Hospital,Columbus,GA,31904,NVA,JAB Holdings
Weems Road Animal Hospital,Columbus,GA,31909,VetCor,Harvest Partners
Banfield Conyers,Conyers,GA,30013,Banfield,Mars
Honey Creek Veterinary Hospital,Conyers,GA,30013,Alliance Animal Health,L Catterton and LightBay Capital
Cornelia Veterinary Hospital,Cornelia,GA,30531,Mission Pet Health,Silver Lake and Shore Capital Partners
Northeast Veterinary Hospital,Cornelia,GA,30531,Mission Pet Health,Silver Lake and Shore Capital Partners
Animal Medical Center of Cumming,Cumming,GA,30041,PetVet Care Centers,KKR
Banfield Cumming,Cumming,GA,30041,Banfield,Mars
Barkfield Animal Hospital,Cumming,GA,30040,Innovetive Pet Care,Metalmark Capital
Creekside Animal Hospital,Cumming,GA,30041,NVA,JAB Holdings
Crestview Animal Hospital,Cumming,GA,30040,PetVet Care Centers,KKR
Happy Dogs Play and Stay,Cumming,GA,30040,Destination Pet,L1 Health
PetSuites Cumming,Cumming,GA,30041,NVA,JAB Holdings
Sawnee Animal Clinic,Cumming,GA,30040,Mission Pet Health,Silver Lake and Shore Capital Partners
UrgentVet Cumming,Cumming,GA,30041,American Veterinary Group,Oak Hill Capital
Walmart Pet Services - Cumming,Cumming,GA,30028,Walmart Pet Services,Walmart Inc.
VCA Dahlonega Animal Hospital,Dahlonega,GA,30533,VCA,Mars
East Paulding Animal Hospital,Dallas,GA,30157,Mission Pet Health,Silver Lake and Shore Capital Partners
New Hope Animal Hospital,Dallas,GA,30157,PetVet Care Centers,KKR
Dawsonville Veterinary Hospital,Dawsonville,GA,30534,AmeriVet,AEA Investors and Abu Dhabi Investment Authority (ADIA)
Banfield Decatur-Blackmon,Decatur,GA,30033,Banfield,Mars
Clairmont Animal Hospital,Decatur,GA,30030,Mission Pet Health,Silver Lake and Shore Capital Partners
North Dekalb Veterinary Clinic,Decatur,GA,30033,Alliance Animal Health,L Catterton and LightBay Capital
Saint Francis Veterinary Specialists and Emergency,Decatur,GA,30033,Thrive Pet Healthcare,TSG Consumer Partners
The Village Vets Avondale Estates,Decatur,GA,30030,Mission Pet Health,Silver Lake and Shore Capital Partners
The Village Vets Decatur-Ponce,Decatur,GA,30030,Mission Pet Health,Silver Lake and Shore Capital Partners
Thrive Pet Healthcare Decatur,Decatur,GA,30033,Thrive Pet Healthcare,TSG Consumer Partners
Lindsey and Wills Animal Hospital,Douglas,GA,31533,American Veterinary Group,Oak Hill Capital
Banfield Douglasville,Douglasville,GA,30135,Banfield,Mars
Douglasville Veterinary Hospital,Douglasville,GA,30134,PetVet Care Centers,KKR
Kay Animal Hospital,Douglasville,GA,30134,PetVet Care Centers,KKR
Banfield Duluth,Duluth,GA,30096,Banfield,Mars
Banfield Duluth Sugarloaf Marketplace,Duluth,GA,30097,Banfield,Mars
Duluth Animal Hospital,Duluth,GA,30096,Lakefield Veterinary Group,Desmarais family and Peloton Capital Management
Duluth Dog Depot,Duluth,GA,30096,Lakefield Veterinary Group,Desmarais family and Peloton Capital Management
Atlanta Pet Resort - Dunwoody,Dunwoody,GA,30338,Destination Pet,L1 Health
Chewy Vet Care Perimeter,Dunwoody,GA,30346,Chewy Vet Care,"Chewy, Inc."
GoodVets Dunwoody,Dunwoody,GA,30338,GoodVets,General Atlantic
VCA Dunwoody Veterinary Center,Dunwoody,GA,30338,VCA,Mars
VCA Appalachian Animal Hospital,East Ellijay,GA,30540,VCA,Mars
Banfield East Point (Camp Creek),East Point,GA,30344,Banfield,Mars
VCA College Park Animal Hospital,East Point,GA,30344,VCA,Mars
Fairview Animal Hospital,Ellenwood,GA,30294,Alliance Animal Health,L Catterton and LightBay Capital
Hill Top Animal Hospital,Evans,GA,30809,Alliance Animal Health,L Catterton and LightBay Capital
Vetco Total Care - Evans,Evans,GA,30809,Vetco Total Care,Petco
Animal Medical Clinic of Fairburn,Fairburn,GA,30213,Thrive Pet Healthcare,TSG Consumer Partners
Animal Dermatology Clinic - Fayetteville,Fayetteville,GA,30214,Animal Dermatology Clinic,Percheron Capital
Banfield Fayetteville,Fayetteville,GA,30214,Banfield,Mars
Fayette Veterinary Medical Center,Fayetteville,GA,30214,PetVet Care Centers,KKR
South Atlanta Veterinary Emergency & Specialty,Fayetteville,GA,30214,Thrive Pet Healthcare,TSG Consumer Partners
Banfield Flowery Branch,Flowery Branch,GA,30542,Banfield,Mars
Animal Medical Center of Fort Oglethorpe,Fort Oglethorpe,GA,30742,PetVet Care Centers,KKR
Smith Animal Hospital – Fort Valley Location CLOSED,Fort Valley,GA,31030,PetVet Care Centers,KKR
Animal Emergency Of Gainesville,Gainesville,GA,30501,AmeriVet,AEA Investors and Abu Dhabi Investment Authority (ADIA)
Animal Medical Care,Gainesville,GA,30501,AmeriVet,AEA Investors and Abu Dhabi Investment Authority (ADIA)
Browns Bridge Animal Hospital,Gainesville,GA,30504,PetVet Care Centers,KKR
Gainesville Veterinary Hospital,Gainesville,GA,30501,AmeriVet,AEA Investors and Abu Dhabi Investment Authority (ADIA)
Eastside Animal Medical Center,Grayson,GA,30017,VetCor,Harvest Partners
Durham Veterinary Clinic,Greensboro,GA,30642,American Veterinary Group,Oak Hill Capital
Griffin Animal Care,Griffin,GA,30223,Western Veterinary Partners,Tyree & D'Angelo Partners
Memorial Drive Veterinary Clinic,Griffin,GA,30223,AmeriVet,AEA Investors and Abu Dhabi Investment Authority (ADIA)
North Griffin Animal Hospital,Griffin,GA,30223,Alliance Animal Health,L Catterton and LightBay Capital
Hahira Veterinary Clinic,Hahira,GA,31632,CareVet,Compass Group Equity Partners
Ark Animal Hospital,Hiram,GA,30141,Alliance Animal Health,L Catterton and LightBay Capital
Hiram Animal Hospital,Hiram,GA,30141,Veterinary Practice Partners,Audax Private Equity
Hoschton Animal Hospital,Hoschton,GA,30548,CareVet,Compass Group Equity Partners
Magnolia Veterinary Hospital,Hoschton,GA,30548,Alliance Animal Health,L Catterton and LightBay Capital
Wolfe Animal Hospital,Jesup,GA,31545,PetVet Care Centers,KKR
BluePearl Pet Hospital,Johns Creek,GA,30024,BluePearl Pet Hospital,Mars
It's a Dog's Life Resort,Johns Creek,GA,30022,Destination Pet,L1 Health
Johns Creek Veterinary Clinic,Johns Creek,GA,30097,PetVet Care Centers,KKR
Jones Bridge Animal Hospital,Johns Creek,GA,30022,Mission Pet Health,Silver Lake and Shore Capital Partners
Petfolk Veterinary & Urgent Care - John's Creek,Johns Creek,GA,30097,Petfolk,Undisclosed
Banfield Kennesaw Main,Kennesaw,GA,30144,Banfield,Mars
Butler Creek Animal Hospital,Kennesaw,GA,30152,Mission Pet Health,Silver Lake and Shore Capital Partners
Kennesaw,Kennesaw,GA,30144,Petfolk,Undisclosed
Kennesaw Mountain Animal Hospital,Kennesaw,GA,30152,Alliance Animal Health,L Catterton and LightBay Capital
Kennesaw Mountain Veterinary Services,Kennesaw,GA,30152,Mission Pet Health,Silver Lake and Shore Capital Partners
My Pet's Vet Kennesaw,Kennesaw,GA,30144,My Pet's Vet Group,Fulcrum Equity Partners
North Cobb Animal Hospital,Kennesaw,GA,30152,PetVet Care Centers,KKR
UrgentVet Kennesaw,Kennesaw,GA,30144,American Veterinary Group,Oak Hill Capital
Vetco Total Care - Kennesaw,Kennesaw,GA,30152,Vetco Total Care,Petco
Lake Park Veterinary Clinic,Lake Park,GA,31636,AmeriVet,AEA Investors and Abu Dhabi Investment Authority (ADIA)
Animal Medical Center of Lawrenceville,Lawrenceville,GA,30046,Thrive Pet Healthcare,TSG Consumer Partners
Banfield Pet Hospital,Lawrenceville,GA,30043,Banfield,Mars
BluePearl Pet Hospital Gwinnett Lawrenceville,Lawrenceville,GA,30043,BluePearl Pet Hospital,Mars
Gwinnett Animal Clinic,Lawrenceville,GA,30046,VetCor,Harvest Partners
PetSuites Lawrenceville,Lawrenceville,GA,30045,NVA,JAB Holdings
Premier Veterinary Hospital,Lawrenceville,GA,30043,CareVet,Compass Group Equity Partners
Sugarloaf Animal Hospital,Lawrenceville,GA,30045,VetCor,Harvest Partners
Leesburg Animal Hospital,Leesburg,GA,31763,American Veterinary Group,Oak Hill Capital
Beaver Crossing Animal Hospital,Lilburn,GA,30047,Mission Pet Health,Silver Lake and Shore Capital Partners
VCA Lilburn Animal Hospital,Lilburn,GA,30047,VCA,Mars
Westside Animal Emergency Clinic,Lithia Springs,GA,30122,PetVet Care Centers,KKR
Woodland Animal Hospital,Locust Grove,GA,30248,Suveto,Levine Leichtman Capital
Banfield Loganville,Loganville,GA,30052,Banfield,Mars
Walton Gwinnett Animal Clinic,Loganville,GA,30052,Innovetive Pet Care,Metalmark Capital
Leland Veterinary Clinic,Mableton,GA,30126,VetCor,Harvest Partners
Piedmont Equine Associates,Madison,GA,30650,American Veterinary Group,Oak Hill Capital
Animal Dermatology Clinic Marietta,Marietta,GA,30067,Animal Dermatology Clinic,Percheron Capital
Atlanta Pet Resort - Marietta,Marietta,GA,30066,Destination Pet,L1 Health
Banfield Marietta,Marietta,GA,30068,Banfield,Mars
BluePearl Pet Rehab + Fitness Marietta,Marietta,GA,30068,BluePearl Pet Hospital,Mars
Dogwood Veterinary Specialty and Emergency,Marietta,GA,30067,Innovetive Pet Care,Metalmark Capital
Due West Animal Hospital,Marietta,GA,30064,NVA,JAB Holdings
East Cobb Marietta,Marietta,GA,30062,Petfolk,Undisclosed
Greater Atlanta Veterinary Medical Group,Marietta,GA,30066,Mission Pet Health,Silver Lake and Shore Capital Partners
Lassiter Animal Hospital,Marietta,GA,30062,VetCor,Harvest Partners
"Marietta (GA), Thrive Pet Healthcare CLOSED",Marietta,GA,30066,Thrive Pet Healthcare,TSG Consumer Partners
Paws Whiskers and Claws,Marietta,GA,30068,PetVet Care Centers,KKR
Radiocat,Marietta,GA,30062,PetVet Care Centers,KKR
Sprayberry Animal Hospital,Marietta,GA,30062,Innovetive Pet Care,Metalmark Capital
Tritt Animal Hospital,Marietta,GA,30062,VetCor,Harvest Partners
VCA Terrell Mill Animal Hospital,Marietta,GA,30067,VCA,Mars
VEG Marietta,Marietta,GA,30068,VEG (Veterinary Emergency Group),D1 Capital & Fidelity
Copper Basin Veterinary Clinic,McCaysville,GA,30555,AmeriVet,AEA Investors and Abu Dhabi Investment Authority (ADIA)
Banfield McDonough,Mcdonough,GA,30253,Banfield,Mars
Mcdonough Animal Hospital,McDonough,GA,30253,Alliance Animal Health,L Catterton and LightBay Capital
Heart of Georgia Animal Care,Milledgeville,GA,31061,PetVet Care Centers,KKR
Moreland Animal Hospital,Moreland,GA,30259,Western Veterinary Partners,Tyree & D'Angelo Partners
Banfield Southlake,Morrow,GA,30260,Banfield,Mars
SouthSide Veterinary Center,Moultrie,GA,31788,Heartland Veterinary Partners,Gryphon Investors
Murrayville Veterinary Clinic,Murrayville,GA,30564,Mission Pet Health,Silver Lake and Shore Capital Partners
Branch’s Veterinary Clinic,Nashville,GA,31639,American Veterinary Group,Oak Hill Capital
Banfield Newnan,Newnan,GA,30265,Banfield,Mars
Coweta Animal Hospital,Newnan,GA,30263,Alliance Animal Health,L Catterton and LightBay Capital
Crossroads Animal Hospital,Newnan,GA,30265,Mission Pet Health,Silver Lake and Shore Capital Partners
Dogwood Veterinary Hospital and Laser Center,Newnan,GA,30263,Mission Pet Health,Silver Lake and Shore Capital Partners
Banfield Norcross,Norcross,GA,30092,Banfield,Mars
My Pet's Vet Dunwoody,Norcross,GA,30092,My Pet's Vet Group,Fulcrum Equity Partners
Peachtree Corners Animal Clinic,Norcross,GA,30092,Mission Pet Health,Silver Lake and Shore Capital Partners
PetSuites Norcross,Norcross,GA,30071,NVA,JAB Holdings
Oakwood Animal Hospital,Oakwood,GA,30566,PetVet Care Centers,KKR
Animal Medical Clinic - Pet Care Center & Hotel,Peachtree City,GA,30269,Thrive Pet Healthcare,TSG Consumer Partners
Animal Medical Clinic of Peachtree City,Peachtree City,GA,30269,Thrive Pet Healthcare,TSG Consumer Partners
Banfield Peachtree City,Peachtree City,GA,30269,Banfield,Mars
Flat Creek Animal Clinic,Peachtree City,GA,30269,Mission Pet Health,Silver Lake and Shore Capital Partners
Peachtree Pets,Peachtree City,GA,30269,Destination Pet,L1 Health
UrgentVet Peachtree City,Peachtree City,GA,30269,American Veterinary Group,Oak Hill Capital
VCA Braelinn Village Animal Hospital,Peachtree City,GA,30269,VCA,Mars
Vetco Total Care - Peachtree City,Peachtree City,GA,30269,Vetco Total Care,Petco
Peachtree Corners,Peachtree Corners,GA,30092,Petfolk,Undisclosed
Perry Animal Hospital,Perry,GA,31069,PetVet Care Centers,KKR
Smith Animal Hospital – Perry Location,Perry,GA,31069,PetVet Care Centers,KKR
Westmoreland & Slappey Animal Hospital,Perry,GA,31069,PetVet Care Centers,KKR
Powder Springs Animal Clinic,Powder Springs,GA,30127,PetVet Care Centers,KKR
Rabun Animal Hospital,Rabun Gap,GA,30568,PetVet Care Centers,KKR
Cedar Animal Hospital,Richmond Hill,GA,31324,Mission Pet Health,Silver Lake and Shore Capital Partners
VCA Webb Animal Hospital,Rincon,GA,31326,VCA,Mars
VCA Catoosa Animal Hospital,Ringgold,GA,30736,VCA,Mars
Rockmart Animal Hospital,Rockmart,GA,30153,Alliance Animal Health,L Catterton and LightBay Capital
Culbreth Carr Watson Animal Clinic,Rome,GA,30161,Alliance Animal Health,L Catterton and LightBay Capital
Northwest Georgia Veterinary Emergency Center,Rome,GA,30165,Lakefield Veterinary Group,Desmarais family and Peloton Capital Management
Banfield Roswell,Roswell,GA,30075,Banfield,Mars
Banfield Roswell S,Roswell,GA,30075,Banfield,Mars
CityVet - Roswell Veterinary Clinic & Urgent Care,Roswell,GA,30076,CityVet,RiverGlade Capital
East Roswell Vet Hospital,Roswell,GA,30076,VetCor,Harvest Partners
Holcomb Bridge Animal Hospital,Roswell,GA,30076,Alliance Animal Health,L Catterton and LightBay Capital
PetSuites Roswell,Roswell,GA,30076,NVA,JAB Holdings
UrgentVet Roswell,Roswell,GA,30075,American Veterinary Group,Oak Hill Capital
VCA Pets Are People Too Roswell Animal Hospital,Roswell,GA,30076,VCA,Mars
VCA Roswell Animal Hospital,Roswell,GA,30075,VCA,Mars
Royston Animal Hospital,Royston,GA,30662,VetCor,Harvest Partners
Island Animal Hospital,Saint Simons Island,GA,31522,NVA,JAB Holdings
Animal Emergency of Sandy Springs,Sandy Springs,GA,30328,Innovetive Pet Care,Metalmark Capital
BluePearl Pet Hospital Sandy Springs,Sandy Springs,GA,30328,BluePearl Pet Hospital,Mars
Sandy Springs,Sandy Springs,GA,30328,Petfolk,Undisclosed
VCA North Atlanta Animal Hospital,Sandy Springs,GA,30328,VCA,Mars
Vetco Total Care - Sandy Springs,Sandy Springs,GA,30328,Vetco Total Care,Petco
Banfield Pet Hospital,Savannah,GA,31406,Banfield,Mars
Banfield Savannah Victory Drive,Savannah,GA,31404,Banfield,Mars
BluePearl Pet Hospital Savannah,Savannah,GA,31405,BluePearl Pet Hospital,Mars
Central Animal Hospital,Savannah,GA,31401,VetCor,Harvest Partners
Crossroad Animal Hospital,Savannah,GA,31406,Western Veterinary Partners,Tyree & D'Angelo Partners
Island Veterinary Clinic,Savannah,GA,31410,Alliance Animal Health,L Catterton and LightBay Capital
VCA Greater Savannah Animal Hospital,Savannah,GA,31406,VCA,Mars
Vetco Total Care - Savannah,Savannah,GA,31406,Vetco Total Care,Petco
East Coweta Veterinary Hospital,Sharpsburg,GA,30277,PetVet Care Centers,KKR
NewDay Veterinary Care Peachtree City,Sharpsburg,GA,30277,NewDay Veterinary Care / Pet Paradise,Crane Group
Banfield Smyrna,Smyrna,GA,30080,Banfield,Mars
Chastain Animal Clinic,Smyrna,GA,30080,NVA,JAB Holdings
Cumberland Animal Clinic,Smyrna,GA,30080,PetVet Care Centers,KKR
Windy Hill Veterinary Hospital,Smyrna,GA,30080,AmeriVet,AEA Investors and Abu Dhabi Investment Authority (ADIA)
Banfield Snellville,Snellville,GA,30078,Banfield,Mars
Gwinnett Animal Hospital,Snellville,GA,30078,Mission Pet Health,Silver Lake and Shore Capital Partners
NewDay Veterinary Care Snellville,Snellville,GA,30078,NewDay Veterinary Care / Pet Paradise,Crane Group
Snellville Animal Hospital,Snellville,GA,30078,PetVet Care Centers,KKR
VEG Snellville,Snellville,GA,30078,VEG (Veterinary Emergency Group),D1 Capital & Fidelity
Vetco Total Care - Snellville,Snellville,GA,30078,Vetco Total Care,Petco
Seaside Veterinary Hospital,St. Simons Island,GA,31522,Mission Pet Health,Silver Lake and Shore Capital Partners
Best Friends Animal Hospital,Statesboro,GA,30458,Mission Pet Health,Silver Lake and Shore Capital Partners
Gateway Animal Hospital,Statesboro,GA,30458,Mission Pet Health,Silver Lake and Shore Capital Partners
Statesboro Bulloch Regional Veterinary Hospital,Statesboro,GA,30461,PetVet Care Centers,KKR
Vetco Total Care - Statesboro,Statesboro,GA,30458,Vetco Total Care,Petco
Stone Mountain Animal Hospital,Stone Mountain,GA,30083,VetCor,Harvest Partners
The Village Vets Stone Mountain,Stone Mountain,GA,30087,Mission Pet Health,Silver Lake and Shore Capital Partners
Sugar Hill Animal Hospital,Sugar Hill,GA,30518,Mission Pet Health,Silver Lake and Shore Capital Partners
Banfield Johns Creek,Suwanee,GA,30024,Banfield,Mars
Heart of Suwanee Animal Hospital,Suwanee,GA,30024,PetVet Care Centers,KKR
Suwanee Animal Hospital,Suwanee,GA,30024,Mission Pet Health,Silver Lake and Shore Capital Partners
VCA Falcon Village Animal Hospital,Suwanee,GA,30024,VCA,Mars
Clanton-Malphus-Hodges Veterinary Hospital & Pet Motel,Thomasville,GA,31792,American Veterinary Group,Oak Hill Capital
Branch’s Animal Hospital,Tifton,GA,31794,American Veterinary Group,Oak Hill Capital
Banfield Tucker,Tucker,GA,30084,Banfield,Mars
CityVet - Northlake Veterinary Clinic,Tucker,GA,30084,CityVet,RiverGlade Capital
DeKalb Animal Hospital,Tucker,GA,30084,Thrive Pet Healthcare,TSG Consumer Partners
Azalea City Animal Hospital,Valdosta,GA,31645,American Veterinary Group,Oak Hill Capital
Baytree Animal Hospital,Valdosta,GA,31602,American Veterinary Group,Oak Hill Capital
Veterinary Care Center Of Valdosta,Valdosta,GA,31601,AmeriVet,AEA Investors and Abu Dhabi Investment Authority (ADIA)
Villa Rica Animal Hospital,Villa Rica,GA,30180,PetVet Care Centers,KKR
Endless Love Pet Palace,Warner Robins,GA,31093,Destination Pet,L1 Health
Southwood Animal Hospital,Warner Robins,GA,31088,Mission Pet Health,Silver Lake and Shore Capital Partners
Wilkes County Veterinary Services,Washington,GA,30673,Innovetive Pet Care,Metalmark Capital
PriorityPet Urgent Care of Watkinsville,Watkinsville,GA,30677,Alliance Animal Health,L Catterton and LightBay Capital
Satilla Animal Hospital,Waycross,GA,31501,American Veterinary Group,Oak Hill Capital
West Rome Animal Clinic,West Rome,GA,30165,Mission Pet Health,Silver Lake and Shore Capital Partners
Winder Animal Hospital,Winder,GA,30680,Alliance Animal Health,L Catterton and LightBay Capital
Winder Corners Animal Clinic,Winder,GA,30680,CareVet,Compass Group Equity Partners
Affordable Vet Center,Woodstock,GA,30189,VetCor,Harvest Partners
Animal Hospital of Towne Lake,Woodstock,GA,30189,NVA,JAB Holdings
Banfield Woodstock,Woodstock,GA,30189,Banfield,Mars
Bush Veterinary Neurology Service (BVNS) – Woodstock - CLOSED,Woodstock,GA,30189,Ethos Veterinary Health,JAB Holdings
CityVet - Woodstock Veterinary Clinic,Woodstock,GA,30188,CityVet,RiverGlade Capital
Highway 92 Animal Hospital,Woodstock,GA,30189,NVA,JAB Holdings
PetSuites Woodstock,Woodstock,GA,30189,NVA,JAB Holdings
South Cherokee Veterinary Hospital,Woodstock,GA,30188,AmeriVet,AEA Investors and Abu Dhabi Investment Authority (ADIA)
Lake Chatuge Animal Hospital,Young Harris,GA,30582,NVA,JAB Holdings
Aloha Affordable Veterinary Services,Aiea,HI,96701,VetCor,Harvest Partners
Ali'i Animal Hospital,Honolulu,HI,96814,VetCor,Harvest Partners
Ali'i Kahala Animal Clinic,Honolulu,HI,96821,VetCor,Harvest Partners
Animal Clinic of Honolulu,Honolulu,HI,96816,VetCor,Harvest Partners
Animal Dermatology Clinic Honolulu,Honolulu,HI,96826,Animal Dermatology Clinic,Percheron Capital
King Street Pet Hospital,Honolulu,HI,96826,NVA,JAB Holdings
PetVet Animal Hospital,Honolulu,HI,96818,VetCor,Harvest Partners
VCA Gentle Vets Animal Hospital,Honolulu,HI,96825,VCA,Mars
VCA University Animal Hospital,Honolulu,HI,96822,VCA,Mars
Vetco Total Care - Honolulu,Honolulu,HI,96825,Vetco Total Care,Petco
Veterinary Emergency + Referral Center (VERC),Honolulu,HI,96817,Ethos Veterinary Health,JAB Holdings
At Home Animal Hospital,Kahului,HI,96732,VetCor,Harvest Partners
Central Maui Animal Clinic,Kahului,HI,96732,Thrive Pet Healthcare,TSG Consumer Partners
Ali'i Kailua Grooming,Kailua,HI,96734,VetCor,Harvest Partners
Ali'i Kaneohe Animal Clinic,Kaneohe,HI,96744,VetCor,Harvest Partners
VCA Kaneohe Animal Hospital,Kaneohe,HI,96744,VCA,Mars
Vetco Total Care - Kaneohe,Kaneohe,HI,96744,Vetco Total Care,Petco
VCA Kapolei Animal Hospital,Kapolei,HI,96707,VCA,Mars
South Maui Animal Clinic,Kihei,HI,96753,Thrive Pet Healthcare,TSG Consumer Partners
Animal Care and Wellness Center,Kula,HI,96790,VetCor,Harvest Partners
West Maui Animal Clinic,Lahaina,HI,96761,Thrive Pet Healthcare,TSG Consumer Partners
VCA Family and Oahu Veterinary Specialty Center,Pearl City,HI,96782,VCA,Mars
North Shore Veterinary Clinic,Waialua,HI,96791,VetCor,Harvest Partners
VCA Waipahu Animal Hospital,Waipahu,HI,96797,VCA,Mars
Alburnett Veterinary Service,Alburnett,IA,52202,Heartland Veterinary Partners,Gryphon Investors
Altoona Veterinary Hospital,Altoona,IA,50009,Mission Pet Health,Silver Lake and Shore Capital Partners
Ames Pet Hospital,Ames,IA,50014,VetCor,Harvest Partners
Anamosa Veterinary Clinic,Anamosa,IA,52205,NVA,JAB Holdings
Ankeny Veterinary Clinic,Ankeny,IA,50023,Mission Pet Health,Silver Lake and Shore Capital Partners
Banfield Ankeny Delaware,Ankeny,IA,50021,Banfield,Mars
Creature Comforts Veterinary Hospital,Ankeny,IA,50021,PetVet Care Centers,KKR
Adams Pet Hospital,Asbury,IA,52002,Blue River PetCare,Partners Group
Glenroads Veterinary Clinic,Bettendorf,IA,52722,Thrive Pet Healthcare,TSG Consumer Partners
Maplewood Veterinary Center,Bettendorf,IA,52722,Veterinary Practice Partners,Audax Private Equity
Bondurant Animal Clinic,Bondurant,IA,50035,Alliance Animal Health,L Catterton and LightBay Capital
Allgood Animal Hospital,Burlington,IA,52601,CareVet,Compass Group Equity Partners
Abraham's Equine Clinic,Cedar Rapids,IA,52403,NVA,JAB Holdings
"Animal Care Hospital - Cedar Rapids, IA",Cedar Rapids,IA,52402,Western Veterinary Partners,Tyree & D'Angelo Partners
BluePearl Pet Hospital Cedar Rapids,Cedar Rapids,IA,52404,BluePearl Pet Hospital,Mars
Cedar Rapids Animal Hospital,Cedar Rapids,IA,52403,VetCor,Harvest Partners
Linn Animal Hospital North,Cedar Rapids,IA,52403,Blue River PetCare,Partners Group
Linn Animal Hospital South,Cedar Rapids,IA,52403,Blue River PetCare,Partners Group
VCA Edgewood Animal Hospital,Cedar Rapids,IA,52405,VCA,Mars
Avenue of the Saints Animal Hospital-Charles City,Charles City,IA,50616,Heartland Veterinary Partners,Gryphon Investors
Banfield Clive,Clive,IA,50325,Banfield,Mars
University West Pet Clinic,Clive,IA,50325,NVA,JAB Holdings
Vetco Total Care - Clive,Clive,IA,50324,Vetco Total Care,Petco
Waukee-Clive Veterinary Clinic,Clive,IA,50325,Mission Pet Health,Silver Lake and Shore Capital Partners
Animal Family Veterinary Care Center,Davenport,IA,52806,Suveto,Levine Leichtman Capital
Kimberly Pines Veterinary Hospital,Davenport,IA,52806,NVA,JAB Holdings
Twin Bridges Animal Hospital,Davenport,IA,52807,NVA,JAB Holdings
Whitehaven Veterinary Center,Davenport,IA,52807,Mission Pet Health,Silver Lake and Shore Capital Partners
All-Pets Hospital,Des Moines,IA,50314,CareVet,Compass Group Equity Partners
Animal Medical Clinic,Des Moines,IA,50310,NVA,JAB Holdings
BluePearl Pet Hospital Des Moines,Des Moines,IA,50322,BluePearl Pet Hospital,Mars
Eastown Animal Hospital,Des Moines,IA,50317,VetCor,Harvest Partners
Ingersoll Animal Hospital,Des Moines,IA,50312,NVA,JAB Holdings
Starch Pet Hospital,Des Moines,IA,50311,NVA,JAB Holdings
VCA Avondale Veterinary Hospital,Des Moines,IA,50320,VCA,Mars
Colonial Terrace Animal Hospital,Dubuque,IA,52001,Mission Pet Health,Silver Lake and Shore Capital Partners
Valley Veterinary Clinic,Elgin,IA,52141,Heritage Vet Partners,Undisclosed financial sponsor
Elkader Veterinary Clinic,Elkader,IA,52043,Heritage Vet Partners,Undisclosed financial sponsor
The Veterinary Clinic P.C.,Fairfield,IA,52556,CareVet,Compass Group Equity Partners
East Lawn Animal Hospital,Fort Dodge,IA,50501,Heartland Veterinary Partners,Gryphon Investors
Animal Medical Centers - Hartley,Hartley,IA,51346,Heritage Vet Partners,Undisclosed financial sponsor
Independence Veterinary Clinic,Independence,IA,50644,CareVet,Compass Group Equity Partners
Kindness Pet Clinic,Indianola,IA,50125,Blue River PetCare,Partners Group
Animal Clinic Inc.,Iowa City,IA,52240,Heartland Veterinary Partners,Gryphon Investors
Bright Eyes & Bushy Tails Veterinary Hospital,Iowa City,IA,52245,VetCor,Harvest Partners
Cat Clinic of Iowa City,Iowa City,IA,52240,Heartland Veterinary Partners,Gryphon Investors
Frey Pet Hospital,Iowa City,IA,52405,Western Veterinary Partners,Tyree & D'Angelo Partners
Sullivan Family Pet Hospital,Johnston,IA,50131,CareVet,Compass Group Equity Partners
Village Veterinary Hospital,Johnston,IA,50131,VetCor,Harvest Partners
Westfield Veterinary Hospital,Johnston,IA,50131,Mission Pet Health,Silver Lake and Shore Capital Partners
Countryside Veterinary Clinic - Marcus,Marcus,IA,51035,Heritage Vet Partners,Undisclosed financial sponsor
Linn Animal Hospital Marion,Marion,IA,52302,Blue River PetCare,Partners Group
VCA Marshalltown Animal Hospital,Marshalltown,IA,50158,VCA,Mars
Countryside Veterinary Clinic - Moville,Moville,IA,51039,Heritage Vet Partners,Undisclosed financial sponsor
Newton Animal Clinic,Newton,IA,50208,Alliance Animal Health,L Catterton and LightBay Capital
Animal Kingdom Veterinary Care Center,North Liberty,IA,52317,Mission Pet Health,Silver Lake and Shore Capital Partners
Osceola Veterinary Clinic,Osceola,IA,50213,Heartland Veterinary Partners,Gryphon Investors
Ottumwa Family Animal Care,Ottumwa,IA,52501,Heartland Veterinary Partners,Gryphon Investors
Postville Veterinary Clinic,Postville,IA,52162,Heritage Vet Partners,Undisclosed financial sponsor
Countryside Veterinary Clinic - Remsen,Remsen,IA,51050,Heritage Vet Partners,Undisclosed financial sponsor
Sheldon Veterinary Clinic,Sheldon,IA,51201,Heritage Vet Partners,Undisclosed financial sponsor
Shenandoah Animal Hospital,Shenandoah,IA,51601,CareVet,Compass Group Equity Partners
Family Pet at Morningside,Sioux City,IA,51106,NVA,JAB Holdings
Family Pet at Perry Creek,Sioux City,IA,51103,NVA,JAB Holdings
Animal Medical Centers - Spencer,Spencer,IA,51301,Heritage Vet Partners,Undisclosed financial sponsor
All Pets Animal Clinic,Spirit Lake,IA,51360,Mission Pet Health,Silver Lake and Shore Capital Partners
Strawberry Point Veterinary Clinic,Strawberry Point,IA,52076,Heritage Vet Partners,Undisclosed financial sponsor
Value Vet,Urbandale,IA,50131,NVA,JAB Holdings
Den Herder Veterinary Hospital,Waterloo,IA,50701,Mission Pet Health,Silver Lake and Shore Capital Partners
Avenue Veterinary Clinic,Waverly,IA,50677,Heartland Veterinary Partners,Gryphon Investors
Animal Care Clinic West & Metro Cat Hospital,West Des Moines,IA,50266,NVA,JAB Holdings
Grand Avenue Veterinary Hospital,West Des Moines,IA,50265,Heartland Veterinary Partners,Gryphon Investors
UrgentVet West Des Moines Urgent Vet,West Des Moines,IA,50265,American Veterinary Group,Oak Hill Capital
VEG ER for Pets,West Des Moines,IA,50266,VEG (Veterinary Emergency Group),D1 Capital & Fidelity
Vetco Total Care - West Des Moines,West Des Moines,IA,50266,Vetco Total Care,Petco
Hippo Vet Group Boise (coming soon),Ada County,ID,83709,Hippo Vet Group,DFW & Avante Capital Partners
Northwoods Veterinary Hospital,Athol,ID,83801,VetCor,Harvest Partners
Sawtooth Animal Center,Bellevue,ID,83313,PetVet Care Centers,KKR
All Pet Complex Veterinary Hospital,Boise,ID,83714,NVA,JAB Holdings
All Valley Pet Clinic at Emerald,Boise,ID,83704,Thrive Pet Healthcare,TSG Consumer Partners
All Valley Pet Clinic at Federal Way,Boise,ID,83716,Thrive Pet Healthcare,TSG Consumer Partners
Banfield Boise,Boise,ID,83704,Banfield,Mars
Broadway Veterinary Hospital,Boise,ID,83706,Mission Pet Health,Silver Lake and Shore Capital Partners
Eastgate Pet Clinic,Boise,ID,83706,VetCor,Harvest Partners
Escape the Crate,Boise,ID,83709,Destination Pet,L1 Health
Hendricks Veterinary Hospital,Boise,ID,83703,NVA,JAB Holdings
Hometown Animal Clinic,Boise,ID,83706,Western Veterinary Partners,Tyree & D'Angelo Partners
State Street Veterinary Hospital,Boise,ID,83703,Hippo Vet Group,DFW & Avante Capital Partners
The Cat Doctor Veterinary Hospital,Boise,ID,83704,NVA,JAB Holdings
The Pet Doctor,Boise,ID,83709,Thrive Pet Healthcare,TSG Consumer Partners
Canyon Small Animal Hospital,Caldwell,ID,83605,Hippo Vet Group,DFW & Avante Capital Partners
Outback Equine Reproduction Center,Caldwell,ID,83607,Altano Group,Ufenau Capital Partners
Eagle Animal Clinic,Eagle,ID,83616,NVA,JAB Holdings
Hippo Vet Group Eagle (coming soon),Eagle,ID,83616,Hippo Vet Group,DFW & Avante Capital Partners
MedVet WestVet Boise,Garden City,ID,83714,MedVet,Minority stake by Leonard Green & Partners
Doc Holly Pet Vet,Hayden,ID,83835,Western Veterinary Partners,Tyree & D'Angelo Partners
Hayden Pet Medical Center,Hayden,ID,83835,Western Veterinary Partners,Tyree & D'Angelo Partners
Eastside Pet Clinic,Idaho Falls,ID,83401,NVA,JAB Holdings
Sun Valley Animal Center,Ketchum,ID,83340,PetVet Care Centers,KKR
Treasure Valley Veterinary Hospital,Kuna,ID,83634,Mission Pet Health,Silver Lake and Shore Capital Partners
All Valley Animal Care Center,Meridian,ID,83642,Thrive Pet Healthcare,TSG Consumer Partners
Banfield Meridian,Meridian,ID,83642,Banfield,Mars
Hippo Vet Group Meridian (coming soon),Meridian,ID,83646,Hippo Vet Group,DFW & Avante Capital Partners
Intermountain Pet Hospitals Overland,Meridian,ID,83642,Mission Pet Health,Silver Lake and Shore Capital Partners
"Intermountain Pet Hospitals, Chinden",Meridian,ID,83646,Mission Pet Health,Silver Lake and Shore Capital Partners
Livewell Animal Hospital of Meridian,Meridian,ID,83646,Mission Pet Health,Silver Lake and Shore Capital Partners
MedVet WestVet Meridian,Meridian,ID,83642,MedVet,Minority stake by Leonard Green & Partners
River City Veterinary Hospital,Meridian,ID,83646,Mission Pet Health,Silver Lake and Shore Capital Partners
Treasure Valley Veterinary Hospital,Meridian,ID,83642,Mission Pet Health,Silver Lake and Shore Capital Partners
Intermountain Pet Hospital,Middleton,ID,83644,Mission Pet Health,Silver Lake and Shore Capital Partners
OnPoint Veterinary Hospital,Middleton,ID,83644,Mission Pet Health,Silver Lake and Shore Capital Partners
Hippo Vet Group Nampa (coming soon),Nampa,ID,83651,Hippo Vet Group,DFW & Avante Capital Partners
Idaho Equine Hospital,Nampa,ID,83687,Altano Group,Ufenau Capital Partners
Intermountain Pet Hospital - Nampa,Nampa,ID,83651,Mission Pet Health,Silver Lake and Shore Capital Partners
Silver Valley Veterinary Clinic,Pinehurst,ID,83839,Blue River PetCare,Partners Group
Alta Animal Hospital,Pocatello,ID,83204,NVA,JAB Holdings
Community Animal Hospital,Pocatello,ID,83201,Western Veterinary Partners,Tyree & D'Angelo Partners
VCA Kootenai Animal Hospital,Post Falls,ID,83854,VCA,Mars
VCA River City Animal Hospital,Post Falls,ID,83854,VCA,Mars
VCA North Idaho Animal Hospital,Sandpoint,ID,83864,VCA,Mars
Benewah Veterinary Clinic,St. Maries,ID,83861,Blue River PetCare,Partners Group
Hippo Vet Group Star (coming soon),Star,ID,83669,Hippo Vet Group,DFW & Avante Capital Partners
Magic Valley Veterinary Hospital,Twin Falls,ID,83301,Western Veterinary Partners,Tyree & D'Angelo Partners
Weiser Veterinary Clinic,Weiser,ID,83672,Blue River PetCare,Partners Group
All Paws Veterinary Clinic,Algonquin,IL,60102,Heartland Veterinary Partners,Gryphon Investors
Animal Care Clinic of Fox Valley,Algonquin,IL,60102,Mission Pet Health,Silver Lake and Shore Capital Partners
Dundee Animal Hospital of Algonquin,Algonquin,IL,60102,Community Veterinary Partners,OMERS
Alton Animal Clinic,Alton,IL,62002,Heartland Veterinary Partners,Gryphon Investors
Great Rivers Animal Hospital,Alton,IL,62002,NVA,JAB Holdings
Antioch Animal Hospital,Antioch,IL,60002,Blue River PetCare,Partners Group
Arlington Cat Clinic,Arlington Heights,IL,60005,O'Brien Veterinary Group,Family owned corporate consolidator
Care Animal Hospital,Arlington Heights,IL,60004,CareVet,Compass Group Equity Partners
PetSuites Arlington Heights,Arlington Heights,IL,60004,NVA,JAB Holdings
Radiocat,Arlington Heights,IL,60004,PetVet Care Centers,KKR
Timbercrest Veterinary Service,Atlanta,IL,61723,CareVet,Compass Group Equity Partners
Foxmoor Veterinary Clinic CLOSED,Aurora,IL,60504,NVA,JAB Holdings
VCA Aurora Animal Hospital,Aurora,IL,60506,VCA,Mars
Veterinary Dental Center,Aurora,IL,60506,Animal Outpatient Specialty Network (AOSN),Percheron Capital
PetCure Oncology Central Office - Advanced Cancer Treatments for Cats & Dogs,Bannockburn,IL,60015,Thrive Pet Healthcare,TSG Consumer Partners
Bartlett Animal Hospital,Bartlett,IL,60103,Mission Pet Health,Silver Lake and Shore Capital Partners
Beach Park Animal Hospital,Beach Park,IL,60087,VetCor,Harvest Partners
State Street Animal Clinic,Belvidere,IL,61008,NVA,JAB Holdings
Bensenville Animal Hospital,Bensenville,IL,60106,Mission Pet Health,Silver Lake and Shore Capital Partners
VCA Berwyn Animal Hospital,Berwyn,IL,60402,VCA,Mars
Banfield Bloomingdale,Bloomingdale,IL,60108,Banfield,Mars
Bloomingdale Animal Hospital,Bloomingdale,IL,60108,Thrive Pet Healthcare,TSG Consumer Partners
Ambassador Animal Hospital,Bloomington,IL,61701,Blue River PetCare,Partners Group
Hawthorne Park Animal Care Center,Bloomington,IL,61705,NVA,JAB Holdings
Kruger Animal Hospital,Bloomington,IL,61704,NVA,JAB Holdings
Bevlab Animal Hospital,Blue Island,IL,60406,O'Brien Veterinary Group,Family owned corporate consolidator
Boughton Square Animal Clinic,Bolingbrook,IL,60440,O'Brien Veterinary Group,Family owned corporate consolidator
Brookville Animal Hospital,Bolingbrook,IL,60490,CareVet,Compass Group Equity Partners
VCA Bolingbrook Animal Hospital,Bolingbrook,IL,60440,VCA,Mars
VEG Buffalo Grove,Buffalo Grove,IL,60089,VEG (Veterinary Emergency Group),D1 Capital & Fidelity
Banfield Burbank,Burbank,IL,60459,Banfield,Mars
Campton Animal Clinic,Campton Hills,IL,60175,VetCor,Harvest Partners
Oakdale Veterinary Center,Canton,IL,61520,AmeriVet,AEA Investors and Abu Dhabi Investment Authority (ADIA)
Central Hospital For Animals – Carbondale,Carbondale,IL,62902,Alliance Animal Health,L Catterton and LightBay Capital
Lakeside Spears Animal Hospital,Carbondale,IL,62902,Alliance Animal Health,L Catterton and LightBay Capital
Lakeside Veterinary Hospital,Carbondale,IL,62902,Alliance Animal Health,L Catterton and LightBay Capital
Carol Stream Animal Hospital,Carol Stream,IL,60188,Mission Pet Health,Silver Lake and Shore Capital Partners
Randall Oaks Animal Hospital,Carpentersville,IL,60110,Heartland Veterinary Partners,Gryphon Investors
Crooked Creek Animal Hospital,Centralia,IL,62801,Blue River PetCare,Partners Group
Animal Hospital at the Crossing,Champaign,IL,61822,VetCor,Harvest Partners
Banfield Champaign CLOSED,Champaign,IL,61822,Banfield,Mars
Country View Veterinary Clinic,Champaign,IL,61821,Western Veterinary Partners,Tyree & D'Angelo Partners
Mallard Point Veterinary Clinic,Channahon,IL,60410,NVA,JAB Holdings
Capitol Illini Veterinary Services - Chatham,Chatham,IL,62629,Mission Pet Health,Silver Lake and Shore Capital Partners
Grace Veterinary Clinic,Chatham,IL,62629,Thrive Pet Healthcare,TSG Consumer Partners
The Village Veterinarian,Chatham,IL,62629,Heartland Veterinary Partners,Gryphon Investors
Animal House of Chicago,Chicago,IL,60625,VetCor,Harvest Partners
Banfield Chicago Beverly,Chicago,IL,60643,Banfield,Mars
Banfield Chicago Brickyard Mall,Chicago,IL,60639,Banfield,Mars
Banfield Chicago South Loop,Chicago,IL,60607,Banfield,Mars
Banfield Gold Coast,Chicago,IL,60610,Banfield,Mars
Banfield Lincoln Park,Chicago,IL,60647,Banfield,Mars
Bond Vet - Gold Coast,Chicago,IL,60610,Bond Vet,Warburg Pincus
Bond Vet - Lakeview,Chicago,IL,60657,Bond Vet,Warburg Pincus
Bond Vet - West Loop,Chicago,IL,60607,Bond Vet,Warburg Pincus
Bond Vet - Wicker Park,Chicago,IL,60647,Bond Vet,Warburg Pincus
Bow Wow Lounge,Chicago,IL,60640,Destination Pet,L1 Health
Broadway Animal Hospital,Chicago,IL,60660,Heartland Veterinary Partners,Gryphon Investors
Burnham Park Animal Hospital,Chicago,IL,60605,NVA,JAB Holdings
Chicago Cat Clinic,Chicago,IL,60646,Heartland Veterinary Partners,Gryphon Investors
Companion Animal Hospital Oak Park,Chicago,IL,60707,Mission Pet Health,Silver Lake and Shore Capital Partners
Companion Animal Hospital River North,Chicago,IL,60654,Mission Pet Health,Silver Lake and Shore Capital Partners
Companion Animal Hospital Wicker Park,Chicago,IL,60622,Mission Pet Health,Silver Lake and Shore Capital Partners
Dogaholics,Chicago,IL,60613,Destination Pet,L1 Health
Duke Animal Hospital,Chicago,IL,60613,Mission Pet Health,Silver Lake and Shore Capital Partners
Eye Care for Animals - Chicago,Chicago,IL,60618,Thrive Pet Healthcare,TSG Consumer Partners
Family Pet Animal Hospital,Chicago,IL,60614,Thrive Pet Healthcare,TSG Consumer Partners
Forest Glen Animal Hospital,Chicago,IL,60630,NVA,JAB Holdings
Fulton Market,Chicago,IL,60607,Lovet Pet Health,The Aspen Group
GoodVets Andersonville,Chicago,IL,60660,GoodVets,General Atlantic
GoodVets Lakeview,Chicago,IL,60657,GoodVets,General Atlantic
GoodVets Old Town,Chicago,IL,60610,GoodVets,General Atlantic
GoodVets Roscoe Village,Chicago,IL,60618,GoodVets,General Atlantic
GoodVets Streeterville,Chicago,IL,60611,GoodVets,General Atlantic
GoodVets Uptown,Chicago,IL,60640,GoodVets,General Atlantic
GoodVets West Loop,Chicago,IL,60607,GoodVets,General Atlantic
GoodVets Wicker Park,Chicago,IL,60622,GoodVets,General Atlantic
Heartland Veterinary Partners (Remote),Chicago,IL,60603,Heartland Veterinary Partners,Gryphon Investors
Hyde Park Animal Clinic,Chicago,IL,60615,Mission Pet Health,Silver Lake and Shore Capital Partners
Hyde Park Animal Hospital,Chicago,IL,60649,Mission Pet Health,Silver Lake and Shore Capital Partners
Kragness Animal Hospital,Chicago,IL,60628,Heartland Veterinary Partners,Gryphon Investors
Lincoln Square Animal Hospital,Chicago,IL,60625,Blue River PetCare,Partners Group
MedVet Chicago,Chicago,IL,60618,MedVet,Minority stake by Leonard Green & Partners
Metropolitan Veterinary Center,Chicago,IL,60605,Mission Pet Health,Silver Lake and Shore Capital Partners
Mid North Animal Hospital,Chicago,IL,60614,Heartland Veterinary Partners,Gryphon Investors
North Avenue Animal Hospital,Chicago,IL,60622,Heartland Veterinary Partners,Gryphon Investors
North Center Animal Hospital,Chicago,IL,60613,Thrive Pet Healthcare,TSG Consumer Partners
Old Town Animal Care Center,Chicago,IL,60610,NVA,JAB Holdings
Portage Park Animal Hospital,Chicago,IL,60641,NVA,JAB Holdings
Premier – Chicago,Chicago,IL,60618,Ethos Veterinary Health,JAB Holdings
Roscoe Village Animal Hospital,Chicago,IL,60618,Mission Pet Health,Silver Lake and Shore Capital Partners
Sploot Lincoln Park,Chicago,IL,60614,Sploot Veterinary Care,L Catterton
Sploot Logan Square,Chicago,IL,60647,Sploot Veterinary Care,L Catterton
Sploot Roscoe Village,Chicago,IL,60618,Sploot Veterinary Care,L Catterton
Uptown Animal Hospital,Chicago,IL,60640,Mission Pet Health,Silver Lake and Shore Capital Partners
VCA Animal Care Center of Chicago,Chicago,IL,60607,VCA,Mars
VCA Ark Animal Hospital,Chicago,IL,60618,VCA,Mars
VCA Blum Animal Hospital,Chicago,IL,60657,VCA,Mars
VCA Cat Hospital of Chicago,Chicago,IL,60618,VCA,Mars
VCA Chicago North Animal Hospital,Chicago,IL,60618,VCA,Mars
VCA Lake Shore Animal Hospital,Chicago,IL,60642,VCA,Mars
VCA Mont Clare Animal Hospital,Chicago,IL,60707,VCA,Mars
VEG Lincoln Park,Chicago,IL,60610,VEG (Veterinary Emergency Group),D1 Capital & Fidelity
Vetco Total Care - Chicago,Chicago,IL,60614,Vetco Total Care,Petco
Vetco Total Care - Chicago,Chicago,IL,60639,Vetco Total Care,Petco
Vetco Vaccination Clinic - Chicago/Evergreen Park,Chicago,IL,60805,Vetco,Petco
Village West Veterinary,Chicago,IL,60622,Thrive Pet Healthcare,TSG Consumer Partners
West Loop Veterinary Care,Chicago,IL,60607,Suveto,Levine Leichtman Capital
Wrigleyville Veterinary Center,Chicago,IL,60613,NVA,JAB Holdings
Your Pets Wellness (Bucktown),Chicago,IL,60647,Thrive Pet Healthcare,TSG Consumer Partners
VEG South Loop,Chicago South Loop,IL,60607,VEG (Veterinary Emergency Group),D1 Capital & Fidelity
Peoria Area Veterinary Group of Chillicothe,Chillicothe,IL,61523,United Veterinary Care,Nordic Capital
Village Veterinary Practice,Clarendon Hills,IL,60514,VetCor,Harvest Partners
Shirkey Vet Clinic,Coal City,IL,60416,Heartland Veterinary Partners,Gryphon Investors
Davis Pet Hospital,Collinsville,IL,62234,Heartland Veterinary Partners,Gryphon Investors
Horseshoe Lake Animal Hospital,Collinsville,IL,62234,Thrive Pet Healthcare,TSG Consumer Partners
Northgate Small Animal Hospital,Collinsville,IL,62234,NVA,JAB Holdings
Mueller Veterinary Services,Columbia,IL,62236,VetCor,Harvest Partners
Banfield Countryside,Countryside,IL,60525,Banfield,Mars
Countryside Veterinary Center,Countryside,IL,60525,NVA,JAB Holdings
Crest Hill Animal Hospital,Crest Hill,IL,60403,NVA,JAB Holdings
Banfield Crestwood,Crestwood,IL,60445,Banfield,Mars
PetVet Partners – Plum Creek,Crete,IL,60417,Alliance Animal Health,L Catterton and LightBay Capital
Plum Creek Regional Animal Medical Center,Crete,IL,60417,Alliance Animal Health,L Catterton and LightBay Capital
Banfield Crystal Lake,Crystal Lake,IL,60014,Banfield,Mars
Banfield Crystal Lake Commons,Crystal Lake,IL,60014,Banfield,Mars
Companion Animal Specialty and Emergency,Crystal Lake,IL,60014,PetVet Care Centers,KKR
Fox Valley Animal Hospital,Crystal Lake,IL,60014,Blue River PetCare,Partners Group
Winding Creek Animal Hospital,Crystal Lake,IL,60014,NVA,JAB Holdings
Stateline Hillcrest Animal Hospital,Danville,IL,61834,NVA,JAB Holdings
Fairview Hospital for Animals,Decatur,IL,62521,NVA,JAB Holdings
Northgate Pet Clinic,Decatur,IL,62526,NVA,JAB Holdings
Deerfield Animal Care Center,Deerfield,IL,60015,NVA,JAB Holdings
Prairie View Animal Hospital,DeKalb,IL,60115,Heartland Veterinary Partners,Gryphon Investors
Northwest Animal Hospital,Des Plaines,IL,60018,Heartland Veterinary Partners,Gryphon Investors
Wright Animal Hospital,Des Plaines,IL,60016,VetCor,Harvest Partners
River Ridge Animal Hospital,Dixon,IL,61021,Heartland Veterinary Partners,Gryphon Investors
Animal Care Center of Downers Grove,Downers Grove,IL,60516,NVA,JAB Holdings
Banfield Lombard,Downers Grove,IL,60515,Banfield,Mars
VCA Arboretum View Animal Hospital,Downers Grove,IL,60515,VCA,Mars
Peoria Area Veterinary Group of Dunlap,Dunlap,IL,61525,United Veterinary Care,Nordic Capital
Dundee Animal Hospital of Dundee,East Dundee,IL,60118,Community Veterinary Partners,OMERS
Furever Family Veterinary Care Center,East Moline,IL,61244,Suveto,Levine Leichtman Capital
Banfield Peoria E,East Peoria,IL,61611,Banfield,Mars
Edwardsville Pet Hospital,Edwardsville,IL,62025,VetCor,Harvest Partners
Dundee Animal Hospital of Elgin,Elgin,IL,60123,Community Veterinary Partners,OMERS
UrgentVet Elgin,Elgin,IL,60123,American Veterinary Group,Oak Hill Capital
Elk Grove Veterinary Specialty & Emergency,Elk Grove Village,IL,60007,Thrive Pet Healthcare,TSG Consumer Partners
Oakton Animal Hospital,Elk Grove Village,IL,60007,Heartland Veterinary Partners,Gryphon Investors
Devries Animal Hospital,Elmhurst,IL,60126,Blue River PetCare,Partners Group
Elmhurst Animal Care Center,Elmhurst,IL,60126,NVA,JAB Holdings
Thrive Pet Healthcare Elmhurst,Elmhurst,IL,60126,Thrive Pet Healthcare,TSG Consumer Partners
Top Dog Retreat,Elmhurst,IL,60126,Destination Pet,L1 Health
Vetco Total Care - Elmhurst,Elmhurst,IL,60126,Vetco Total Care,Petco
GoodVets Oak Park River Forest,Elmwood Park,IL,60707,GoodVets,General Atlantic
Midwest Bird and Exotic Animal Hospital,Elmwood Park,IL,60707,NVA,JAB Holdings
Lakeside Veterinary Clinic CLOSED,Energy,IL,62933,Alliance Animal Health,L Catterton and LightBay Capital
Banfield Evanston,Evanston,IL,60202,Banfield,Mars
Bramer Animal Hospital,Evanston,IL,60201,NVA,JAB Holdings
Fox Animal Hospital,Evanston,IL,60201,Blue River PetCare,Partners Group
GoodVets Evanston,Evanston,IL,60202,GoodVets,General Atlantic
Banfield Evergreen Park CLOSED,Evergreen Park,IL,60805,Banfield,Mars
Wayne County Veterinary Clinic,Fairfield,IL,62837,Blue River PetCare,Partners Group
Fairview Heights Animal Clinic,Fairview Heights,IL,62208,Veterinary Practice Partners,Audax Private Equity
Flora Veterinary Clinic,Flora,IL,62839,Blue River PetCare,Partners Group
Sploot Oak Park/Forest Park,Forest Park,IL,60130,Sploot Veterinary Care,L Catterton
VCA Noyes Animal Hospital,Fox River Grove,IL,60021,VCA,Mars
VCA Franklin Park Animal Hospital,Franklin Park,IL,60131,VCA,Mars
Animal Medical Center,Galesburg,IL,61401,Blue River PetCare,Partners Group
Meadow View Veterinary Clinic,Geneva,IL,60134,VetCor,Harvest Partners
Millbrook Animal Care Clinic,Geneva,IL,60134,Mission Pet Health,Silver Lake and Shore Capital Partners
Valley Animal Hospital,Geneva,IL,60134,NVA,JAB Holdings
Genoa Animal Hospital,Genoa,IL,60135,AmeriVet,AEA Investors and Abu Dhabi Investment Authority (ADIA)
Germantown Hills Animal Hospital,Germantown Hills,IL,61548,Heartland Veterinary Partners,Gryphon Investors
Banfield Glen Carbon,Glen Carbon,IL,62034,Banfield,Mars
Glen Ellyn Animal Hospital,Glen Ellyn,IL,60137,NVA,JAB Holdings
Wheaton Animal Hospital,Glen Ellyn,IL,60137,NVA,JAB Holdings
Glenwood Village Pet Hospital,Glenwood,IL,60425,VetCor,Harvest Partners
Daniel-Randall Veterinary Clinic,Godfrey,IL,62035,VetCor,Harvest Partners
Best Friends Animal Hospital,Grayslake,IL,60030,Mission Pet Health,Silver Lake and Shore Capital Partners
TOPS Veterinary Rehabilitation,Grayslake,IL,60030,Thrive Pet Healthcare,TSG Consumer Partners
Greenville Veterinary Clinic,Greenville,IL,62246,VetCor,Harvest Partners
Banfield Gurnee,Gurnee,IL,60031,Banfield,Mars
Gurnee Animal Hospital,Gurnee,IL,60031,Hometown Veterinary Partners,Briarcliff Capital Partners
Hanover Park Animal Care Center,Hanover Park,IL,60133,NVA,JAB Holdings
Central Hospital For Animals,Harrisburg,IL,62946,Alliance Animal Health,L Catterton and LightBay Capital
Central Hospital For Animals,Herrin,IL,62948,Alliance Animal Health,L Catterton and LightBay Capital
VCA Cairo Animal Hospital,Highland Park,IL,60035,VCA,Mars
Hillchester Animal Hospital (closed),Hillside,IL,60162,O'Brien Veterinary Group,Family owned corporate consolidator
Hinsdale Animal Hospital,Hinsdale,IL,60521,NVA,JAB Holdings
Banfield Hoffman Estates Plaza,Hoffman Estates,IL,60169,Banfield,Mars
Barrington Square Animal Hospital,Hoffman Estates,IL,60169,Mission Pet Health,Silver Lake and Shore Capital Partners
Dermatology for Animals Hoffman Estates,Hoffman Estates,IL,60169,Thrive Pet Healthcare,TSG Consumer Partners
Forest View Animal Hospital,Hoffman Estates,IL,60169,Thrive Pet Healthcare,TSG Consumer Partners
PetCure Oncology Chicago,Hoffman Estates,IL,60169,Thrive Pet Healthcare,TSG Consumer Partners
Thrive Pet Healthcare Specialists - Hoffman Estates,Hoffman Estates,IL,60169,Thrive Pet Healthcare,TSG Consumer Partners
Thrive Pet Healthcare Village Station,Hoffman Estates,IL,60169,Thrive Pet Healthcare,TSG Consumer Partners
Animal Care Clinic of Homer Glen,Homer Glen,IL,60491,NVA,JAB Holdings
Homewood Veterinary Care,Homewood,IL,60430,Heartland Veterinary Partners,Gryphon Investors
Vetco Total Care - Homewood,Homewood,IL,60430,Vetco Total Care,Petco
Huntley Veterinary Hospital,Huntley,IL,60142,Blue River PetCare,Partners Group
Paws Here Veterinary Services,Iuka Township,IL,62849,Blue River PetCare,Partners Group
Banfield Joliet,Joliet,IL,60435,Banfield,Mars
UrgentVet Joliet,Joliet,IL,60435,American Veterinary Group,Oak Hill Capital
VCA Joliet Animal Hospital,Joliet,IL,60435,VCA,Mars
VCA County West Animal Hospital,Kankakee,IL,60901,VCA,Mars
Banfield Kildeer,Kildeer,IL,60074,Banfield,Mars
PetSuites Lake in the Hills,Lake in the Hills,IL,60156,NVA,JAB Holdings
Companion Animal Hospital Lake Zurich,Lake Zurich,IL,60047,Mission Pet Health,Silver Lake and Shore Capital Partners
Vetco Total Care - Lake Zurich,Lake Zurich,IL,60047,Vetco Total Care,Petco
Lansing Animal Hospital,Lansing,IL,60438,O'Brien Veterinary Group,Family owned corporate consolidator
GreenTree Animal Hospital,Libertyville,IL,60048,Heartland Veterinary Partners,Gryphon Investors
Timbercrest Veterinary Service,Lincoln,IL,62656,CareVet,Compass Group Equity Partners
Emergency Veterinary Services of Lisle,Lisle,IL,60532,Community Veterinary Partners,OMERS
Green Trails Animal Clinic,Lisle,IL,60532,PetVet Care Centers,KKR
Partners and Paws Veterinary Services,Lisle,IL,60532,Veterinarian Partners,Tyree & D'Angelo Partners
VCA All Pets Animal Hospital,Lockport,IL,60441,VCA,Mars
Carriage Animal Hospital,Lombard,IL,60148,NVA,JAB Holdings
Dogwood Pet Hospital,Loves Park,IL,61111,VetCor,Harvest Partners
Dogwood Pet Resort,Loves Park,IL,61111,VetCor,Harvest Partners
Willow Ridge Animal Hospital,Loves Park,IL,61111,CareVet,Compass Group Equity Partners
Central Hospital For Animals – Marion Eastside,Marion,IL,62959,Alliance Animal Health,L Catterton and LightBay Capital
Great Paws Lodge & Day Camp,Marion,IL,62959,Heartland Veterinary Partners,Gryphon Investors
Pet Wellness Center,Marion,IL,62959,Heartland Veterinary Partners,Gryphon Investors
Troop Veterinary Services,Marion,IL,62959,CareVet,Compass Group Equity Partners
Mon-Clair Animal Hospital,Millstadt,IL,62260,AmeriVet,AEA Investors and Abu Dhabi Investment Authority (ADIA)
Minooka Animal Hospital,Minooka,IL,60447,NVA,JAB Holdings
Coyne Vterinary Center - City Line,Moline,IL,61265,Community Veterinary Partners,OMERS
Oak Knoll Animal Hospital,Moline,IL,61265,NVA,JAB Holdings
Monmouth Small Animal Hospital,Monmouth,IL,61462,Heartland Veterinary Partners,Gryphon Investors
Orchard Road Animal Hospital,Montgomery,IL,60538,Veterinary Practice Partners,Audax Private Equity
Animal Care Hospital of Morris,Morris,IL,60450,Heartland Veterinary Partners,Gryphon Investors
Lakewood Animal Hospital,Morris,IL,60450,Veterinary Practice Partners,Audax Private Equity
Tender Care Animal Hospital,Morton,IL,61550,Western Veterinary Partners,Tyree & D'Angelo Partners
Banfield Mount Prospect,Mount Prospect,IL,60056,Banfield,Mars
Companion Animal Hospital Mount Prospect,Mount Prospect,IL,60056,Mission Pet Health,Silver Lake and Shore Capital Partners
Mundelein Animal Hospital,Mundelein,IL,60060,NVA,JAB Holdings
Premier – Mundelein,Mundelein,IL,60060,Ethos Veterinary Health,JAB Holdings
Vernon Hills Animal Hospital,Mundelein,IL,60060,Heartland Veterinary Partners,Gryphon Investors
Banfield Plainfield Naperville,Naperville,IL,60564,Banfield,Mars
GoodVets Naperville,Naperville,IL,60540,GoodVets,General Atlantic
Naperville Animal Hospital,Naperville,IL,60563,NVA,JAB Holdings
Naperville Animal Hospital,Naperville,IL,60563,Hometown Veterinary Partners,Briarcliff Capital Partners
PetSuites Naperville,Naperville,IL,60563,NVA,JAB Holdings
Springbrook Animal Care Center,Naperville,IL,60564,NVA,JAB Holdings
UrgentVet Naperville,Naperville,IL,60540,American Veterinary Group,Oak Hill Capital
VCA Boulder Terrace Animal Hospital,Naperville,IL,60540,VCA,Mars
VCA Naper Ridge Animal Hospital,Naperville,IL,60565,VCA,Mars
VEG Naperville,Naperville,IL,60564,VEG (Veterinary Emergency Group),D1 Capital & Fidelity
Animal Clinic at New Lenox,New Lenox,IL,60451,VetCor,Harvest Partners
Banfield Niles N,Niles,IL,60714,Banfield,Mars
Golf-Mil Veterinary Hospital,Niles,IL,60714,VetCor,Harvest Partners
SmartVet Mobile Veterinary Service,Normal,IL,61761,Heartland Veterinary Partners,Gryphon Investors
Companion Animal Hospital of Norridge,Norridge,IL,60706,Mission Pet Health,Silver Lake and Shore Capital Partners
Vetco Total Care - Norridge,Norridge,IL,60706,Vetco Total Care,Petco
Animal House Veterinary Hospital,North Aurora,IL,60542,VetCor,Harvest Partners
Randall Orchard Crossing Animal Hospital,North Aurora,IL,60542,NVA,JAB Holdings
Vetco Total Care - North Riverside,North Riverside,IL,60546,Vetco Total Care,Petco
Countryside Animal Clinic,Northbrook,IL,60062,Heartland Veterinary Partners,Gryphon Investors
Becker Animal Hospital,Northfield,IL,60093,Blue River PetCare,Partners Group
BluePearl Pet Hospital Northfield,Northfield,IL,60093,BluePearl Pet Hospital,Mars
Banfield O'Fallon,O'Fallon,IL,62269,Banfield,Mars
Four Paws Animal Hospital,O'Fallon,IL,62269,VetCor,Harvest Partners
VEG Oak Brook,Oak Brook,IL,60523,VEG (Veterinary Emergency Group),D1 Capital & Fidelity
Thrive Pet Healthcare Oak Lawn,Oak Lawn,IL,60453,Thrive Pet Healthcare,TSG Consumer Partners
Carlson Animal Hospital,Oak Park,IL,60302,Thrive Pet Healthcare,TSG Consumer Partners
VCA Forest South Animal Hospital,Olympia Fields,IL,60461,VCA,Mars
Banfield Orland Hills,Orland Hills,IL,60487,Banfield,Mars
Midwest Animal Hospital,Orland Park,IL,60467,NVA,JAB Holdings
Orland Park Animal Hospital,Orland Park,IL,60467,Hometown Veterinary Partners,Briarcliff Capital Partners
Prairie State Veterinary Clinic,Orland Park,IL,60462,Thrive Pet Healthcare,TSG Consumer Partners
Premier – Orland Park,Orland Park,IL,60462,Ethos Veterinary Health,JAB Holdings
Banfield Oswego,Oswego,IL,60543,Banfield,Mars
Oswego Animal Hospital,Oswego,IL,60543,NVA,JAB Holdings
River Heights Veterinary Hospital,Oswego,IL,60543,Thrive Pet Healthcare,TSG Consumer Partners
Chessie Lane Animal Hospital,Ottawa,IL,61350,O'Brien Veterinary Group,Family owned corporate consolidator
Loving Care Animal Hospital,Palatine,IL,60074,Veterinary Practice Partners,Audax Private Equity
Rand Road Animal Hospital,Palatine,IL,60074,VetCor,Harvest Partners
VCA Worth Animal Hospital,Palos Hills,IL,60465,VCA,Mars
Mill Creek Animal Clinic,Palos Park,IL,60464,Mission Pet Health,Silver Lake and Shore Capital Partners
Touhy Animal Hospital,Park Ridge,IL,60068,Western Veterinary Partners,Tyree & D'Angelo Partners
Pekin Veterinary Clinic,Pekin,IL,61554,PetVet Care Centers,KKR
Brown Animal Hospital,Peoria,IL,61615,Western Veterinary Partners,Tyree & D'Angelo Partners
Demanes Animal Hospital,Peoria,IL,61603,United Veterinary Care,Nordic Capital
Meadowbrook Bark District,Peoria,IL,61615,Veterinary Practice Partners,Audax Private Equity
Meadowbrook Veterinary Clinic- North,Peoria,IL,61615,Veterinary Practice Partners,Audax Private Equity
Peoria Area Veterinary Group of Peoria,Peoria,IL,61615,United Veterinary Care,Nordic Capital
Tender Care Animal Hospital of Peoria,Peoria,IL,61615,Western Veterinary Partners,Tyree & D'Angelo Partners
Peotone Animal Hospital,Peotone,IL,60468,NVA,JAB Holdings
Animal Care Clinic of Pingree Grove,Pingree Grove,IL,60140,Mission Pet Health,Silver Lake and Shore Capital Partners
Animal Medical Center of Plainfield,Plainfield,IL,60544,NVA,JAB Holdings
Caton Crossing Animal Hospital,Plainfield,IL,60586,NVA,JAB Holdings
Plainfield Pet Resort,Plainfield,IL,60544,NVA,JAB Holdings
Critter Care Veterinary Services - Closed,Plano,IL,60545,NVA,JAB Holdings
Animal Wellness Center of Pontiac,Pontiac,IL,61764,Heartland Veterinary Partners,Gryphon Investors
VCA Klingele Animal Hospital,Quincy,IL,62305,VCA,Mars
Vetco Total Care - Quincy,Quincy,IL,62305,Vetco Total Care,Petco
River Forest Animal Hospital,River Forest,IL,60305,NVA,JAB Holdings
Elmwood Grove Animal Hospital,River Grove,IL,60171,NVA,JAB Holdings
Robinson Hospital for Animals,Robinson,IL,62454,O'Brien Veterinary Group,Family owned corporate consolidator
Rochelle Veterinary Hospital,Rochelle,IL,61068,Mission Pet Health,Silver Lake and Shore Capital Partners
"Animal Care Clinic - Rock Island, IL",Rock Island,IL,61201,Western Veterinary Partners,Tyree & D'Angelo Partners
Rock Island Animal Hospital,Rock Island,IL,61201,Heartland Veterinary Partners,Gryphon Investors
Bellwood Animal Hospital,Rockford,IL,61107,VetCor,Harvest Partners
CareVet of Rockford,Rockford,IL,61108,CareVet,Compass Group Equity Partners
Hillcrest Animal Hospital,Rockford,IL,61107,VetCor,Harvest Partners
Arlington Park Veterinary Hospital,Rolling Meadows,IL,60008,Heartland Veterinary Partners,Gryphon Investors
UrgentVet Arlington Heights,Rolling Meadows,IL,60008,American Veterinary Group,Oak Hill Capital
Hononegah Animal Hospital,Roscoe,IL,61073,Heartland Veterinary Partners,Gryphon Investors
Lake Street Animal Hospital,Roselle,IL,60172,NVA,JAB Holdings
Roselle Animal Hospital,Roselle,IL,60172,Veterinarian Partners,Tyree & D'Angelo Partners
Companion Animal Hospital Round Lake,Round Lake,IL,60073,Mission Pet Health,Silver Lake and Shore Capital Partners
Round Lake Animal Hospital,Round Lake,IL,60073,VetCor,Harvest Partners
Sandwich Veterinary Hospital,Sandwich,IL,60548,NVA,JAB Holdings
Sports Vet Animal Medical Center,Savoy,IL,61874,NVA,JAB Holdings
SportsVet Grooming,Savoy,IL,61874,NVA,JAB Holdings
VCA Heritage Animal Hospital,Savoy,IL,61874,VCA,Mars
Banfield Schaumburg CLOSED,Schaumburg,IL,60173,Banfield,Mars
Golf Rose Animal Services,Schaumburg,IL,60173,Mission Pet Health,Silver Lake and Shore Capital Partners
Schaumburg Animal Hospital,Schaumburg,IL,60194,Hometown Veterinary Partners,Briarcliff Capital Partners
Spring Valley Veterinary Clinic,Schaumburg,IL,60193,CareVet,Compass Group Equity Partners
VCA Schaumburg Animal Hospital,Schaumburg,IL,60193,VCA,Mars
VEG Schaumburg,Schaumburg,IL,60173,VEG (Veterinary Emergency Group),D1 Capital & Fidelity
Animal Care Center of Shorewood,Shorewood,IL,60404,NVA,JAB Holdings
Vetco Total Care - Shorewood,Shorewood,IL,60404,Vetco Total Care,Petco
Animal Medical Center,Skokie,IL,60077,VetCor,Harvest Partners
Banfield Skokie (Niles),Skokie,IL,60077,Banfield,Mars
BluePearl Pet Hospital Skokie,Skokie,IL,60076,BluePearl Pet Hospital,Mars
Hoffman Estates Animal Hospital,South Barrington,IL,60010,Thrive Pet Healthcare,TSG Consumer Partners
Animal Care Clinic of Randall Pointe,South Elgin,IL,60177,Mission Pet Health,Silver Lake and Shore Capital Partners
Banfield South Elgin,South Elgin,IL,60177,Banfield,Mars
Randall Road Animal Hospital - South Elgin,South Elgin,IL,60177,NVA,JAB Holdings
Illiana Veterinary Hospital,South Holland,IL,60473,VetCor,Harvest Partners
Animal Hospital of Spring Grove,Spring Grove,IL,60081,VetCor,Harvest Partners
Animal Emergency Clinic of Springfield,Springfield,IL,62704,Alliance Animal Health,L Catterton and LightBay Capital
Capitol Illini Veterinary Services - Springfield,Springfield,IL,62704,Mission Pet Health,Silver Lake and Shore Capital Partners
White Oaks West Animal Hospital,Springfield,IL,62704,NVA,JAB Holdings
Eye Care for Animals - St Charles,St Charles,IL,60175,Thrive Pet Healthcare,TSG Consumer Partners
Animal House Veterinary Hospital,St. Charles,IL,60174,VetCor,Harvest Partners
Animal Medical Clinic of St. Charles,St. Charles,IL,60174,VetCor,Harvest Partners
PetSuites St. Charles,St. Charles,IL,60175,NVA,JAB Holdings
St. Charles Veterinary Clinic,St. Charles,IL,60174,VetCor,Harvest Partners
Animal Hospital of Streamwood,Streamwood,IL,60107,VetCor,Harvest Partners
Sutton Road Animal Hospital,Streamwood,IL,60107,Blue River PetCare,Partners Group
Lashley Animal Hospital,Swansea,IL,62226,Heartland Veterinary Partners,Gryphon Investors
Thompsonville Veterinary Clinic,Thompsonville,IL,62890,Heartland Veterinary Partners,Gryphon Investors
Danville Small Animal Clinic,Tilton,IL,61832,NVA,JAB Holdings
Avenue Animal Hospital,Tinley Park,IL,60477,Mission Pet Health,Silver Lake and Shore Capital Partners
Bremen Animal Hospital,Tinley Park,IL,60477,NVA,JAB Holdings
Beaumont Animal Clinic,Urbana,IL,61802,Western Veterinary Partners,Tyree & D'Angelo Partners
Good Friends Animal Hospital,Urbana,IL,61802,Heartland Veterinary Partners,Gryphon Investors
Banfield Vernon Hills,Vernon Hills,IL,60061,Banfield,Mars
Companion Animal Hospital of Vernon Hills,Vernon Hills,IL,60061,Mission Pet Health,Silver Lake and Shore Capital Partners
VCA Hawthorn Animal Hospital,Vernon Hills,IL,60061,VCA,Mars
Green Family Veterinary Practice,Warrenville,IL,60555,Veterinary Practice Partners,Audax Private Equity
Washington Veterinary Medical Clinic,Washington,IL,61571,Heartland Veterinary Partners,Gryphon Investors
Chicago Equine Medical Center,Wauconda,IL,60084,PetVet Care Centers,KKR
VCA Boone Animal Hospital,Western Springs,IL,60558,VCA,Mars
Village Veterinary Practice-Western Springs,Western Springs,IL,60558,VetCor,Harvest Partners
VCA West Suburban Veterinary Hospital,Westmont,IL,60559,VCA,Mars
Animal Dermatology Clinic,Wheaton,IL,60187,Animal Dermatology Clinic,Percheron Capital
Animal Medical Clinic of Wheaton,Wheaton,IL,60189,NVA,JAB Holdings
College Station Cat Clinic,Wheaton,IL,60187,Heartland Veterinary Partners,Gryphon Investors
Eye Care for Animals - Wheeling,Wheeling,IL,60090,Thrive Pet Healthcare,TSG Consumer Partners
Green Bay Animal Hospital,Wilmette,IL,60091,VetCor,Harvest Partners
Terry Animal Hospital,Wilmette,IL,60091,Blue River PetCare,Partners Group
Skinner Animal Clinic,Wilmington,IL,60481,Veterinary Practice Partners,Audax Private Equity
Amber Leaf Animal Hospital,Winfield,IL,60190,Community Veterinary Partners,OMERS
Banfield Wonder Lake,Wonder Lake,IL,60097,Banfield,Mars
Animal Hospital of Woodstock,Woodstock,IL,60098,NVA,JAB Holdings
VCA Woodstock Veterinary Clinic,Woodstock,IL,60098,VCA,Mars
Countryside Veterinary Clinic,Yorkville,IL,60560,Mission Pet Health,Silver Lake and Shore Capital Partners
Yorkville Animal Hospital,Yorkville,IL,60560,NVA,JAB Holdings
Devonshire Veterinary Clinic,Anderson,IN,46013,VetCor,Harvest Partners
South Anderson Veterinary Clinic,Anderson,IN,46013,VetCor,Harvest Partners
VCA Northwood Animal Hospital,Anderson,IN,46012,VCA,Mars
Animal Hospital of Avon,Avon,IN,46123,Alliance Animal Health,L Catterton and LightBay Capital
Banfield Avon,Avon,IN,46123,Banfield,Mars
Bargersville Veterinary Hospital & Wellness Center,Bargersville,IN,46106,Thrive Pet Healthcare,TSG Consumer Partners
Bedford Veterinary Medical Centre,Bedford,IN,47421,CareVet,Compass Group Equity Partners
Bloomington Veterinary Hospital,Bloomington,IN,47408,CareVet,Compass Group Equity Partners
College Mall Veterinary Hospital,Bloomington,IN,47408,NVA,JAB Holdings
Combs Veterinary Clinic,Bloomington,IN,47403,United Veterinary Care,Nordic Capital
VetCheck Pet Urgent Care Center Bloomington,Bloomington,IN,47404,VetCheck Pet Urgent Care Center,Unknown
Westwood Hospital for Animals,Brownsburg,IN,46112,VetCor,Harvest Partners
Banfield Carmel,Carmel,IN,46032,Banfield,Mars
CityVet - Carmel,Carmel,IN,46032,CityVet,RiverGlade Capital
Hazel Dell Animal Hospital,Carmel,IN,46033,Mission Pet Health,Silver Lake and Shore Capital Partners
MedVet Indianapolis,Carmel,IN,46032,MedVet,Minority stake by Leonard Green & Partners
Sherlock Bones Animal Hospital,Carmel,IN,46032,VetCor,Harvest Partners
VCA Companion Animal Medical Center,Carmel,IN,46032,VCA,Mars
VCA Village Park Animal Hospital & The Range Pet Lodge,Carmel,IN,46032,VCA,Mars
Woodland Animal Hospital,Carmel,IN,46032,Lakefield Veterinary Group,Desmarais family and Peloton Capital Management
Chesterfield Animal Hospital,Chesterfield,IN,46017,NVA,JAB Holdings
CC Veterinary Hospital,Columbia City,IN,46725,O'Brien Veterinary Group,Family owned corporate consolidator
Line Street Veterinary Hospital,Columbia City,IN,46725,Mission Pet Health,Silver Lake and Shore Capital Partners
Athens Animal Clinic,Columbus,IN,47201,Heartland Veterinary Partners,Gryphon Investors
Hope Veterinary Clinic West,Columbus,IN,47201,VetCor,Harvest Partners
Hope Veterinary Clinic: East,Columbus,IN,47203,VetCor,Harvest Partners
Northside Hope Veterinary Clinic,Columbus,IN,47201,VetCor,Harvest Partners
Crawfordsville Family Vet,Crawfordsville,IN,47933,Heartland Veterinary Partners,Gryphon Investors
Coyne Veterinary Center - Crown Point,Crown Point,IN,46307,Community Veterinary Partners,OMERS
Country Critters Veterinary Hospital CLOSED,Daleville,IN,47334,VetCor,Harvest Partners
Laughery Valley Veterinary Hospital,Dillsboro,IN,47018,VetCor,Harvest Partners
Pet Vet Express CLOSED,Dyer,IN,46311,Alliance Animal Health,L Catterton and LightBay Capital
VIP Petcare Vaccination Clinic - Dyer,Dyer,IN,46311,VIP Petcare / PetVet,Tractor Supply Company
Animal Care Clinic North,Elkhart,IN,46514,NVA,JAB Holdings
Elwood Animal Hospital,Elwood,IN,46036,Mission Pet Health,Silver Lake and Shore Capital Partners
Banfield Evansville,Evansville,IN,47715,Banfield,Mars
Chateau Dog & Cat Hospital,Evansville,IN,47714,Heartland Veterinary Partners,Gryphon Investors
East Side Animal Hospital,Evansville,IN,47715,Thrive Pet Healthcare,TSG Consumer Partners
Epperson Veterinary Services,Evansville,IN,47725,United Veterinary Care,Nordic Capital
Stone Ridge Animal Care,Evansville,IN,47725,VetCor,Harvest Partners
VCA All Pet Emergency Center,Evansville,IN,47713,VCA,Mars
Village East Animal Hospital,Evansville,IN,47715,NVA,JAB Holdings
Parkside Animal Hospital,Fishers,IN,46038,Mission Pet Health,Silver Lake and Shore Capital Partners
Pet Hospital of Fishers,Fishers,IN,46038,Veterinarian Partners,Tyree & D'Angelo Partners
Pet Palace Fishers,Fishers,IN,46038,Destination Pet,L1 Health
Petfolk Veterinary & Urgent Care - Fishers,Fishers,IN,46037,Petfolk,Undisclosed
PetSuites Fishers,Fishers,IN,46038,NVA,JAB Holdings
VCA Advanced Veterinary Care Center,Fishers,IN,46038,VCA,Mars
VCA Lantern Road Animal Hospital,Fishers,IN,46037,VCA,Mars
Windermere Animal Hospital,Fishers,IN,46037,VetCor,Harvest Partners
Hillside Animal Clinic,Floyds Knobs,IN,47119,Mission Pet Health,Silver Lake and Shore Capital Partners
Fort Branch Veterinary Hospital,Fort Branch,IN,47648,VetCor,Harvest Partners
Banfield Fort Wayne,Fort Wayne,IN,46804,Banfield,Mars
East State Veterinary Clinic,Fort Wayne,IN,46805,NVA,JAB Holdings
Northeast Indiana Veterinary Emergency (NIVES),Fort Wayne,IN,46835,Ethos Veterinary Health,JAB Holdings
St Joe Center Veterinary Hospital,Fort Wayne,IN,46835,NVA,JAB Holdings
Veterinary Services,Fort Wayne,IN,46845,NVA,JAB Holdings
Westside Animal Hospital,Fort Wayne,IN,46804,NVA,JAB Holdings
Franklin Animal Clinic,Franklin,IN,46131,Alliance Animal Health,L Catterton and LightBay Capital
Georgetown Veterinary Clinic,Georgetown,IN,47122,Western Veterinary Partners,Tyree & D'Angelo Partners
Dairy Veterinary & Management Services,Goshen,IN,46526,Heritage Vet Partners,Undisclosed financial sponsor
Academy Animal Hospital,Greenwood,IN,46142,VetCor,Harvest Partners
Franklin Animal Clinic at Greenwood Park,Greenwood,IN,46142,Alliance Animal Health,L Catterton and LightBay Capital
PetSuites Greenwood,Greenwood,IN,46143,NVA,JAB Holdings
UrgentVet Greenwood,Greenwood,IN,46142,American Veterinary Group,Oak Hill Capital
VCA Sugar Grove Animal Hospital,Greenwood,IN,46142,VCA,Mars
Kurtz Veterinary Clinic,Hagerstown,IN,47346,Heritage Vet Partners,Undisclosed financial sponsor
Animal Medical Center of Hebron,Hebron,IN,46341,CareVet,Compass Group Equity Partners
Hebron Animal Hospital,Hebron,IN,46341,VetCor,Harvest Partners
30th Street Animal Hospital,Indianapolis,IN,46219,Veterinary Practice Partners,Audax Private Equity
Animal Dermatology Clinic Indianapolis,Indianapolis,IN,46240,Animal Dermatology Clinic,Percheron Capital
Banfield Greenwood,Indianapolis,IN,46227,Banfield,Mars
Banfield Indianapolis,Indianapolis,IN,46250,Banfield,Mars
Banfield Pet Hospital,Indianapolis,IN,46268,Banfield,Mars
Cat Care Clinic,Indianapolis,IN,46240,VetCor,Harvest Partners
City Way Animal Clinics - Fall Creek,Indianapolis,IN,46205,Mission Pet Health,Silver Lake and Shore Capital Partners
City Way Animal Clinics - Fountain Square,Indianapolis,IN,46203,Mission Pet Health,Silver Lake and Shore Capital Partners
City Way Animal Clinics - Irvington,Indianapolis,IN,46219,Mission Pet Health,Silver Lake and Shore Capital Partners
City Way Animal Clinics - Mass Ave,Indianapolis,IN,46202,Mission Pet Health,Silver Lake and Shore Capital Partners
Freeland Animal Hospital,Indianapolis,IN,46236,Lakefield Veterinary Group,Desmarais family and Peloton Capital Management
IndyVet Emergency & Specialty Hospital,Indianapolis,IN,46203,Ethos Veterinary Health,JAB Holdings
Livewell Animal Hospital at Emerson Crossing (coming soon),Indianapolis,IN,46237,Mission Pet Health,Silver Lake and Shore Capital Partners
Michigan Road Animal Hospital at 96th Street,Indianapolis,IN,46268,NVA,JAB Holdings
Michigan Road Animal Hospital at Crooked Creek,Indianapolis,IN,46268,NVA,JAB Holdings
Oaklandon Family Vet,Indianapolis,IN,46236,Heartland Veterinary Partners,Gryphon Investors
Paw Patch Veterinary Hospital,Indianapolis,IN,46254,Alliance Animal Health,L Catterton and LightBay Capital
Pet Palace Indianapolis,Indianapolis,IN,46268,Destination Pet,L1 Health
Pet Pals Veterinary Hospital,Indianapolis,IN,46240,CareVet,Compass Group Equity Partners
Petfolk Veterinary & Urgent Care - Nora,Indianapolis,IN,46240,Petfolk,Undisclosed
PetSuites Indianapolis Northwest,Indianapolis,IN,46268,NVA,JAB Holdings
Puppy Playground,Indianapolis,IN,46220,NVA,JAB Holdings
Puppy Playground,Indianapolis,IN,46214,NVA,JAB Holdings
Rockville Road Animal Hospital,Indianapolis,IN,46214,Alliance Animal Health,L Catterton and LightBay Capital
Shelby Street Animal Clinic,Indianapolis,IN,46227,Western Veterinary Partners,Tyree & D'Angelo Partners
South 31 Veterinary Clinic,Indianapolis,IN,46227,Alliance Animal Health,L Catterton and LightBay Capital
South Side Animal Hospital,Indianapolis,IN,46227,VetCor,Harvest Partners
The Downtown Veterinarian,Indianapolis,IN,46202,Mission Pet Health,Silver Lake and Shore Capital Partners
The Paw Patch Place,Indianapolis,IN,46220,NVA,JAB Holdings
VCA Animal Hospitals Urgent Care - College Park,Indianapolis,IN,46268,VCA,Mars
VCA Beech Grove Animal Hospital,Indianapolis,IN,46203,VCA,Mars
VCA Swengel Animal Hospital,Indianapolis,IN,46227,VCA,Mars
VCA West 86th St. Animal Hospital,Indianapolis,IN,46268,VCA,Mars
Eagle Creek Animal Clinic,Inidanaplolis,IN,46254,Mission Pet Health,Silver Lake and Shore Capital Partners
Allison Lane Animal Hospital,Jeffersonville,IN,47130,United Veterinary Care,Nordic Capital
Vetco Total Care - Jeffersonville,Jeffersonville,IN,47130,Vetco Total Care,Petco
Buck Creek Veterinary Clinic,Knightstown,IN,46148,O'Brien Veterinary Group,Family owned corporate consolidator
Jefferson Road Animal Hospital,Kokomo,IN,46901,NVA,JAB Holdings
Kokomo Animal Hospital,Kokomo,IN,46902,NVA,JAB Holdings
Northeast Animal Clinic,Kokomo,IN,46901,O'Brien Veterinary Group,Family owned corporate consolidator
All Creature Features Animal Hospital,La Porte,IN,46350,VetCor,Harvest Partners
VCA Lafayette Animal Hospital,Lafayette,IN,47905,VCA,Mars
VCA Paw Prints Animal Hospital,Lafayette,IN,47909,VCA,Mars
Lake Station Pet Clinic,Lake Station,IN,46405,VetCor,Harvest Partners
Lawrenceburg Veterinary Clinic,Lawrenceburg,IN,47025,Community Veterinary Partners,OMERS
PetVet Vaccination Clinic - Lawrenceburg,Lawrenceburg,IN,47025,VIP Petcare / PetVet,Tractor Supply Company
Animal Hospital Of Martinsville,Martinsville,IN,46151,Alliance Animal Health,L Catterton and LightBay Capital
Banfield Pet Hospital,Merrillville,IN,46410,Banfield,Mars
Michigan City Animal Hospital,Michigan City,IN,46360,Mission Pet Health,Silver Lake and Shore Capital Partners
Magrane Pet Medical Center,Mishawaka,IN,46545,Thrive Pet Healthcare,TSG Consumer Partners
Hawthorne Animal Clinic,Mt Vernon,IN,47620,CareVet,Compass Group Equity Partners
Care Animal Hospital,Muncie,IN,47304,Mission Pet Health,Silver Lake and Shore Capital Partners
Maplewood Animal Hospital,Muncie,IN,47303,Mission Pet Health,Silver Lake and Shore Capital Partners
Munster Animal Hospital,Munster,IN,46321,Hometown Veterinary Partners,Briarcliff Capital Partners
Bean Blossom Animal Clinic,Nashville,IN,47448,Alliance Animal Health,L Catterton and LightBay Capital
Especially Pets,New Albany,IN,47150,VetCor,Harvest Partners
New Haven Pet Hospital,New Haven,IN,46774,NVA,JAB Holdings
Indy Paws Veterinary Hospital,New Palestine,IN,46163,Alliance Animal Health,L Catterton and LightBay Capital
New Palestine Veterinary Clinic,New Palestine,IN,46163,VetCor,Harvest Partners
All Breed Pet Care,Newburgh,IN,47630,InspireVet,Public IPO IVPR
VCA Parkdale Animal Hospital,Newburgh,IN,47630,VCA,Mars
Banfield Noblesville,Noblesville,IN,46060,Banfield,Mars
Herrmann Veterinary Clinic,Noblesville,IN,46060,VetCor,Harvest Partners
Noble West Animal Hospital,Noblesville,IN,46062,Heartland Veterinary Partners,Gryphon Investors
Petfolk Veterinary & Urgent Care - Noblesville,Noblesville,IN,46062,Petfolk,Undisclosed
VCA Stoney Creek Animal Hospital,Noblesville,IN,46060,VCA,Mars
"VEG Nora, Indianapolis",Nora Indianapolis,IN,46240,VEG (Veterinary Emergency Group),D1 Capital & Fidelity
CalfCare Vet,North Manchester,IN,46962,Heritage Vet Partners,Undisclosed financial sponsor
Jennings Veterinarians,North Vernon,IN,47265,VetCor,Harvest Partners
Honegger Animal Clinic,Ossian,IN,46777,NVA,JAB Holdings
Banfield Plainfield,Plainfield,IN,46168,Banfield,Mars
VCA Animal Hospital of Plainfield,Plainfield,IN,46168,VCA,Mars
Parrett Veterinary Clinic,Plymouth,IN,46563,Heartland Veterinary Partners,Gryphon Investors
Seven Oaks Veterinary Clinic,Plymouth,IN,46563,NVA,JAB Holdings
Coyne Veterinary Center - Portage,Portage,IN,46368,Community Veterinary Partners,OMERS
Davis Veterinary Service,Rensselaer,IN,47978,Alliance Animal Health,L Catterton and LightBay Capital
Banfield Schererville,Schererville,IN,46375,Banfield,Mars
Care Pets Animal Hospital,Sellersburg,IN,47172,Heartland Veterinary Partners,Gryphon Investors
Kingen Vet Clinic,Shelbyville,IN,46176,Alliance Animal Health,L Catterton and LightBay Capital
Family Pet Health Center,South Bend,IN,46615,CareVet,Compass Group Equity Partners
South Bend Animal Clinic,South Bend,IN,46628,VetCor,Harvest Partners
Western Veterinary Clinic,South Bend,IN,46619,VetCor,Harvest Partners
Coyne Veterinary Center - St. John,St John,IN,46373,Community Veterinary Partners,OMERS
Airport Veterinary Clinic,Terre Haute,IN,47803,Western Veterinary Partners,Tyree & D'Angelo Partners
Wabash Valley Animal Hospital,Terre Haute,IN,47802,VetCor,Harvest Partners
Lake City Animal Health & Wellness Center,Warsaw,IN,46580,Alliance Animal Health,L Catterton and LightBay Capital
Lake City Animal Health & Wellness Ctr,Warsaw,IN,46582,Alliance Animal Health,L Catterton and LightBay Capital
Banfield West Lafayette CLOSED,West Lafayette,IN,47906,Banfield,Mars
Blair Animal Clinic,West Lafayette,IN,47906,VetCor,Harvest Partners
Chris' Veterinary Service,West Lafayette,IN,47906,Heritage Vet Partners,Undisclosed financial sponsor
Creekside Animal Hospital,West Lafayette,IN,47906,Western Veterinary Partners,Tyree & D'Angelo Partners
Klondike Kennels,West Lafayette,IN,47906,VetCor,Harvest Partners
Pets and Vets as Partners,West Lafayette,IN,47906,United Veterinary Care,Nordic Capital
Pooch Palace,West Lafayette,IN,47906,Destination Pet,L1 Health
West Lafayette Veterinary Care,West Lafayette,IN,47906,Heartland Veterinary Partners,Gryphon Investors
All-Star Veterinary Clinic,Westfield,IN,46074,Mission Pet Health,Silver Lake and Shore Capital Partners
PetSuites Westfield,Westfield,IN,46074,NVA,JAB Holdings
Vetco Total Care - Whitestown,Whitestown,IN,46075,Vetco Total Care,Petco
Zionsville Kennel,Whitestown,IN,46075,Destination Pet,L1 Health
Four Seasons Animal Hospital,Winfield,IN,46307,Blue River PetCare,Partners Group
Royer Veterinary Services,Worthington,IN,47471,AmeriVet,AEA Investors and Abu Dhabi Investment Authority (ADIA)
Community Pet Healthcare,Zionsville,IN,46077,Mission Pet Health,Silver Lake and Shore Capital Partners
The Bearded Groomer,Zionsville,IN,46077,NVA,JAB Holdings
VCA Eagle Park Animal Hospital,Zionsville,IN,46077,VCA,Mars
Zionsville Animal Hospital,Zionsville,IN,46077,NVA,JAB Holdings
Countryside Pet Clinic & Resort,Andover,KS,67002,NVA,JAB Holdings
Kutter Pet Care Center,Andover,KS,67002,Mission Pet Health,Silver Lake and Shore Capital Partners
VCA Andover Animal Hospital and Pet Resort,Andover,KS,67002,VCA,Mars
Augusta Animal Clinic,Augusta,KS,67010,Blue River PetCare,Partners Group
Wolf Creek Veterinary Clinic,Basehor,KS,66007,Mission Pet Health,Silver Lake and Shore Capital Partners
Heartland Animal Hospital,Bel Aire,KS,67220,NVA,JAB Holdings
Paw Prints Animal Hospital,Berryton,KS,66409,CareVet,Compass Group Equity Partners
Vetco Total Care - Derby,Derby,KS,67037,Vetco Total Care,Petco
VCA Fairway Animal Hospital,Fairway,KS,66205,VCA,Mars
Gardner Animal Hospital,Gardner,KS,66030,Mission Pet Health,Silver Lake and Shore Capital Partners
Oakbrook Animal Hospital,Gardner,KS,66030,Heartland Veterinary Partners,Gryphon Investors
NEK Veterinary Services,Hiawatha,KS,66434,AmeriVet,AEA Investors and Abu Dhabi Investment Authority (ADIA)
Barta Animal Hospital,Independence,KS,67301,Heartland Veterinary Partners,Gryphon Investors
Independence Animal Hospital,Independence,KS,67301,Heartland Veterinary Partners,Gryphon Investors
Bethel Animal Hospital,Kansas City,KS,66109,CareVet,Compass Group Equity Partners
VCA Welborn Animal Hospital,Kansas City,KS,66112,VCA,Mars
Western Plains Veterinary Clinic,Lakin,KS,67860,Heritage Vet Partners,Undisclosed financial sponsor
Lansing Veterinary Hospital,Lansing,KS,66043,CareVet,Compass Group Equity Partners
Clinton Parkway Animal Hospital,Lawrence,KS,66047,NVA,JAB Holdings
Gentle Care Animal Hospital,Lawrence,KS,66049,Alliance Animal Health,L Catterton and LightBay Capital
Pioneer Animal Hospital,Leavenworth,KS,66048,Western Veterinary Partners,Tyree & D'Angelo Partners
Camelot Court Animal Clinic,Leawood,KS,66209,Mission Pet Health,Silver Lake and Shore Capital Partners
Vetco Total Care - Lenexa,Lenexa,KS,66215,Vetco Total Care,Petco
Vetco Total Care - Manhattan,Manhattan,KS,66502,Vetco Total Care,Petco
Banfield Merriam,Merriam,KS,66202,Banfield,Mars
Eye Care for Animals - Mission,Mission,KS,66202,Thrive Pet Healthcare,TSG Consumer Partners
Mission Animal Clinic,Mission,KS,66202,Heartland Veterinary Partners,Gryphon Investors
Mission Veterinary Emergency & Specialty,Mission,KS,66202,Ethos Veterinary Health,JAB Holdings
Banfield Olathe,Olathe,KS,66062,Banfield,Mars
Heritage Animal Hospital,Olathe,KS,66062,VetCor,Harvest Partners
Murlen Animal Clinic,Olathe,KS,66062,CareVet,Compass Group Equity Partners
Southside Pet Hospital,Olathe,KS,66061,NVA,JAB Holdings
The Pet Ranch,Olathe,KS,66062,NVA,JAB Holdings
VCA Olathe Animal Hospital,Olathe,KS,66062,VCA,Mars
Winchester Pet Care Center,Olathe,KS,66062,Heartland Veterinary Partners,Gryphon Investors
Banfield Overland Park,Overland Park,KS,66210,Banfield,Mars
Blue Valley Animal Hospital,Overland Park,KS,66085,Veterinary Practice Partners,Audax Private Equity
BluePearl Pet Hospital,Overland Park,KS,66210,BluePearl Pet Hospital,Mars
Companion Animal Dentistry,Overland Park,KS,66213,Animal Outpatient Specialty Network (AOSN),Percheron Capital
Deer Creek Animal Hospital,Overland Park,KS,66223,Mission Pet Health,Silver Lake and Shore Capital Partners
Eye Care for Animals - Overland Park,Overland Park,KS,66210,Thrive Pet Healthcare,TSG Consumer Partners
GoodVets Overland Park Leawood,Overland Park,KS,66207,GoodVets,General Atlantic
Johnson County Animal Clinic,Overland Park,KS,66204,Mission Pet Health,Silver Lake and Shore Capital Partners
Overland Park,Overland Park,KS,66211,Petfolk,Undisclosed
Overland Park Veterinary Emergency and Specialty,Overland Park,KS,66223,Ethos Veterinary Health,JAB Holdings
Oxford Animal Hospital,Overland Park,KS,66213,Thrive Pet Healthcare,TSG Consumer Partners
Stanley Veterinary Clinic,Overland Park,KS,66223,Mission Pet Health,Silver Lake and Shore Capital Partners
UrgentVet Overland Park,Overland Park,KS,66223,American Veterinary Group,Oak Hill Capital
VCA Cherokee Animal Hospital,Overland Park,KS,66212,VCA,Mars
VEG Overland Park,Overland Park,KS,66209,VEG (Veterinary Emergency Group),D1 Capital & Fidelity
Vetco Total Care - Overland Park,Overland Park,KS,66223,Vetco Total Care,Petco
GoodVets Prairie Village,Prairie Village,KS,66208,GoodVets,General Atlantic
Mission Road Animal Clinic,Prairie Village,KS,66206,Veterinary Practice Partners,Audax Private Equity
Somerset Animal Hospital,Prairie Village,KS,66207,VetCor,Harvest Partners
Salina Veterinary Hospital,Salina,KS,67401,Heartland Veterinary Partners,Gryphon Investors
Town & Country Animal Hospital,Salina,KS,67401,Mission Pet Health,Silver Lake and Shore Capital Partners
Banfield Shawnee Mission,Shawnee,KS,66217,Banfield,Mars
Mill Creek Animal Hospital,Shawnee,KS,66216,VetCor,Harvest Partners
PetSuites Shawnee,Shawnee,KS,66218,NVA,JAB Holdings
VCA Central Kansas Animal Hospital,South Hutchinson,KS,67505,VCA,Mars
Spring Hill Veterinary Clinic,Spring Hill,KS,66083,CareVet,Compass Group Equity Partners
Burlingame Road Animal Hospital,Topeka,KS,66609,Western Veterinary Partners,Tyree & D'Angelo Partners
Companion Animal Clinic,Topeka,KS,66614,CareVet,Compass Group Equity Partners
Family Pet Hospital,Topeka,KS,66605,Western Veterinary Partners,Tyree & D'Angelo Partners
Stone House Animal Hospital,Topeka,KS,66604,AmeriVet,AEA Investors and Abu Dhabi Investment Authority (ADIA)
Vetco Total Care - Topeka,Topeka,KS,66604,Vetco Total Care,Petco
Westport Animal Clinic,Topeka,KS,66614,Alliance Animal Health,L Catterton and LightBay Capital
FMA Animal Hospital,Westwood,KS,66205,Western Veterinary Partners,Tyree & D'Angelo Partners
All Creatures Veterinary Hospital,Wichita,KS,67212,Mission Pet Health,Silver Lake and Shore Capital Partners
Banfield Wichita E,Wichita,KS,67226,Banfield,Mars
Banfield Wichita W,Wichita,KS,67209,Banfield,Mars
Bogue Animal Hospital,Wichita,KS,67212,VetCor,Harvest Partners
Equine Surgery & Medicine Care,Wichita,KS,67220,PetVet Care Centers,KKR
Northrock Hospital for Animals,Wichita,KS,67226,Mission Pet Health,Silver Lake and Shore Capital Partners
Pet Haven Veterinary Clinic,Wichita,KS,67203,NVA,JAB Holdings
Prairie Ridge Animal Hospital,Wichita,KS,67235,NVA,JAB Holdings
UrgentVet Wichita,Wichita,KS,67226,American Veterinary Group,Oak Hill Capital
Vetco Total Care - Wichita,Wichita,KS,67205,Vetco Total Care,Petco
Veterinary Emergency & Specialty Hospital of Wichita,Wichita,KS,67205,Ethos Veterinary Health,JAB Holdings
Wellspring Animal Hospital,Wichita,KS,67212,Western Veterinary Partners,Tyree & D'Angelo Partners
Calvert City Animal Hospital,Calvert City,KY,42029,Alliance Animal Health,L Catterton and LightBay Capital
Corbin Animal Clinic,Corbin,KY,40701,Heartland Veterinary Partners,Gryphon Investors
Crestwood Animal Hospital,Crestwood,KY,40014,United Veterinary Care,Nordic Capital
Country Hills Veterinary Hospital,East Point,KY,41216,Heartland Veterinary Partners,Gryphon Investors
Heartland Veterinary Hospital of Elizabethtown,Elizabethtown,KY,42701,Heartland Veterinary Partners,Gryphon Investors
Helmwood Veterinary Clinic,Elizabethtown,KY,42701,NVA,JAB Holdings
North Hardin Veterinary Clinic,Elizabethtown,KY,42701,NVA,JAB Holdings
Erlanger Veterinary Hospital,Erlanger,KY,41018,Encore Vet Group,North Castle Partners
PetSuites Erlanger,Erlanger,KY,41018,NVA,JAB Holdings
Elk Creek Animal Hospital,Fisherville,KY,40023,VetCor,Harvest Partners
Animal Dermatology Clinic Florence,Florence,KY,41042,Animal Dermatology Clinic,Percheron Capital
Banfield Florence,Florence,KY,41042,Banfield,Mars
My Pet's Vet Florence,Florence,KY,41042,My Pet's Vet Group,Fulcrum Equity Partners
Fort Thomas Animal Hospital,Fort Thomas,KY,41075,CareVet,Compass Group Equity Partners
All Creatures Veterinary Care,Grayson,KY,41143,PetVet Care Centers,KKR
Roe-Burke Veterinary Services,Hardinsburg,KY,40143,VetCor,Harvest Partners
Hebron Animal Hospital,Hebron,KY,41048,Alliance Animal Health,L Catterton and LightBay Capital
Skyline Animal Clinic,Hopkinsville,KY,42240,PetVet Care Centers,KKR
Banfield Louisville Stony Brook,Jeffersontown,KY,40299,Banfield,Mars
Leitchfield Veterinary Clinic,Leitchfield,KY,42754,Heartland Veterinary Partners,Gryphon Investors
Animal Dermatology Clinic Lexington,Lexington,KY,40503,Animal Dermatology Clinic,Percheron Capital
Banfield Lansdowne,Lexington,KY,40502,Banfield,Mars
Banfield Lexington,Lexington,KY,40509,Banfield,Mars
Bluegrass Veterinary Specialists & Animal Emergency,Lexington,KY,40505,PetVet Care Centers,KKR
Chevy Chase Animal Clinic,Lexington,KY,40502,Mission Pet Health,Silver Lake and Shore Capital Partners
Hagyard Equine Medical Institute,Lexington,KY,40511,PetVet Care Centers,KKR
Hagyard Pharmacy - Lexington,Lexington,KY,40511,PetVet Care Centers,KKR
MedVet Lexington,Lexington,KY,40503,MedVet,Minority stake by Leonard Green & Partners
Park Equine Hospital,Lexington,KY,40511,Altano Group,Ufenau Capital Partners
PetSuites Hamburg,Lexington,KY,40509,NVA,JAB Holdings
PriorityPet Urgent Care of Lexington,Lexington,KY,40511,Alliance Animal Health,L Catterton and LightBay Capital
Sheabel Veterinary Hospital,Lexington,KY,40509,CareVet,Compass Group Equity Partners
UrgentVet Lexington,Lexington,KY,40517,American Veterinary Group,Oak Hill Capital
Village Animal Hospital,Lexington,KY,40504,Heartland Veterinary Partners,Gryphon Investors
London Veterinary Clinic,London,KY,40744,VetCor,Harvest Partners
Tri-County Animal Clinic,Louisa,KY,41230,PetVet Care Centers,KKR
AMC Middletown,Louisville,KY,40223,Mission Pet Health,Silver Lake and Shore Capital Partners
Animal Dermatology Clinic Louisville,Louisville,KY,40223,Animal Dermatology Clinic,Percheron Capital
Animal Doctors,Louisville,KY,40299,United Veterinary Care,Nordic Capital
Banfield Louisville CLOSED,Louisville,KY,40299,Banfield,Mars
Banfield Louisville SW,Louisville,KY,40219,Banfield,Mars
Banfield Springhurst,Louisville,KY,40241,Banfield,Mars
Barbour Lane Animal Hospital,Louisville,KY,40241,Mission Pet Health,Silver Lake and Shore Capital Partners
BluePearl Pet Hospital Louisville,Louisville,KY,40223,BluePearl Pet Hospital,Mars
CVCA Cardiac Care For Pets,Louisville,KY,40223,Mission Pet Health,Silver Lake and Shore Capital Partners
Doerr Animal Clinic,Louisville,KY,40222,Mission Pet Health,Silver Lake and Shore Capital Partners
East Louisville Animal Hospital,Louisville,KY,40207,United Veterinary Care,Nordic Capital
Elk Creek Animal Hospital of Hikes Point,Louisville,KY,40218,VetCor,Harvest Partners
Gailor Animal Hospital,Louisville,KY,40214,United Veterinary Care,Nordic Capital
Hurstbourne Animal Hospital,Louisville,KY,40299,Mission Pet Health,Silver Lake and Shore Capital Partners
Livewell Animal Hospital of Anchorage,Louisville,KY,40245,Mission Pet Health,Silver Lake and Shore Capital Partners
Lyndon Animal Clinic,Louisville,KY,40222,Mission Pet Health,Silver Lake and Shore Capital Partners
PetSuites Fern Creek,Louisville,KY,40291,NVA,JAB Holdings
PetSuites Middletown,Louisville,KY,40245,NVA,JAB Holdings
Plantation Animal Clinic,Louisville,KY,40242,VetCor,Harvest Partners
Preston Animal Hospital,Louisville,KY,40219,Heartland Veterinary Partners,Gryphon Investors
Seneca Animal Hospital,Louisville,KY,40205,United Veterinary Care,Nordic Capital
Springhurst Animal Hospital,Louisville,KY,40241,United Veterinary Care,Nordic Capital
St. Matthews Animal Clinic,Louisville,KY,40207,United Veterinary Care,Nordic Capital
UrgentVet Louisville,Louisville,KY,40207,American Veterinary Group,Oak Hill Capital
VCA Fairleigh Animal Hospital,Louisville,KY,40204,VCA,Mars
VCA Shelden Animal Hospital,Louisville,KY,40291,VCA,Mars
VEG ER for Pets,Louisville,KY,40207,VEG (Veterinary Emergency Group),D1 Capital & Fidelity
Bell County Animal Clinic,Middlesboro,KY,40965,VetEvolve,Varsity Healthcare Partners
Elk Creek Animal Hospital of Bullitt County,Mt Washington,KY,40047,VetCor,Harvest Partners
Murray Animal Hospital,Murray,KY,42071,CareVet,Compass Group Equity Partners
Westside Veterinary Service,Murray,KY,42071,Encore Vet Group,North Castle Partners
Banfield Newport,Newport,KY,41071,Banfield,Mars
Banfield Lexington S,Nicholasville,KY,40356,Banfield,Mars
Oak Grove Animal Hospital,Oak Grove,KY,42262,PetVet Care Centers,KKR
Audubon Animal Hospital,Owensboro,KY,42301,CareVet,Compass Group Equity Partners
Kentuckiana Animal Clinic,Owensboro,KY,42303,NVA,JAB Holdings
Towne Square Animal Hospital,Owensboro,KY,42301,CareVet,Compass Group Equity Partners
Towne Square Pet Resort,Owensboro,KY,42301,CareVet,Compass Group Equity Partners
Ceglinski Animal Clinic,Paducah,KY,42001,Alliance Animal Health,L Catterton and LightBay Capital
Pewee Valley Veterinary Center,Pewee Valley,KY,40056,Mission Pet Health,Silver Lake and Shore Capital Partners
Goshen Animal Clinic,Prospect,KY,40059,United Veterinary Care,Nordic Capital
Richmond Veterinary Clinic,Richmond,KY,40475,VetCor,Harvest Partners
Midway Veterinary Hospital,Somerset,KY,42501,PetVet Care Centers,KKR
Union Pet Hospital,Union,KY,41091,Encore Vet Group,North Castle Partners
Bluegrass Equine Surgical Center,Versailles,KY,40383,PetVet Care Centers,KKR
Hagyard Pharmacy - Versailles,Versailles,KY,40383,PetVet Care Centers,KKR
VCA Woodford Animal Hospital,Versailles,KY,40383,VCA,Mars
VCA Woodford Boarding and Grooming,Versailles,KY,40383,VCA,Mars
Greater Cincinnati Veterinary Specialists and Emergency Services,Wilder,KY,41076,Alliance Animal Health,L Catterton and LightBay Capital
Kent Veterinary Clinic,Amite City,LA,70422,Alliance Animal Health,L Catterton and LightBay Capital
Melton Veterinary Hospital,Bastrop,LA,71220,Mission Pet Health,Silver Lake and Shore Capital Partners
Animal Health Clinic,Baton Rouge,LA,70808,Destination Pet,L1 Health
Banfield Baton Rouge,Baton Rouge,LA,70815,Banfield,Mars
Banfield Baton Rouge E,Baton Rouge,LA,70816,Banfield,Mars
Baton Rouge Veterinary Referral Center,Baton Rouge,LA,70816,Thrive Pet Healthcare,TSG Consumer Partners
Bocage Animal Hospital,Baton Rouge,LA,70806,Heartland Veterinary Partners,Gryphon Investors
Highland Road Animal Hospital,Baton Rouge,LA,70808,Blue River PetCare,Partners Group
Jefferson Animal Hospital,Baton Rouge,LA,70809,NVA,JAB Holdings
Kleinpeter Veterinary Hospital,Baton Rouge,LA,70809,PetVet Care Centers,KKR
Perkins Road Veterinary Hospital,Baton Rouge,LA,70808,Mission Pet Health,Silver Lake and Shore Capital Partners
Petz Plaza,Baton Rouge,LA,70808,Destination Pet,L1 Health
Sherwood South Animal Hospital Emergency & Critical Care Center,Baton Rouge,LA,70816,Thrive Pet Healthcare,TSG Consumer Partners
South Baton Rouge Animal Hospital,Baton Rouge,LA,70810,Thrive Pet Healthcare,TSG Consumer Partners
VCA All Pets Animal Hospital,Baton Rouge,LA,70810,VCA,Mars
Vetco Total Care - Baton Rouge,Baton Rouge,LA,70808,Vetco Total Care,Petco
Vetco Total Care - Baton Rouge,Baton Rouge,LA,70809,Vetco Total Care,Petco
Airline Animal Health and Surgery Center LLC,Bossier City,LA,71111,NVA,JAB Holdings
Banfield Bossier City,Bossier City,LA,71111,Banfield,Mars
North Airline Animal Hospital,Bossier City,LA,71111,Innovetive Pet Care,Metalmark Capital
Bayou Teche Veterinary Clinic,Breaux Bridge,LA,70517,CareVet,Compass Group Equity Partners
Pet Care Center Chalmette,Chalmette,LA,70043,Mission Pet Health,Silver Lake and Shore Capital Partners
Clinton Animal Hospital,Clinton,LA,70722,Alliance Animal Health,L Catterton and LightBay Capital
Banfield Covington,Covington,LA,70433,Banfield,Mars
Hillside Veterinary Associates,Covington,LA,70435,Western Veterinary Partners,Tyree & D'Angelo Partners
PetSuites Northshore,Covington,LA,70433,NVA,JAB Holdings
Dodge CIty Veterinary Hospital,Denham Springs,LA,70726,Thrive Pet Healthcare,TSG Consumer Partners
Animal Care Clinic,DeRidder,LA,70659,Blue River PetCare,Partners Group
Hayes Veterinary Hospital,DeRidder,LA,70634,NVA,JAB Holdings
Destrehan Animal Hospital,Destrehan,LA,70047,Heartland Veterinary Partners,Gryphon Investors
CareVet of Franklin,Franklin,LA,70538,CareVet,Compass Group Equity Partners
Animal Care Center of Gonzales,Gonzales,LA,70737,CareVet,Compass Group Equity Partners
Animal Care Center,Hammond,LA,70403,Mission Pet Health,Silver Lake and Shore Capital Partners
Hammond Veterinary Services,Hammond,LA,70401,Alliance Animal Health,L Catterton and LightBay Capital
PriorityPet Urgent Care of Hammond,Hammond,LA,70403,Alliance Animal Health,L Catterton and LightBay Capital
Abadie Veterinary Hospital,Harahan,LA,70123,Mission Pet Health,Silver Lake and Shore Capital Partners
Banfield Elmwood,Harahan,LA,70123,Banfield,Mars
Banfield Westbank,Harvey,LA,70058,Banfield,Mars
Vetco Total Care - Harvey,Harvey,LA,70058,Vetco Total Care,Petco
Animal Kingdom Veterinary Hospital,Houma,LA,70363,Alliance Animal Health,L Catterton and LightBay Capital
Best Friends Animal Hospital,Houma,LA,70364,Heartland Veterinary Partners,Gryphon Investors
Marcello Veterinary Hospital - Houma,Houma,LA,70360,PetVet Care Centers,KKR
Hickory Small Animal Hospital,Independence,LA,70443,Thrive Pet Healthcare,TSG Consumer Partners
Metairie Small Animal Hospital - Kenner Clinic,Kenner,LA,70065,NVA,JAB Holdings
Banfield Lafayette,Lafayette,LA,70503,Banfield,Mars
Lafayette Veterinary Care Center,Lafayette,LA,70503,NVA,JAB Holdings
St. Francis Veterinary Hospital,Lafayette,LA,70508,PetVet Care Centers,KKR
Vetco Total Care - Lafayette,Lafayette,LA,70501,Vetco Total Care,Petco
Vetco Total Care - Lafayette,Lafayette,LA,70508,Vetco Total Care,Petco
Animal Medical Center of Moss Bluff,Lake Charles,LA,70611,NVA,JAB Holdings
Gill Bright Animal Hospital,Lake Charles,LA,70605,Mission Pet Health,Silver Lake and Shore Capital Partners
University Animal Clinic,Lake Charles,LA,70607,NVA,JAB Holdings
Riverlands Animal Hospital,Laplace,LA,70068,Alliance Animal Health,L Catterton and LightBay Capital
Entrance Road Veterinary Clinic,Leesville,LA,71446,NVA,JAB Holdings
Marcello Veterinary Hospital - Raceland,Lockport,LA,70374,PetVet Care Centers,KKR
Tchefuncte Animal Hospital,Madisonville,LA,70447,Heartland Veterinary Partners,Gryphon Investors
Cypress Point Animal Hospital,Mandeville,LA,70448,CareVet,Compass Group Equity Partners
MedVet Mandeville,Mandeville,LA,70471,MedVet,Minority stake by Leonard Green & Partners
Northlake Veterinary Hospital,Mandeville,LA,70471,Mission Pet Health,Silver Lake and Shore Capital Partners
Riverside Veterinary Hospital,Mandeville,LA,70471,PetVet Care Centers,KKR
Acadiana West Animal Clinic,Marrero,LA,70072,Heartland Veterinary Partners,Gryphon Investors
Banfield Metairie,Metairie,LA,70003,Banfield,Mars
Cat Hospital of Metairie,Metairie,LA,70005,Heartland Veterinary Partners,Gryphon Investors
MedVet New Orleans,Metairie,LA,70001,MedVet,Minority stake by Leonard Green & Partners
Metairie Small Animal Hospital,Metairie,LA,70005,NVA,JAB Holdings
Metairie Small Animal Hospital - West Esplanade Clinic,Metairie,LA,70006,NVA,JAB Holdings
Pet Care Center,Metairie,LA,70003,Mission Pet Health,Silver Lake and Shore Capital Partners
VCA Airline Animal Hospital CLOSED,Metairie,LA,70001,VCA,Mars
VCA Causeway Animal Hospital,Metairie,LA,70001,VCA,Mars
Vetco Total Care - Metairie,Metairie,LA,70002,Vetco Total Care,Petco
Animal Hospital of Old Metairie,Metarie,LA,70005,Mission Pet Health,Silver Lake and Shore Capital Partners
Ouachita Pet Clinic,Monroe,LA,71201,CareVet,Compass Group Equity Partners
CareVet of Atchafalaya,Morgan City,LA,70380,CareVet,Compass Group Equity Partners
All Creatures Veterinary Hospital,New Iberia,LA,70563,PetVet Care Centers,KKR
Spanish Trail Animal Hospital,New Iberia,LA,70560,NVA,JAB Holdings
Banfield New Orleans CLOSED,New Orleans,LA,70115,Banfield,Mars
East Riverside Veterinary Hospital,New Orleans,LA,70115,Mission Pet Health,Silver Lake and Shore Capital Partners
Metairie Small Animal Hospital - Freret Clinic,New Orleans,LA,70115,NVA,JAB Holdings
Metairie Small Animal Hospital - Lakeview Clinic,New Orleans,LA,70124,NVA,JAB Holdings
Metairie Small Animal Hospital - Marigny Clinic,New Orleans,LA,70117,NVA,JAB Holdings
The Cat Practice,New Orleans,LA,70130,Veterinary Practice Partners,Audax Private Equity
VCA Algiers Animal Hospital,New Orleans,LA,70114,VCA,Mars
Vetco Total Care - New Orleans,New Orleans,LA,70119,Vetco Total Care,Petco
Hickory Small Animal Hospital,Ponchatoula,LA,70454,Thrive Pet Healthcare,TSG Consumer Partners
Pet Care Center,Ponchatoula,LA,70454,Mission Pet Health,Silver Lake and Shore Capital Partners
Cypress Creek Animal Hospital,Ruston,LA,71270,Alliance Animal Health,L Catterton and LightBay Capital
Animal Emergency Clinic of Shreveport,Shreveport,LA,71104,Alliance Animal Health,L Catterton and LightBay Capital
Companion Animal Medical Center,Shreveport,LA,71129,Alliance Animal Health,L Catterton and LightBay Capital
South Shreveport Animal Hospital,Shreveport,LA,71105,Western Veterinary Partners,Tyree & D'Angelo Partners
Towne South Animal Hospital,Shreveport,LA,71105,VetCor,Harvest Partners
University Veterinary Hospital,Shreveport,LA,71115,Suveto,Levine Leichtman Capital
Vetco Total Care - Shreveport,Shreveport,LA,71105,Vetco Total Care,Petco
Banfield Slidell Gause,Slidell,LA,70458,Banfield,Mars
Banfield South Slidell CLOSED,Slidell,LA,70458,Banfield,Mars
Banfield Baton Rouge South,South Baton Rouge,LA,70809,Banfield,Mars
McMahen Veterinary Hospital,Springhill,LA,71075,CareVet,Compass Group Equity Partners
Sulphur Animal Clinic,Sulphur,LA,70665,NVA,JAB Holdings
Town & Country Animal Clinic,Ville Platte,LA,70586,Alliance Animal Health,L Catterton and LightBay Capital
Walker Animal Hospital,Walker,LA,70785,Mission Pet Health,Silver Lake and Shore Capital Partners
The Animal Center,Zachary,LA,70791,NVA,JAB Holdings
Great Road Veterinary Hospital,Acton,MA,01720,AmeriVet,AEA Investors and Abu Dhabi Investment Authority (ADIA)
Merrimac Valley Animal Hospital,Amesbury,MA,01913,United Veterinary Care,Nordic Capital
Andover Animal Hospital,Andover,MA,01810,United Veterinary Care,Nordic Capital
Mill Brook Animal Clinic,Arlington,MA,02476,Rarebreed Veterinary Partners,Revelstoke Capital Partners
VCA City Cats Hospital,Arlington,MA,02476,VCA,Mars
Ashland Animal Hospital,Ashland,MA,01721,VetCor,Harvest Partners
Family Pet Hospital,Ashland,MA,01721,VetCor,Harvest Partners
VCA Adams Animal Hospital,Athol,MA,01331,VCA,Mars
Attleboro Veterinary Clinic,Attleboro,MA,02703,Rarebreed Veterinary Partners,Revelstoke Capital Partners
VCA Auburn Animal Hospital,Auburn,MA,01501,VCA,Mars
Ayer Animal Medical Center,Ayer,MA,01432,Thrive Pet Healthcare,TSG Consumer Partners
Banfield Bellingham,Bellingham,MA,02019,Banfield,Mars
Fresh Pond Animal Hospital,Belmont,MA,02478,VetCor,Harvest Partners
Berlin Animal Hospital,Berlin,MA,01503,Mission Pet Health,Silver Lake and Shore Capital Partners
UrgentVet Beverly,Beverly,MA,01915,American Veterinary Group,Oak Hill Capital
Billerica Veterinary Hospital,Billerica,MA,01821,Thrive Pet Healthcare,TSG Consumer Partners
Integrative Animal Health Care Center,Bolton,MA,01740,Rarebreed Veterinary Partners,Revelstoke Capital Partners
Back Bay Veterinary Clinic,Boston,MA,02115,NVA,JAB Holdings
Banfield South Boston,Boston,MA,02127,Banfield,Mars
BluePearl Pet Hospital Charlestown Boston,Boston,MA,02129,BluePearl Pet Hospital,Mars
Bond Vet - Back Bay,Boston,MA,02116,Bond Vet,Warburg Pincus
Bond Vet - Seaport,Boston,MA,02210,Bond Vet,Warburg Pincus
Boston Veterinary Clinic - Charlestown,Boston,MA,02129,Mission Pet Health,Silver Lake and Shore Capital Partners
Boston Veterinary Clinic - Seaport,Boston,MA,02210,Mission Pet Health,Silver Lake and Shore Capital Partners
Boston Veterinary Clinic - South End,Boston,MA,02116,Mission Pet Health,Silver Lake and Shore Capital Partners
MetroVet Veterinary Clinic,Boston,MA,02130,Mission Pet Health,Silver Lake and Shore Capital Partners
VEG Boston,Boston,MA,02116,VEG (Veterinary Emergency Group),D1 Capital & Fidelity
Veterinary Dental Services,Boxborough,MA,01719,Animal Outpatient Specialty Network (AOSN),Percheron Capital
Boxford Animal Hospital,Boxford,MA,01921,Heartland Veterinary Partners,Gryphon Investors
Banfield Braintree,Braintree,MA,02184,Banfield,Mars
Banfield Braintree South Shore,Braintree,MA,02184,Banfield,Mars
Braintree Veterinary Care,Braintree,MA,02184,Rarebreed Veterinary Partners,Revelstoke Capital Partners
Veterinary Urgent Care Center of Braintree,Braintree,MA,02184,Mission Pet Health,Silver Lake and Shore Capital Partners
VCA North Main Street Veterinary Clinic,Brockton,MA,02301,VCA,Mars
Boston Veterinary Clinic - Brookline,Brookline,MA,02446,Mission Pet Health,Silver Lake and Shore Capital Partners
Livewell Animal Hospital of Brookline (coming soon),Brookline,MA,02446,Mission Pet Health,Silver Lake and Shore Capital Partners
Small Door Brookline (MA),Brookline,MA,02446,Small Door,Valspring Capital
VCA Brookline Animal Hospital,Brookline,MA,02445,VCA,Mars
VCA Metro Cat Hospital CLOSED,Brookline,MA,02446,VCA,Mars
Burlington Veterinary Hospital,Burlington,MA,01803,VetCor,Harvest Partners
Buzzards Bay Veterinary Associates,Buzzards Bay,MA,02532,United Veterinary Care,Nordic Capital
Cape Cod Veterinary Specialists,Buzzards Bay,MA,02532,United Veterinary Care,Nordic Capital
Banfield Cambridge CLOSED,Cambridge,MA,02138,Banfield,Mars
Cambridge Veterinary Care,Cambridge,MA,02138,Rarebreed Veterinary Partners,Revelstoke Capital Partners
PetMedic Urgent Care Vet Clinic of Cambridge CLOSED,Cambridge,MA,02141,Rarebreed Veterinary Partners,Revelstoke Capital Partners
VEG Cambridge,Cambridge,MA,02138,VEG (Veterinary Emergency Group),D1 Capital & Fidelity
Canton Veterinary Hospital,Canton,MA,02021,NVA,JAB Holdings
Charlton Animal Hospital,Charlton,MA,01507,Hometown Veterinary Partners,Briarcliff Capital Partners
Banfield Chelmsford,Chelmsford,MA,01824,Banfield,Mars
Countryside Veterinary Hospital,Chelmsford,MA,01824,VetCor,Harvest Partners
Crazy Paws Veterinary Hospital,Cohasset,MA,02025,Rarebreed Veterinary Partners,Revelstoke Capital Partners
Banfield Danvers,Danvers,MA,01923,Banfield,Mars
Danvers Animal Hospital,Danvers,MA,01923,NVA,JAB Holdings
Boston Veterinary Specialists,Dedham,MA,02026,United Veterinary Care,Nordic Capital
Vetco Total Care - Dedham,Dedham,MA,02026,Vetco Total Care,Petco
Veterinary Urgent Care Center of Dedham,Dedham,MA,02026,Mission Pet Health,Silver Lake and Shore Capital Partners
Wignall Animal Hospital,Dracut,MA,01826,Thrive Pet Healthcare,TSG Consumer Partners
Deer Run Veterinary Services,East Falmouth,MA,02536,VetCor,Harvest Partners
Falmouth Animal Hospital,East Falmouth,MA,02536,VetCor,Harvest Partners
South Cape Veterinary Clinic,East Falmouth,MA,02536,Thrive Pet Healthcare,TSG Consumer Partners
VCA Pleasant Bay Animal Hospital,East Harwich,MA,02645,VCA,Mars
East Longmeadow Animal Hospital,East Longmeadow,MA,01028,AmeriVet,AEA Investors and Abu Dhabi Investment Authority (ADIA)
VCA Shaker Road Animal Hospital,East Longmeadow,MA,01028,VCA,Mars
Eastham Veterinary Hospital,Eastham,MA,02642,PetVet Care Centers,KKR
Vineyard Veterinary Clinic,Edgartown,MA,02539,Alliance Animal Health,L Catterton and LightBay Capital
Banfield Everett,Everett,MA,02149,Banfield,Mars
VCA Everett Animal Hospital,Everett,MA,02149,VCA,Mars
New England Animal Hospital,Fairhaven,MA,02719,PetVet Care Centers,KKR
VCA Capeway Animal Hospital,Fairhaven,MA,02719,VCA,Mars
Foxboro Animal Hospital,Foxborough,MA,02035,Rarebreed Veterinary Partners,Revelstoke Capital Partners
Banfield Framingham,Framingham,MA,01702,Banfield,Mars
BluePearl Pet Hospital Framingham,Framingham,MA,01701,BluePearl Pet Hospital,Mars
Livewell Animal Hospital of Framingham (coming soon),Framingham,MA,01702,Mission Pet Health,Silver Lake and Shore Capital Partners
Slade Veterinary Hospital,Framingham,MA,01702,Rarebreed Veterinary Partners,Revelstoke Capital Partners
Acorn Animal Hospital,Franklin,MA,02038,Innovetive Pet Care,Metalmark Capital
Franklin Veterinary Clinic,Franklin,MA,02038,Rarebreed Veterinary Partners,Revelstoke Capital Partners
Gardner Animal Care Center,Gardner,MA,01440,AmeriVet,AEA Investors and Abu Dhabi Investment Authority (ADIA)
Cape Ann Veterinary Hospital,Gloucester,MA,01930,Blue River PetCare,Partners Group
SeaPort Veterinary Hospital,Gloucester,MA,01930,VetCor,Harvest Partners
VCA All Caring Animal Hospital,Great Barrington,MA,01230,VCA,Mars
Riverbend Animal Hospital,Hadley,MA,01035,Rarebreed Veterinary Partners,Revelstoke Capital Partners
Valley Veterinary Hospital,Hadley,MA,01035,VetCor,Harvest Partners
VCA Roberts Animal Hospital,Hanover,MA,02339,VCA,Mars
VCA Hanson Animal Hospital,Hanson,MA,02341,VCA,Mars
Have A Heart Animal Hospital,Haverhill,MA,01832,Thrive Pet Healthcare,TSG Consumer Partners
Riverside Veterinary Clinic,Haverhill,MA,01830,Rarebreed Veterinary Partners,Revelstoke Capital Partners
Hingham Animal Clinic,Hingham,MA,02043,VetCor,Harvest Partners
Old Derby Animal Hospital,Hingham,MA,02043,NVA,JAB Holdings
Vetco Total Care - Hingham,Hingham,MA,02043,Vetco Total Care,Petco
Holden Veterinary Clinic,Holden,MA,01520,Thrive Pet Healthcare,TSG Consumer Partners
Banfield Holliston,Holliston,MA,01746,Banfield,Mars
Hudson Animal Hospital,Hudson,MA,01749,VetCor,Harvest Partners
Barnstable Animal Hospital,Hyannis,MA,02601,VetCor,Harvest Partners
The Boston Cat Hospital,Jamaica Plain,MA,02130,VetCor,Harvest Partners
Kingston Animal Hospital,Kingston,MA,02364,VetCor,Harvest Partners
VCA Lancaster Animal Hospital,Lancaster,MA,01523,VCA,Mars
Bulger Veterinary Hospital,Lawrence,MA,01843,Ethos Veterinary Health,JAB Holdings
Valley Veterinary Services,Lee,MA,01238,CareVet,Compass Group Equity Partners
Banfield Leominster,Leominster,MA,01453,Banfield,Mars
Central Animal Hospital,Leominster,MA,01453,VetCor,Harvest Partners
Leominster Animal Hospital,Leominster,MA,01453,AmeriVet,AEA Investors and Abu Dhabi Investment Authority (ADIA)
Lexington-Bedford Veterinary Hospital,Lexington,MA,02420,VetCor,Harvest Partners
Littleton Animal Hospital,Littleton,MA,01460,VetCor,Harvest Partners
Belvidere Veterinary Hospital,Lowell,MA,01852,Thrive Pet Healthcare,TSG Consumer Partners
Linwood Animal Hospital,Lowell,MA,01852,VetCor,Harvest Partners
Fallon Animal Clinic,Lunenburg,MA,01462,Blue River PetCare,Partners Group
Bond Vet - Lynnfield,Lynnfield,MA,01940,Bond Vet,Warburg Pincus
Vetco Total Care - Mansfield,Mansfield,MA,02048,Vetco Total Care,Petco
Marshfield Animal Hospital,Marshfield,MA,02050,AmeriVet,AEA Investors and Abu Dhabi Investment Authority (ADIA)
Leach Animal Hospital,Mashpee,MA,02649,Encore Vet Group,North Castle Partners
Banfield Medfield,Medfield,MA,02052,Banfield,Mars
Thrive Pet Healthcare Medford,Medford,MA,02155,Thrive Pet Healthcare,TSG Consumer Partners
Vetco Total Care - Medford,Medford,MA,02155,Vetco Total Care,Petco
Medway Animal Hospital,Medway,MA,02053,AmeriVet,AEA Investors and Abu Dhabi Investment Authority (ADIA)
Melrose Animal Clinic,Melrose,MA,02176,Innovetive Pet Care,Metalmark Capital
Mendon Animal Clinic,Mendon,MA,01756,Rarebreed Veterinary Partners,Revelstoke Capital Partners
Chase Veterinary Clinic,Middleboro,MA,02346,VetCor,Harvest Partners
Metrowest Veterinary Associates,Milford,MA,01757,Rarebreed Veterinary Partners,Revelstoke Capital Partners
Banfield Millbury,Millbury,MA,01527,Banfield,Mars
Main Street Veterinary Hospital,Millis,MA,02054,VetCor,Harvest Partners
Offshore Animal Hospital,Nantucket,MA,02554,Thrive Pet Healthcare,TSG Consumer Partners
At Home Veterinary,Natick,MA,01760,AmeriVet,AEA Investors and Abu Dhabi Investment Authority (ADIA)
Boston West Veterinary Emergency and Specialty,Natick,MA,01760,Ethos Veterinary Health,JAB Holdings
Thrive Pet Healthcare Natick,Natick,MA,01760,Thrive Pet Healthcare,TSG Consumer Partners
Wellesley-Natick Veterinary Hospital,Natick,MA,01760,PetVet Care Centers,KKR
Chestnut Street Animal Hospital,Needham,MA,02492,Rarebreed Veterinary Partners,Revelstoke Capital Partners
Vetco Total Care - Needham,Needham,MA,02494,Vetco Total Care,Petco
Banfield Newton,Newton,MA,02464,Banfield,Mars
Commonwealth Veterinary Hospital,Newton,MA,02466,Mission Pet Health,Silver Lake and Shore Capital Partners
Newton Animal Hospital,Newton,MA,02458,Thrive Pet Healthcare,TSG Consumer Partners
Small Door Newton (MA),Newton,MA,02459,Small Door,Valspring Capital
VCA Rotherwood Animal Hospital,Newton,MA,02461,VCA,Mars
VEG Newton,Newton,MA,02464,VEG (Veterinary Emergency Group),D1 Capital & Fidelity
Vetco Total Care - Norfolk,Norfolk,MA,02056,Vetco Total Care,Petco
Greylock Animal Hospital,North Adams,MA,01247,VetCor,Harvest Partners
Banfield North Attleboro,North Attleboro,MA,02760,Banfield,Mars
Middlesex County Animal Hospital,North Billerica,MA,01862,NVA,JAB Holdings
Chase Farm Veterinary Hospital,North Dartmouth,MA,02747,Rarebreed Veterinary Partners,Revelstoke Capital Partners
Veterinary Urgent Care Center of Easton,North Easton,MA,02356,Mission Pet Health,Silver Lake and Shore Capital Partners
North Reading Veterinary Clinic,North Reading,MA,01864,Alliance Animal Health,L Catterton and LightBay Capital
Northampton Veterinary Clinic,Northampton,MA,01062,NVA,JAB Holdings
Banfield Northborough,Northborough,MA,01532,Banfield,Mars
VCA Northboro Animal Hospital,Northborough,MA,01532,VCA,Mars
Norton Animal Hospital,Norton,MA,02766,VetCor,Harvest Partners
Norwell Veterinary Hospital,Norwell,MA,02061,VetCor,Harvest Partners
Norwood Animal Hospital,Norwood,MA,02062,Thrive Pet Healthcare,TSG Consumer Partners
VCA Osterville Veterinary Clinic,Osterville,MA,02655,VCA,Mars
VCA Palmer Animal Hospital,Palmer,MA,01069,VCA,Mars
Petmedic Peabody,Peabody,MA,01960,PetMedic Urgent Care,Undisclosed
VEG Peabody,Peabody,MA,01960,VEG (Veterinary Emergency Group),D1 Capital & Fidelity
Pepperell Veterinary Hospital,Pepperell,MA,01463,Rarebreed Veterinary Partners,Revelstoke Capital Partners
Berkshire Veterinary Hospital,Pittsfield,MA,01201,Rarebreed Veterinary Partners,Revelstoke Capital Partners
Pittsfield Veterinary Hospital,Pittsfield,MA,01201,VetCor,Harvest Partners
Dewitt Animal Hospital,Plainville,MA,02762,AmeriVet,AEA Investors and Abu Dhabi Investment Authority (ADIA)
Banfield Plymouth,Plymouth,MA,02360,Banfield,Mars
Court Street Animal Hospital,Plymouth,MA,02360,NVA,JAB Holdings
VCA Plymouth Animal Hospital and Pet Resort,Plymouth,MA,02360,VCA,Mars
Vetco Total Care - Plymouth,Plymouth,MA,02360,Vetco Total Care,Petco
Veterinary Urgent Care Center of Plymouth,Plymouth,MA,02360,Mission Pet Health,Silver Lake and Shore Capital Partners
VCA South Shore (Quincy) Animal Hospital,Quincy,MA,02169,VCA,Mars
Willard Veterinary Clinic,Quincy,MA,02169,VetCor,Harvest Partners
Randolph Animal Hospital,Randolph,MA,02368,Mission Pet Health,Silver Lake and Shore Capital Partners
Reading Animal Clinic,Reading,MA,01867,Blue River PetCare,Partners Group
Muddy Creek Animal Care Center,Rowley,MA,01969,VetCor,Harvest Partners
Banfield Salem,Salem,MA,01970,Banfield,Mars
New England Veterinary Clinic & Pet Resort,Salem,MA,01970,VetCor,Harvest Partners
Oceanside Animal Hospital,Sandwich,MA,02563,AmeriVet,AEA Investors and Abu Dhabi Investment Authority (ADIA)
Shawme Animal Hospital,Sandwich,MA,02563,NVA,JAB Holdings
Saugus Animal Hospital,Saugus,MA,01906,Community Veterinary Partners,OMERS
Veterinary Urgent Care Center of Saugus,Saugus,MA,01906,Mission Pet Health,Silver Lake and Shore Capital Partners
Bristol County Veterinary Hospital,Seekonk,MA,02771,AmeriVet,AEA Investors and Abu Dhabi Investment Authority (ADIA)
East Bay Animal Hospital,Seekonk,MA,02771,Blue River PetCare,Partners Group
Sharon Veterinary Clinic,Sharon,MA,02067,AmeriVet,AEA Investors and Abu Dhabi Investment Authority (ADIA)
Putnam Veterinary Clinic,Shrewsbury,MA,01545,Mission Pet Health,Silver Lake and Shore Capital Partners
VEG Shrewsbury,Shrewsbury,MA,01545,VEG (Veterinary Emergency Group),D1 Capital & Fidelity
Vetco Total Care - Shrewsbury,Shrewsbury,MA,01545,Vetco Total Care,Petco
Woof Pet Resort,Shrewsbury,MA,01545,Destination Pet,L1 Health
Spinnaker Veterinary Clinic,Somerset,MA,02726,PetVet Care Centers,KKR
Bond Vet - Somerville,Somerville,MA,02145,Bond Vet,Warburg Pincus
Porter Square Veterinarian,Somerville,MA,02144,Western Veterinary Partners,Tyree & D'Angelo Partners
Winter Hill Veterinary Clinic,Sommerville,MA,02145,Rarebreed Veterinary Partners,Revelstoke Capital Partners
Veterinary Emergency and Specialty Hospital (VESH),South Deerfield,MA,01373,Ethos Veterinary Health,JAB Holdings
Cape Cod Veterinary Specialists Dennis,South Dennis,MA,02660,United Veterinary Care,Nordic Capital
South Paw Animal Care,South Hadley,MA,01075,NVA,JAB Holdings
VCA South Hadley Animal Hospital,South Hadley,MA,01075,VCA,Mars
VCA South Shore (Weymouth) Animal Hospital,South Weymouth,MA,02190,VCA,Mars
Southborough Veterinary Hospital,Southborough,MA,01772,PetVet Care Centers,KKR
VCA Southwick Animal Hospital,Southwick,MA,01077,VCA,Mars
Spencer Animal Hospital,Spencer,MA,01562,Hometown Veterinary Partners,Briarcliff Capital Partners
Spruce Hill Veterinary Clinic,Springfield,MA,01118,Veterinary Innovative Partners,Health Enterprise Partners
UrgentVet Springfield Urgent Vet,Springfield,MA,01128,American Veterinary Group,Oak Hill Capital
VCA Sterling Animal Hospital,Sterling,MA,01564,VCA,Mars
Banfield Stoneham,Stoneham,MA,02180,Banfield,Mars
Central Animal Hospital,Stoneham,MA,02180,AmeriVet,AEA Investors and Abu Dhabi Investment Authority (ADIA)
VCA Lloyd Animal Hospital,Stoughton,MA,02072,VCA,Mars
Apple Country Animal Hospital,Stow,MA,01775,Rarebreed Veterinary Partners,Revelstoke Capital Partners
Sturbridge Veterinary Hospital,Sturbridge,MA,01566,VetCor,Harvest Partners
Bay State Veterinary Emergency & Specialty Services,Swansea,MA,02777,United Veterinary Care,Nordic Capital
Vitality Veterinary of Swansea,Swansea,MA,02777,United Veterinary Care,Nordic Capital
Taunton Cat Hospital,Taunton,MA,02780,VetCor,Harvest Partners
Shawsheen Animal Hospital,Tewksbury,MA,01876,Suveto,Levine Leichtman Capital
Lauralyn J. Brown Veterinary Hospital,Turners Falls,MA,01376,Heartland Veterinary Partners,Gryphon Investors
Massachusetts Equine Clinic,Uxbridge,MA,01569,NVA,JAB Holdings
Uxbridge Animal Hospital,Uxbridge,MA,01569,Community Veterinary Partners,OMERS
VCA Blackstone Valley Animal Hospital,Uxbridge,MA,01569,VCA,Mars
Radiocat Massachusetts East,Wakefield,MA,01880,PetVet Care Centers,KKR
VCA Lynnfield by the Lake Animal Hospital,Wakefield,MA,01880,VCA,Mars
VCA Wakefield Animal Hospital,Wakefield,MA,01880,VCA,Mars
CVCA Cardiac Care for Pets - Waltham,Waltham,MA,02451,Mission Pet Health,Silver Lake and Shore Capital Partners
Vetco Total Care - Wareham,Wareham,MA,02571,Vetco Total Care,Petco
Bond Vet - Watertown,Watertown,MA,02472,Bond Vet,Warburg Pincus
Boston Veterinary Clinic - Wellesley,Wellesley,MA,02481,Mission Pet Health,Silver Lake and Shore Capital Partners
Wellesley Animal Hospital,Wellesley,MA,02482,Community Veterinary Partners,OMERS
Duck Creek Animal Clinic CLOSED,Wellfleet,MA,02667,PetVet Care Centers,KKR
New England Animal Medical Center,West Bridgewater,MA,02379,Ethos Veterinary Health,JAB Holdings
New England Animal Medical Center Primary Care,West Bridgewater,MA,02379,NVA,JAB Holdings
Westbridge Veterinary Referral Hospital,West Bridgewater,MA,02379,Ethos Veterinary Health,JAB Holdings
VCA Wickaboag Animal Hospital,West Brookfield,MA,01585,VCA,Mars
Parkway Veterinary Hospital,West Roxbury,MA,02132,VetCor,Harvest Partners
Veterinary Emergency & Specialty Hospital – West Springfield (VESH West Springfield),West Springfield,MA,01089,Ethos Veterinary Health,JAB Holdings
Animal Health Care Associates,West Tisbury,MA,02575,Alliance Animal Health,L Catterton and LightBay Capital
VCA Hyannis Animal Hospital,West Yarmouth,MA,02673,VCA,Mars
Associates Animal Hospital,Westborough,MA,01581,VetCor,Harvest Partners
VCA Westboro Animal Hospital,Westborough,MA,01581,VCA,Mars
Radiocat Massachusetts West,Westfield,MA,01085,PetVet Care Centers,KKR
VCA Montgomery Road Animal Hospital,Westfield,MA,01085,VCA,Mars
UrgentVet Westford,Westford,MA,01886,American Veterinary Group,Oak Hill Capital
Westford Veterinary Emergency & Referral Center,Westford,MA,01886,Rarebreed Veterinary Partners,Revelstoke Capital Partners
Whole Pet Veterinary Center,Westford,MA,01886,AmeriVet,AEA Investors and Abu Dhabi Investment Authority (ADIA)
Wachusett Animal Hospital and Pet Retreat,Westminster,MA,01473,PetVet Care Centers,KKR
Weston Veterinary Clinic,Weston,MA,02493,Thrive Pet Healthcare,TSG Consumer Partners
Acoaxet Veterinary Clinic,Westport,MA,02790,NVA,JAB Holdings
Banfield Westwood,Westwood,MA,02090,Banfield,Mars
Banfield Westwood High,Westwood,MA,02090,Banfield,Mars
Weymouth Landing Cat Clinic & Hotel,Weymouth,MA,02188,VetCor,Harvest Partners
VCA Whitman Animal Hospital,Whitman,MA,02382,VCA,Mars
Williamsburg Animal Clinic,Williamsburg,MA,01039,InspireVet,Public IPO IVPR
Winchester Veterinary Group,Winchester,MA,01890,Blue River PetCare,Partners Group
Banfield Woburn,Woburn,MA,01801,Banfield,Mars
Massachusetts Veterinary Referral Hospital (Mass Vet),Woburn,MA,01801,Ethos Veterinary Health,JAB Holdings
Woburn Animal Hospital,Woburn,MA,01801,PetVet Care Centers,KKR
VCA Abbott Animal Hospital,Worcester,MA,01606,VCA,Mars
Veterinary Urgent Care Center of Worcester,Worcester,MA,01606,Mission Pet Health,Silver Lake and Shore Capital Partners
Westside Animal Clinic,Worcester,MA,01602,Thrive Pet Healthcare,TSG Consumer Partners
Aberdeen Veterinary Clinic,Aberdeen,MD,21001,InspireVet,Public IPO IVPR
Banfield Abingdon,Abingdon,MD,21009,Banfield,Mars
Chadwell Animal Hospital,Abingdon,MD,21009,VetEvolve,Varsity Healthcare Partners
Animal Dental Center – Annapolis,Annapolis,MD,21401,Ethos Veterinary Health,JAB Holdings
Annapolis Animal Hospital,Annapolis,MD,21401,VetCor,Harvest Partners
Annapolis Cat Hospital,Annapolis,MD,21403,Veterinary Practice Partners,Audax Private Equity
Anne Arundel Veterinary Emergency Clinic,Annapolis,MD,21401,Ethos Veterinary Health,JAB Holdings
Atlantic Veterinary Internal Medicine & Oncology – Annapolis,Annapolis,MD,21401,Ethos Veterinary Health,JAB Holdings
Banfield Annapolis,Annapolis,MD,21401,Banfield,Mars
Bay Country Veterinary Hospital,Annapolis,MD,21401,Blue River PetCare,Partners Group
Bay Ridge Animal Hospital,Annapolis,MD,21403,Veterinary Practice Partners,Audax Private Equity
CVCA Cardiac Care For Pets,Annapolis,MD,21401,Mission Pet Health,Silver Lake and Shore Capital Partners
Eye Care for Animals - Annapolis Bestgate,Annapolis,MD,21401,Thrive Pet Healthcare,TSG Consumer Partners
Eye Care for Animals - Annapolis Defense Hwy,Annapolis,MD,21401,Thrive Pet Healthcare,TSG Consumer Partners
Greater Annapolis Veterinary Hospital,Annapolis,MD,21401,NVA,JAB Holdings
Hoffman Animal Hospital,Annapolis,MD,21409,VetEvolve,Varsity Healthcare Partners
Veterinary Orthopedic & Sports Medicine Group,Annapolis Junction,MD,20701,Thrive Pet Healthcare,TSG Consumer Partners
Arnold Pet Station,Arnold,MD,21012,VetEvolve,Varsity Healthcare Partners
Arnold Veterinary Hospital,Arnold,MD,21012,VetEvolve,Varsity Healthcare Partners
Animal Dermatology Clinic Baldwin,Baldwin,MD,21013,Animal Dermatology Clinic,Percheron Capital
Academy Animal Hospital,Baltimore,MD,21206,VetCor,Harvest Partners
Banfield White Marsh,Baltimore,MD,21220,Banfield,Mars
Belvedere Veterinary Center,Baltimore,MD,21212,Suveto,Levine Leichtman Capital
Charm City Veterinary Hospital,Baltimore,MD,21224,EverVet Partners,Freeman Spogli and Tailwind Capital
Doc-Side Veterinary Medical Center,Baltimore,MD,21231,Innovetive Pet Care,Metalmark Capital
Eastern Animal Hospital,Baltimore,MD,21224,Heartland Veterinary Partners,Gryphon Investors
Falls Road Animal Hospital,Baltimore,MD,21209,PetVet Care Centers,KKR
Fells Point,Baltimore,MD,21231,Heart + Paw,Waud Capital Partners
Harbor View Veterinary Hospital,Baltimore,MD,21224,AmeriVet,AEA Investors and Abu Dhabi Investment Authority (ADIA)
Perry Hall Animal Hospital,Baltimore,MD,21236,NVA,JAB Holdings
Rosedale Animal Hospital,Baltimore,MD,21237,VetCor,Harvest Partners
The Village Vet,Baltimore,MD,21209,Heartland Veterinary Partners,Gryphon Investors
Westview Animal Hospital,Baltimore,MD,21228,VetCor,Harvest Partners
Animal Emergency Hospital,Bel Air,MD,21014,Ethos Veterinary Health,JAB Holdings
Banfield Bel Air,Bel Air,MD,21014,Banfield,Mars
Festival Veterinary Clinic,Bel Air,MD,21015,Veterinary Practice Partners,Audax Private Equity
Greenbrier Veterinary Clinic,Bel Air,MD,21015,NVA,JAB Holdings
Beltsville Veterinary Hospital,Beltsville,MD,20705,VetEvolve,Varsity Healthcare Partners
Atlantic Veterinary Services,Berlin,MD,10656,Heart + Paw,Waud Capital Partners
VCA Delmarva Animal Hospital,Berlin,MD,21811,VCA,Mars
Banfield Bethesda,Bethesda,MD,20815,Banfield,Mars
Bond Vet - Bethesda,Bethesda,MD,20814,Bond Vet,Warburg Pincus
Small Door Bethesda (MD),Bethesda,MD,20814,Small Door,Valspring Capital
Banfield Bowie,Bowie,MD,20716,Banfield,Mars
Banfield Glenarden Woodmore,Bowie,MD,20721,Banfield,Mars
Belair Veterinary Hospital,Bowie,MD,20721,NVA,JAB Holdings
Dogs and Cats Veterinary Referral & Emergency,Bowie,MD,20715,Ethos Veterinary Health,JAB Holdings
Highway Veterinary Hospital,Bowie,MD,20716,Mission Pet Health,Silver Lake and Shore Capital Partners
A Cat Clinic,Boyds,MD,20841,NVA,JAB Holdings
Rivermist Pet Lodge,Brinklow,MD,20862,Destination Pet,L1 Health
Brookeville Animal Hospital,Brookeville,MD,20833,VetCor,Harvest Partners
Buckeystown Veterinary Hospital,Buckeystown,MD,21717,VetEvolve,Varsity Healthcare Partners
Alpine Veterinary Hospital,Cabin John,MD,20818,NVA,JAB Holdings
Bayside Animal Hospital,Cambridge,MD,21613,VetCor,Harvest Partners
VCA Choptank Animal Hospital,Cambridge,MD,21613,VCA,Mars
Paradise Animal Hospital,Cantonsville,MD,21228,Community Veterinary Partners,OMERS
Dermatology for Animals Catonsville,Catonsville,MD,21228,Thrive Pet Healthcare,TSG Consumer Partners
Frederick Road Veterinary Hospital,Catonsville,MD,21228,NVA,JAB Holdings
Radiocat,Catonsville,MD,21228,PetVet Care Centers,KKR
Thrive Catonsville,Catonsville,MD,21228,Thrive Pet Healthcare,TSG Consumer Partners
Chesapeake Veterinary Hospital,Chester,MD,21619,Blue River PetCare,Partners Group
CityVet - Chevy Chase,Chevy Chase,MD,20815,CityVet,RiverGlade Capital
Livewell Animal Hospital of Chevy Chase,Chevy Chase,MD,20815,Mission Pet Health,Silver Lake and Shore Capital Partners
Churchville Veterinary Clinic,Churchville,MD,21028,NVA,JAB Holdings
Chesapeake Veterinary Surgical Specialists - Hunt Valley,Cockeysville,MD,21030,Ethos Veterinary Health,JAB Holdings
CVCA Cardiac Care For Pets,Cockeysville,MD,21030,Mission Pet Health,Silver Lake and Shore Capital Partners
Eye Care for Animals - York Road,Cockeysville,MD,21030,Thrive Pet Healthcare,TSG Consumer Partners
Hunt Valley Animal Hospital,Cockeysville,MD,21030,Innovetive Pet Care,Metalmark Capital
Pet+ER - Hunt Valley,Cockeysville,MD,21030,Ethos Veterinary Health,JAB Holdings
College Park Animal Hospital,College Park,MD,20740,VetCor,Harvest Partners
Basin Run Animal Hospital,Colora,MD,21917,VetCor,Harvest Partners
Banfield Columbia,Columbia,MD,21046,Banfield,Mars
Cat & Dog Hospital of Columbia,Columbia,MD,21045,Heartland Veterinary Partners,Gryphon Investors
Chesapeake Veterinary Surgical Specialists – Columbia CLOSED,Columbia,MD,21046,Ethos Veterinary Health,JAB Holdings
Eye Care for Animals - Columbia,Columbia,MD,21045,Thrive Pet Healthcare,TSG Consumer Partners
Hickory Ridge Animal Hospital,Columbia,MD,21044,Mission Pet Health,Silver Lake and Shore Capital Partners
VCA Columbia Animal Hospital at Centre Park,Columbia,MD,21045,VCA,Mars
VCA Columbia Animal Hospital at Hickory Ridge,Columbia,MD,21044,VCA,Mars
VCA Lewis Animal Hospital,Columbia,MD,21044,VCA,Mars
VEG Columbia,Columbia,MD,21075,VEG (Veterinary Emergency Group),D1 Capital & Fidelity
Crofton Veterinary Center,Crofton,MD,21114,VetCor,Harvest Partners
Community Animal Hospital,Easton,MD,21601,VetEvolve,Varsity Healthcare Partners
Easton Veterinary Clinic and Rehabilitation Center,Easton,MD,21601,Suveto,Levine Leichtman Capital
CVCA Edgewater,Edgewater,MD,21037,Mission Pet Health,Silver Lake and Shore Capital Partners
PetMedic Edgewater,Edgewater,MD,21037,PetMedic Urgent Care,Undisclosed
VCA South Arundel Animal Hospital,Edgewater,MD,21037,VCA,Mars
Eldersburg Veterinary Hospital,Eldersburg,MD,21784,VetEvolve,Varsity Healthcare Partners
Equine Veterinary Care,Elkton,MD,21921,NVA,JAB Holdings
North East Animal Hospital,Elkton,MD,21921,CareVet,Compass Group Equity Partners
Banfield Ellicott City,Ellicott City,MD,21042,Banfield,Mars
Bethany Centennial Animal Hospital,Ellicott City,MD,21042,VetCor,Harvest Partners
Emergency Animal Hospital of Ellicott City,Ellicott City,MD,21042,VetEvolve,Varsity Healthcare Partners
Emmitsburg Veterinary Hospital,Emmitsburg,MD,21727,VetCor,Harvest Partners
Essex Middle River Veterinary Center,Essex,MD,21221,VetEvolve,Varsity Healthcare Partners
Fallston Veterinary Clinic,Fallston,MD,21047,Veterinary Practice Partners,Audax Private Equity
Indian Head Animal Hospital,Fort Washington,MD,20744,Suveto,Levine Leichtman Capital
Banfield Frederick,Frederick,MD,21704,Banfield,Mars
Banfield Frederick N,Frederick,MD,21701,Banfield,Mars
BluePearl Pet Hospital Frederick,Frederick,MD,21701,BluePearl Pet Hospital,Mars
Care Veterinary Center,Frederick,MD,21703,Thrive Pet Healthcare,TSG Consumer Partners
CVCA Cardiac Care For Pets,Frederick,MD,21704,Mission Pet Health,Silver Lake and Shore Capital Partners
Glade Valley Animal Hospital,Frederick,MD,21701,Mission Pet Health,Silver Lake and Shore Capital Partners
Greenbriar Luxury Pet Resort,Frederick,MD,21704,Thrive Pet Healthcare,TSG Consumer Partners
Skylos Sports Medicine - Frederick,Frederick,MD,21701,BluePearl Pet Hospital,Mars
Thrive Pet Healthcare Frederick CLOSED,Frederick,MD,21701,Thrive Pet Healthcare,TSG Consumer Partners
West Frederick Veterinary Hospital,Frederick,MD,21702,NVA,JAB Holdings
Yellow Springs Veterinary Clinic,Frederick,MD,21702,VetCor,Harvest Partners
Banfield Gaithersburg,Gaithersburg,MD,20878,Banfield,Mars
CVCA Cardiac Care For Pets,Gaithersburg,MD,20877,Mission Pet Health,Silver Lake and Shore Capital Partners
Gaithersburg Animal Hospital,Gaithersburg,MD,20877,VetCor,Harvest Partners
Kentlands Veterinary Hospital,Gaithersburg,MD,20878,Mission Pet Health,Silver Lake and Shore Capital Partners
Lake Forest Animal Hospital,Gaithersburg,MD,20879,Mission Pet Health,Silver Lake and Shore Capital Partners
Veterinary Referral Associates,Gaithersburg,MD,20877,PetVet Care Centers,KKR
Veterinary Surgical Centers - Gaithersburg,Gaithersburg,MD,20878,Rarebreed Veterinary Partners,Revelstoke Capital Partners
Animal Dermatology Clinic,Gambrills,MD,21054,Animal Dermatology Clinic,Percheron Capital
Banfield Germantown,Germantown,MD,20876,Banfield,Mars
Thrive Pet Healthcare Germantown,Germantown,MD,20874,Thrive Pet Healthcare,TSG Consumer Partners
Banfield Glen Burnie,Glen Burnie,MD,21060,Banfield,Mars
Banfield Glen Burnie Southdale,Glen Burnie,MD,21060,Banfield,Mars
Glen Burnie Animal Hospital,Glen Burnie,MD,21061,VetCor,Harvest Partners
"Animal Medical Hospital at Glenwood, Inc",Glenwood,MD,21738,EverVet Partners,Freeman Spogli and Tailwind Capital
Banfield Greenbelt,Greenbelt,MD,20770,Banfield,Mars
Banfield Hagerstown,Hagerstown,MD,21740,Banfield,Mars
Longmeadow Animal Hospital,Hagerstown,MD,21742,NVA,JAB Holdings
Mid-Atlantic Veterinary Hospital,Hagerstown,MD,21740,Heart + Paw,Waud Capital Partners
Banfield Arundel Mills,Hanover,MD,21076,Banfield,Mars
Swan Creek Veterinary Clinic,Havre de Grace,MD,21078,NVA,JAB Holdings
VCA Three Notch Animal Hospital,Hollywood,MD,20636,VCA,Mars
Atlantic Veterinary Internal Medicine & Oncology – Hunt Valley,Hunt Valley,MD,21030,Ethos Veterinary Health,JAB Holdings
Potomac Animal Wellness Services (PAWS),Indian Head,MD,20640,Suveto,Levine Leichtman Capital
Premier Pet,Jessup,MD,20794,Destination Pet,L1 Health
Animal Care Center & Pet Resort,Joppatowne,MD,21085,EverVet Partners,Freeman Spogli and Tailwind Capital
Banfield Kensington,Kensington,MD,20895,Banfield,Mars
Wheaton Animal Hospital,Kensington,MD,20895,VetEvolve,Varsity Healthcare Partners
Celebrie Veterinary Hospital,Kingsville,MD,21087,CareVet,Compass Group Equity Partners
Banfield Largo,Largo,MD,20774,Banfield,Mars
Banfield Laurel,Laurel,MD,20707,Banfield,Mars
Banfield Maryland City Plaza,Laurel,MD,20724,Banfield,Mars
North Laurel Animal Hospital,Laurel,MD,20723,VetCor,Harvest Partners
"Rocky Gorge Animal Hospital, Resort & Spa",Laurel,MD,20707,NVA,JAB Holdings
Laytonsville Veterinary Practice,Laytonsville,MD,20882,Mission Pet Health,Silver Lake and Shore Capital Partners
VCA St. Mary's Animal Hospital,Lexington Park,MD,20653,VCA,Mars
Banfield Timonium,Lutherville,MD,21093,Banfield,Mars
Manchester Veterinary Services,Manchester,MD,21102,VetEvolve,Varsity Healthcare Partners
Companion Care Veterinary Hospital,Mechanicsville,MD,20659,Heartland Veterinary Partners,Gryphon Investors
Manor Equine Hospital,Monkton,MD,21111,PetVet Care Centers,KKR
"Mount Airy Veterinary Associates, Inc.",Mt Airy,MD,21771,VetEvolve,Varsity Healthcare Partners
Country Veterinary Hospital,Mt. Airy,MD,21771,VetCor,Harvest Partners
Linganore Veterinary Clinic,New Market,MD,21774,VetCor,Harvest Partners
Fullerton Animal Hospital,Nottingham,MD,21236,Mission Pet Health,Silver Lake and Shore Capital Partners
Odenton Veterinary Hospital,Odenton,MD,21113,Blue River PetCare,Partners Group
Banfield Olney,Olney,MD,20832,Banfield,Mars
Town & Country Animal Clinic,Olney,MD,20832,VetCor,Harvest Partners
Calvert Animal Hospital,Owings,MD,20736,VetCor,Harvest Partners
Chesapeake Animal Clinic,Owings,MD,20736,VetCor,Harvest Partners
Owings Mills Veterinary Center,Owings Mills,MD,21208,United Veterinary Care,Nordic Capital
Northwind Animal Hospital,Parkville,MD,21234,Mission Pet Health,Silver Lake and Shore Capital Partners
Huffard Animal Hospital,Pasadena,MD,21122,NVA,JAB Holdings
Lake Shore Pet Hospital,Pasadena,MD,21122,VetCor,Harvest Partners
VCA Calvert Veterinary Center,Pasadena,MD,21122,VCA,Mars
Peaceful Passage,Pikesville,MD,21208,Blue River PetCare,Partners Group
Pikesville Animal Hospital,Pikesville,MD,21208,EverVet Partners,Freeman Spogli and Tailwind Capital
Pikesville Animal Hospital Grooming,Pikesville,MD,21208,EverVet Partners,Freeman Spogli and Tailwind Capital
VEG Pikesville,Pikesville,MD,21208,VEG (Veterinary Emergency Group),D1 Capital & Fidelity
Falls Road Veterinary Hospital,Potomac,MD,20854,Thrive Pet Healthcare,TSG Consumer Partners
Main Street Veterinary Hospital,Reisterstown,MD,21136,Mission Pet Health,Silver Lake and Shore Capital Partners
Caroline Veterinary Clinic,Ridgely,MD,21660,Heart + Paw,Waud Capital Partners
Lynn Animal Hospital,Riverdale,MD,20737,Mission Pet Health,Silver Lake and Shore Capital Partners
Banfield Rockville Travilah Sq,Rockville,MD,20850,Banfield,Mars
BluePearl Pet Hospital Rockville,Rockville,MD,20850,BluePearl Pet Hospital,Mars
Bush Veterinary Neurology Service (BVNS) – Rockville,Rockville,MD,20850,Ethos Veterinary Health,JAB Holdings
Caring Hands Animal Hospital - Rockville,Rockville,MD,20852,Veterinary Practice Partners,Audax Private Equity
CVCA Cardiac Care for Pets - Rockville,Rockville,MD,20850,Mission Pet Health,Silver Lake and Shore Capital Partners
Dermatology for Animals Rockville,Rockville,MD,20852,Thrive Pet Healthcare,TSG Consumer Partners
Dr. Boyd's Veterinary Resort,Rockville,MD,20852,Mission Pet Health,Silver Lake and Shore Capital Partners
Kenhaven Animal Hospital,Rockville,MD,20852,VetCor,Harvest Partners
Metropolitan Animal Emergency and Specialty Center,Rockville,MD,20852,Thrive Pet Healthcare,TSG Consumer Partners
Nebel Street Animal Hospital,Rockville,MD,20852,Destination Pet,L1 Health
VCA North Rockville Animal Hospital,Rockville,MD,20850,VCA,Mars
Banfield Salisbury Centre,Salisbury,MD,21801,Banfield,Mars
Johnson-McKee Animal Hospital,Salisbury,MD,21804,NVA,JAB Holdings
VCA Telegraph Road Animal Hospital,Severn,MD,21144,VCA,Mars
Vetco Total Care - Severna Park,Severna Park,MD,21146,Vetco Total Care,Petco
Banfield Calverton,Silver Spring,MD,20904,Banfield,Mars
Fairland Animal Hospital,Silver Spring,MD,20904,EverVet Partners,Freeman Spogli and Tailwind Capital
GoodVets Silver Spring,Silver Spring,MD,20910,GoodVets,General Atlantic
Solomons Veterinary Medical Center,Solomons,MD,20688,VetCor,Harvest Partners
All Pets Veterinary Hospital,St Michaels,MD,21663,Heart + Paw,Waud Capital Partners
VCA Coolridge Animal Hospital,Temple Hills,MD,20748,VCA,Mars
Lutherville Animal Hospital,Timonium,MD,21093,VetCor,Harvest Partners
Lutherville Animal Hospital,Timonium,MD,21093,VetCor,Harvest Partners
Animal Dental Center – Towson (ADC),Towson,MD,21286,Ethos Veterinary Health,JAB Holdings
Banfield Towson,Towson,MD,21286,Banfield,Mars
All Paws Veterinary Center,Upper Marlboro,MD,20772,AmeriVet,AEA Investors and Abu Dhabi Investment Authority (ADIA)
Banfield Waldorf,Waldorf,MD,20603,Banfield,Mars
St. Charles Animal Hospital,Waldorf,MD,20602,VetCor,Harvest Partners
Walkersville Veterinary Clinic,Walkersville,MD,21793,VetEvolve,Varsity Healthcare Partners
Muddy Creek Animal Hospital,West River,MD,20778,United Veterinary Care,Nordic Capital
Banfield Westminster,Westminster,MD,21157,Banfield,Mars
Westminster Veterinary Hospital,Westminster,MD,21157,VetCor,Harvest Partners
Kindness Animal Hospital,Wheaton,MD,20902,VetCor,Harvest Partners
Mann Memorial Veterinary Clinic,Arundel,ME,04046,Rarebreed Veterinary Partners,Revelstoke Capital Partners
Auburn Animal Center,Auburn,ME,04210,VetCor,Harvest Partners
Taylor Brook Animal Hospital,Auburn,ME,04210,VetCor,Harvest Partners
Broadway Veterinary Clinic,Bangor,ME,04401,Veterinary Practice Partners,Audax Private Equity
Acadia Veterinary Hospital,Bar Harbor,ME,04609,VetCor,Harvest Partners
VCA Bath Animal Hospital,Bath,ME,04530,VCA,Mars
Lucky Pet Animal Hospital,Berwick,ME,03901,VetCor,Harvest Partners
Bethel Animal Hospital,Bethel,ME,04217,VetCor,Harvest Partners
Maine Coast Veterinary Hospital,Blue Hill,ME,04614,VetCor,Harvest Partners
Boothbay Animal Hospital,Boothbay,ME,04537,VetCor,Harvest Partners
Brewer Veterinary Clinic,Brewer,ME,04412,Rarebreed Veterinary Partners,Revelstoke Capital Partners
Bath-Brunswick Veterinary Associates,Brunswick,ME,04011,Mission Pet Health,Silver Lake and Shore Capital Partners
Sunray Animal Clinic,Brunswick,ME,04011,Rarebreed Veterinary Partners,Revelstoke Capital Partners
Cumberland Animal Clinic,Cumberland,ME,04021,Rarebreed Veterinary Partners,Revelstoke Capital Partners
Westside Animal,Cumberland,ME,04021,Rarebreed Veterinary Partners,Revelstoke Capital Partners
Lucerne Veterinary Hospital,Dedham,ME,04429,VetCor,Harvest Partners
Deer Isle Veterinary Clinic,Deer Isle,ME,04627,VetCor,Harvest Partners
Foxcroft Veterinary Services,Dover-Foxcroft,ME,04426,VetCor,Harvest Partners
Hometown Veterinary Care,Fairfield,ME,04937,Rarebreed Veterinary Partners,Revelstoke Capital Partners
Falmouth Veterinary Hospital,Falmouth,ME,04105,Rarebreed Veterinary Partners,Revelstoke Capital Partners
CareVet of Freeport,Freeport,ME,04032,CareVet,Compass Group Equity Partners
PetMedic Urgent Care Vet Clinic - Freeport,Freeport,ME,04032,Rarebreed Veterinary Partners,Revelstoke Capital Partners
Fryeburg Veterinary Hospital,Fryeburg,ME,04037,Mission Pet Health,Silver Lake and Shore Capital Partners
Gray Animal Center,Gray,ME,04039,CareVet,Compass Group Equity Partners
Gray-New Gloucester Animal Hospital,Gray,ME,04039,VetCor,Harvest Partners
Hampden Veterinary Clinic,Hampden,ME,04444,VetCor,Harvest Partners
Eastern Maine Emergency Veterinary Clinic,Holden,ME,04429,Rarebreed Veterinary Partners,Revelstoke Capital Partners
Hotham's Veterinary Services - Houlton,Houlton,ME,04730,Rarebreed Veterinary Partners,Revelstoke Capital Partners
Kennebunk Veterinary Hospital,Kennebunk,ME,04043,Rarebreed Veterinary Partners,Revelstoke Capital Partners
Piscataqua Animal Hospital,Kittery,ME,03904,United Veterinary Care,Nordic Capital
Animal Emergency Clinic of Mid-Maine,Lewiston,ME,04240,VetCor,Harvest Partners
Lisbon Road Animal Hospital,Lewiston,ME,04240,Mission Pet Health,Silver Lake and Shore Capital Partners
VCA Lewiston Animal Hospital,Lewiston,ME,04240,VCA,Mars
Southern Maine Veterinary Care,Lyman,ME,04002,Rarebreed Veterinary Partners,Revelstoke Capital Partners
Madison Animal Hospital,Madison,ME,04950,Rarebreed Veterinary Partners,Revelstoke Capital Partners
Naples Veterinary Clinic,Naples,ME,04055,Rarebreed Veterinary Partners,Revelstoke Capital Partners
Moosehead Trail Veterinary Hospital,Newport,ME,04953,VetCor,Harvest Partners
Blake Vets,Northport,ME,04849,CareVet,Compass Group Equity Partners
Norway Veterinary Hospital,Norway,ME,04268,Rarebreed Veterinary Partners,Revelstoke Capital Partners
Bucksport Veterinary Hospital,Orland,ME,04472,Veterinary Practice Partners,Audax Private Equity
Kindred Spirits Veterinary Clinic,Orrington,ME,04474,Rarebreed Veterinary Partners,Revelstoke Capital Partners
Poland Animal Hospital,Poland,ME,04274,VetCor,Harvest Partners
Back Cove Animal Hospital,Portland,ME,04101,NVA,JAB Holdings
Brackett Street Veterinary Clinic,Portland,ME,04102,VetCor,Harvest Partners
Brackett West Veterinary Clinic,Portland,ME,04103,VetCor,Harvest Partners
Happy Tails Portland,Portland,ME,04103,Destination Pet,L1 Health
Portland PetMedic Urgent Care Vet Clinic,Portland,ME,04101,Rarebreed Veterinary Partners,Revelstoke Capital Partners
Portland Veterinary Emergency and Specialty Care,Portland,ME,04103,COVE Animal Health,Chicago Pacific Founders
Roscoe's Bed and Bark,Portland,ME,04102,Destination Pet,L1 Health
The Cat Doctor,Portland,ME,04102,VetCor,Harvest Partners
Hotham's Veterinary Services,Presque Isle,ME,04769,Rarebreed Veterinary Partners,Revelstoke Capital Partners
Rockland Animal Hospital,Rockland,ME,04841,VetCor,Harvest Partners
PenBay Veterinary Associates,Rockport,ME,04856,VetCor,Harvest Partners
Maine Veterinary Medical Center,Scarborough,ME,04074,Rarebreed Veterinary Partners,Revelstoke Capital Partners
Mutty Paws Academy,Scarborough,ME,04074,Destination Pet,L1 Health
Pine Point Animal Hospital,Scarborough,ME,04074,Mission Pet Health,Silver Lake and Shore Capital Partners
Scarborough Animal Hospital,Scarborough,ME,04074,Mission Pet Health,Silver Lake and Shore Capital Partners
Tender Touch Veterinary Hospital,Scarborough,ME,04074,VetCor,Harvest Partners
Cape Veterinary Clinic,South Portland,ME,04106,Mission Pet Health,Silver Lake and Shore Capital Partners
Harbor Road Veterinary Hospital,South Thomaston,ME,04858,VetCor,Harvest Partners
VCA Standish Animal Hospital,Standish,ME,04084,VCA,Mars
Androscoggin Animal Hospital,Topsham,ME,04086,United Veterinary Care,Nordic Capital
Veazie Veterinary Clinic,Veazie,ME,04401,Suveto,Levine Leichtman Capital
Midcoast Animal Emergency Clinic,Warren,ME,04864,Rarebreed Veterinary Partners,Revelstoke Capital Partners
Post Road Veterinary Clinic,Wells,ME,04090,Rarebreed Veterinary Partners,Revelstoke Capital Partners
Wells Dog And Cat Hospital,Wells,ME,04090,AmeriVet,AEA Investors and Abu Dhabi Investment Authority (ADIA)
At Home Veterinary Care,West Gardiner,ME,04345,VetCor,Harvest Partners
Stoneledge Animal Hospital,Westbrook,ME,04092,Rarebreed Veterinary Partners,Revelstoke Capital Partners
North Windham Veterinary Hospital,Windham,ME,04062,Rarebreed Veterinary Partners,Revelstoke Capital Partners
Garland Road Small Animal Hospital,Winslow,ME,04901,Rarebreed Veterinary Partners,Revelstoke Capital Partners
Winthrop Veterinary Hospital,Winthrop,ME,04364,Blue River PetCare,Partners Group
Kelly Veterinary Clinic,Adrian,MI,49221,Encore Vet Group,North Castle Partners
Rogue Valley Veterinary Hospital,Algoma Township,MI,49341,Blue River PetCare,Partners Group
Allegan Veterinary Clinic,Allegan,MI,49010,NVA,JAB Holdings
Healing Care Animal Hospital,Allen Park,MI,48101,AmeriVet,AEA Investors and Abu Dhabi Investment Authority (ADIA)
VCA Allen Park Animal Hospital,Allen Park,MI,48101,VCA,Mars
VCA Allendale Animal Hospital,Allendale,MI,49401,VCA,Mars
State Road Animal Hospital,Alma,MI,48801,O'Brien Veterinary Group,Family owned corporate consolidator
Arbor Hills Animal Clinic,Ann Arbor,MI,48105,Western Veterinary Partners,Tyree & D'Angelo Partners
Banfield Ann Arbor,Ann Arbor,MI,48103,Banfield,Mars
BluePearl Pet Hospital Ann Arbor,Ann Arbor,MI,48108,BluePearl Pet Hospital,Mars
BreedAbove,Ann Arbor,MI,48103,NVA,JAB Holdings
Stadium Veterinary Services,Ann Arbor,MI,48103,Blue River PetCare,Partners Group
VEG Ann Arbor,Ann Arbor,MI,48103,VEG (Veterinary Emergency Group),D1 Capital & Fidelity
BluePearl Pet Hospital Auburn Hills,Auburn Hills,MI,48326,BluePearl Pet Hospital,Mars
Berrien Veterinary Services,Baroda,MI,49101,VetCor,Harvest Partners
VetMED Veterinary Hospital,Bay City,MI,48706,Mission Pet Health,Silver Lake and Shore Capital Partners
Great Lakes Hospital for Animals,Belmont,MI,49306,NVA,JAB Holdings
Nickerson Animal Health Center,Benton Harbor,MI,49022,NVA,JAB Holdings
Betsie River Veterinary Clinic,Benzonia,MI,49616,O'Brien Veterinary Group,Family owned corporate consolidator
Frankenmuth-Birch Run Veterinary Hospital,Birch Run,MI,48415,CareVet,Compass Group Equity Partners
Gasow Veterinary Hospital,Birmingham,MI,48009,Mission Pet Health,Silver Lake and Shore Capital Partners
Ross Hospital for Animals,Bloomfield Hills,MI,48302,Blue River PetCare,Partners Group
Lake Street Veterinary Clinic,Boyne City,MI,49712,NVA,JAB Holdings
Banfield Brighton,Brighton,MI,48116,Banfield,Mars
VCA Brighton Animal Hospital,Brighton,MI,48116,VCA,Mars
Animal Emergency Hospital,Burton,MI,48529,AmeriVet,AEA Investors and Abu Dhabi Investment Authority (ADIA)
Animal Emergency and Specialty Hospital of Byron Center,Byron Center,MI,49315,Ethos Veterinary Health,JAB Holdings
Meyer Veterinary Clinic,Cadillac,MI,49601,Heartland Veterinary Partners,Gryphon Investors
Lilley Veterinary Medical Center,Canton,MI,48187,NVA,JAB Holdings
Advanced Veterinary Care Group,Canton Township,MI,48188,Heartland Veterinary Partners,Gryphon Investors
UrgentVet Canton,Canton Township,MI,48187,American Veterinary Group,Oak Hill Capital
Apple Grove Veterinary Care,Charlotte,MI,48813,VetCor,Harvest Partners
Banfield Chesterfield,Chesterfield,MI,48051,Banfield,Mars
Advanced Pet Care of Oakland,Clarkston,MI,48346,NVA,JAB Holdings
Clarkston Animal Medical Center,Clarkston,MI,48346,VetCor,Harvest Partners
Patterson Veterinary Hospital,Clinton Township,MI,48035,Heartland Veterinary Partners,Gryphon Investors
Snider Veterinary Services,Clinton Township,MI,48038,PetVet Care Centers,KKR
VCA Clinton Township Animal Hospital,Clinton Township,MI,48038,VCA,Mars
Great Lakes Animal Hospital,Clinton Twp,MI,48038,AmeriVet,AEA Investors and Abu Dhabi Investment Authority (ADIA)
Wil-O-Paw Animal Hospital,Coloma,MI,49038,Mission Pet Health,Silver Lake and Shore Capital Partners
MedVet Commerce,Commerce,MI,48390,MedVet,Minority stake by Leonard Green & Partners
VetSelect Animal Hospital of Commerce Township,Commerce Township,MI,48390,VetCor,Harvest Partners
West Michigan Veterinary Service,Coopersville,MI,49404,PetVet Care Centers,KKR
Dunckel Veterinary Hospital,Davison,MI,48423,Mission Pet Health,Silver Lake and Shore Capital Partners
Dearborn Family Pet Care,Dearborn,MI,48124,VetCor,Harvest Partners
VetSelect Animal Hospital of Dearborn,Dearborn,MI,48124,VetCor,Harvest Partners
House Calls Veterinary Hospital,Eagle,MI,48822,EverVet Partners,Freeman Spogli and Tailwind Capital
East Lansing Veterinary Clinic,East Lansing,MI,48823,VetCor,Harvest Partners
Center for Animal Health,Edwardsburg,MI,49112,VetCor,Harvest Partners
"Bay Animal Hospital (Essexville, MI)",Essexville,MI,48732,Western Veterinary Partners,Tyree & D'Angelo Partners
BluePearl Pet Neurology Farmington,Farmington,MI,48336,BluePearl Pet Hospital,Mars
Advanced Veterinary Medical Center,Farmington Hills,MI,48336,Heartland Veterinary Partners,Gryphon Investors
Angel Animal Hospital,Farmington Hills,MI,48335,PetVet Care Centers,KKR
VCA Farmington Hills Animal Hospital,Farmington Hills,MI,48334,VCA,Mars
Riverside Animal Hospital,Flushing,MI,48433,VetCor,Harvest Partners
Fowlerville Veterinary Clinic,Fowlerville,MI,48836,Mission Pet Health,Silver Lake and Shore Capital Partners
Countryside Animal Health Center,Freeland,MI,48623,Mission Pet Health,Silver Lake and Shore Capital Partners
Morrison Animal Hospital,Garden City,MI,48135,Mission Pet Health,Silver Lake and Shore Capital Partners
Hall Veterinary Clinic,Gaylord,MI,49735,Heartland Veterinary Partners,Gryphon Investors
Gibraltar Veterinary Hospital,Gibraltar,MI,48173,Mission Pet Health,Silver Lake and Shore Capital Partners
North M-18 Veterinary Clinic,Gladwin,MI,48624,Blue River PetCare,Partners Group
Animal Dermatology Clinic,Grand Blanc,MI,48439,Animal Dermatology Clinic,Percheron Capital
Briarwood Veterinary Hospital,Grand Blanc,MI,48439,VetCor,Harvest Partners
Cross Veterinary Clinic,Grand Blanc,MI,48439,Western Veterinary Partners,Tyree & D'Angelo Partners
Haven Animal Hospital,Grand Haven,MI,49417,NVA,JAB Holdings
Prelesnik Animal Hospital,Grand Haven,MI,49417,Heartland Veterinary Partners,Gryphon Investors
Animal Emergency and Specialty Hospital of Grand Rapids (AESH Grand Rapids),Grand Rapids,MI,49525,Ethos Veterinary Health,JAB Holdings
BluePearl Pet Hospital Grand Rapids,Grand Rapids,MI,49546,BluePearl Pet Hospital,Mars
Cat Clinic North,Grand Rapids,MI,49525,VetCor,Harvest Partners
Eastown Veterinary Clinic,Grand Rapids,MI,49506,Western Veterinary Partners,Tyree & D'Angelo Partners
Forest Hills Veterinary Clinic,Grand Rapids,MI,49546,Heartland Veterinary Partners,Gryphon Investors
Lovet Alpine,Grand Rapids,MI,49544,Lovet Pet Health,The Aspen Group
Lovet Beltline,Grand Rapids,MI,49525,Lovet Pet Health,The Aspen Group
Lovet Breton,Grand Rapids,MI,49506,Lovet Pet Health,The Aspen Group
Lovet Standale,Grand Rapids,MI,49534,Lovet Pet Health,The Aspen Group
The Cottages at Cat Clinic North,Grand Rapids,MI,49525,VetCor,Harvest Partners
VCA Knapp's Corner Animal Hospital,Grand Rapids,MI,49525,VCA,Mars
VCA Northeast Animal Hospital,Grand Rapids,MI,49503,VCA,Mars
Grass Lake Animal Hospital,Grass Lake,MI,49240,AmeriVet,AEA Investors and Abu Dhabi Investment Authority (ADIA)
Grayling Hospital For Animals,Grayling,MI,49738,Mission Pet Health,Silver Lake and Shore Capital Partners
VCA Countryside Animal Hospital of Hamburg,Hamburg,MI,48139,VCA,Mars
Kern Road Veterinary Clinic,Handy Township,MI,48836,Blue River PetCare,Partners Group
Bay Pines Veterinary Clinic,Harbor Springs,MI,49740,NVA,JAB Holdings
Harper Woods Veterinary Hospital,Harper Woods,MI,48225,Heartland Veterinary Partners,Gryphon Investors
Seidl Veterinary Hospital,Hastings,MI,49058,VetCor,Harvest Partners
Highland Veterinary Hospital,Highland,MI,48357,VetCor,Harvest Partners
Roadside Veterinary Clinic,Highland,MI,48357,Mission Pet Health,Silver Lake and Shore Capital Partners
Ottawa Animal Hospital East,Holland,MI,49424,Mission Pet Health,Silver Lake and Shore Capital Partners
Ottawa Animal Hospital West,Holland,MI,49424,Mission Pet Health,Silver Lake and Shore Capital Partners
Platte Lake Veterinary Clinic,Honor,MI,49640,Heartland Veterinary Partners,Gryphon Investors
Town Center Veterinary Associates,Howell,MI,48843,Mission Pet Health,Silver Lake and Shore Capital Partners
VCA Countryside Animal Hospital of Howell,Howell,MI,48843,VCA,Mars
Imlay City Veterinary Clinic,Imlay City,MI,48444,Mission Pet Health,Silver Lake and Shore Capital Partners
Indian River Veterinary Clinic,Indian River,MI,49749,Mission Pet Health,Silver Lake and Shore Capital Partners
Ithaca Animal Hospital,Ithaca,MI,48847,Western Veterinary Partners,Tyree & D'Angelo Partners
Brooklyn Road Veterinary Clinic,Jackson,MI,49201,Western Veterinary Partners,Tyree & D'Angelo Partners
VCA Jackson Animal Hospital,Jackson,MI,49201,VCA,Mars
Kalamazoo Cat Hospital,Kalamazoo,MI,49009,VetCor,Harvest Partners
Oakwood Animal Hospital,Kalamazoo,MI,49008,NVA,JAB Holdings
Pet Vet Family Pet Care Center,Kalamazoo,MI,49009,O'Brien Veterinary Group,Family owned corporate consolidator
Sprinkle Road Veterinary Clinic,Kalamazoo,MI,49001,VetCor,Harvest Partners
VCA Oshtemo Animal Hospital,Kalamazoo,MI,49009,VCA,Mars
VCA Texas Corners Animal Hospital,Kalamazoo,MI,49009,VCA,Mars
Kentwood Cat Clinic,Kentwood,MI,49512,VetCor,Harvest Partners
VCA Woodland Animal Hospital,Kentwood,MI,49512,VCA,Mars
VEG East Grand Rapids,Kentwood,MI,49512,VEG (Veterinary Emergency Group),D1 Capital & Fidelity
Paws & Claws Animal Hospital,Lambertville,MI,48144,Western Veterinary Partners,Tyree & D'Angelo Partners
Banfield Lansing W,Lansing,MI,48917,Banfield,Mars
Dix Animal Hospital,Lincoln Park,MI,48146,PetVet Care Centers,KKR
Lincoln Park Veterinary Hospital,Lincoln Park,MI,48146,CareVet,Compass Group Equity Partners
Allen Animal Hospital,Livonia,MI,48152,O'Brien Veterinary Group,Family owned corporate consolidator
"Allergy, Skin and Ear Clinic for Pets/Bloom Animal Hospital",Livonia,MI,48154,Thrive Pet Healthcare,TSG Consumer Partners
Banfield Livonia,Livonia,MI,48150,Banfield,Mars
Strong Village Veterinary Hospital,Livonia,MI,48154,Mission Pet Health,Silver Lake and Shore Capital Partners
Country Veterinary Clinic,Ludington,MI,49431,VetCor,Harvest Partners
VCA Marshall Animal Hospital,Marshall,MI,49068,VCA,Mars
Family Pet Health Center,Mattawan,MI,49071,O'Brien Veterinary Group,Family owned corporate consolidator
Midland Animal Clinic,Midland,MI,48642,NVA,JAB Holdings
Suburban Animal Clinic of Monroe,Monroe,MI,48161,Encore Vet Group,North Castle Partners
Northwoods Pet Care Center,Mt Pleasant,MI,48858,O'Brien Veterinary Group,Family owned corporate consolidator
Animal Clinic of Muskegon,Muskegon,MI,49442,Western Veterinary Partners,Tyree & D'Angelo Partners
Glenpark Animal Hospital,Muskegon,MI,49441,NVA,JAB Holdings
Holton Road Veterinary Clinic,Muskegon,MI,49445,NVA,JAB Holdings
Northside Veterinary Hospital,Muskegon,MI,49445,NVA,JAB Holdings
Newaygo Veterinary Services,Newaygo,MI,49337,AmeriVet,AEA Investors and Abu Dhabi Investment Authority (ADIA)
Banfield Northville,Northville,MI,48168,Banfield,Mars
VEG Northville,Northville,MI,48168,VEG (Veterinary Emergency Group),D1 Capital & Fidelity
Paw Print Inn,Novi,MI,48375,Destination Pet,L1 Health
PetSuites Novi,Novi,MI,48374,NVA,JAB Holdings
VetSelect Animal Hospital of Novi,Novi,MI,48377,VetCor,Harvest Partners
Banfield Okemos,Okemos,MI,48864,Banfield,Mars
Schultz Veterinary Clinic,Okemos,MI,48864,Mission Pet Health,Silver Lake and Shore Capital Partners
Stoney Hills Veterinary Service,Plainwell,MI,49080,Heritage Vet Partners,Undisclosed financial sponsor
Roose Animal Hospital,Plymouth,MI,48170,Mission Pet Health,Silver Lake and Shore Capital Partners
Parkway Veterinary Clinic,Plymouth Charter Township,MI,48170,Blue River PetCare,Partners Group
Lake Huron Veterinary Clinic,Port Huron,MI,48060,Mission Pet Health,Silver Lake and Shore Capital Partners
Lakeview Animal Hospital,Portage,MI,49002,NVA,JAB Holdings
Milwood Animal Clinic,Portage,MI,49002,VetCor,Harvest Partners
VCA Portage Animal Hospital,Portage,MI,49002,VCA,Mars
VCA Veterinary Specialty & Emergency Center of Kalamazoo,Portage,MI,49002,VCA,Mars
Portland Veterinary Service,Portland,MI,48875,EverVet Partners,Freeman Spogli and Tailwind Capital
VCA Beech Road Animal Hospital,Redford,MI,48240,VCA,Mars
Ford Caputo Veterinary Hospital,Redford Charter Twp,MI,48239,Mission Pet Health,Silver Lake and Shore Capital Partners
Gull Lake Animal Hospital,Richland,MI,49083,NVA,JAB Holdings
VCA Richland Animal Hospital,Richland,MI,49083,VCA,Mars
Animal Medical Center of Troy,Rochester Hills,MI,48307,Western Veterinary Partners,Tyree & D'Angelo Partners
Banfield Rochester Hills,Rochester Hills,MI,48307,Banfield,Mars
Cat Care of Rochester Hills,Rochester Hills,MI,48307,VetCor,Harvest Partners
Rochester Veterinary Hospital,Rochester Hills,MI,48309,NVA,JAB Holdings
Willowood Acres Veterinary Clinic,Romulus,MI,48174,VetCor,Harvest Partners
Roscommon Veterinary Clinic,Roscommon,MI,48653,Mission Pet Health,Silver Lake and Shore Capital Partners
Banfield Roseville,Roseville,MI,48066,Banfield,Mars
Blue Cross Animal Hospital,Royal Oak,MI,48067,AmeriVet,AEA Investors and Abu Dhabi Investment Authority (ADIA)
Hartrick Veterinary Clinic,Royal Oak,MI,48073,Mission Pet Health,Silver Lake and Shore Capital Partners
North Main Animal Hospital,Royal Oak,MI,48067,NVA,JAB Holdings
Animal Alley Veterinary Hospital,Saginaw,MI,48603,Heartland Veterinary Partners,Gryphon Investors
Banfield Saginaw CLOSED,Saginaw,MI,48604,Banfield,Mars
PetVet Vaccination Clinic - Saginaw,Saginaw,MI,48604,VIP Petcare / PetVet,Tractor Supply Company
Moore Veterinary Hospital,Saint Clair Shores,MI,48080,Blue River PetCare,Partners Group
Sheridan Animal Hospital,Sheridan,MI,48884,Western Veterinary Partners,Tyree & D'Angelo Partners
Phoenix Road Animal Hospital,South Haven,MI,49090,O'Brien Veterinary Group,Family owned corporate consolidator
Banfield Southfield Telegraph,Southfield,MI,48034,Banfield,Mars
BluePearl Pet Hospital Southfield,Southfield,MI,48034,BluePearl Pet Hospital,Mars
Luv-N-Care Animal Hospital,Southfield,MI,48075,AmeriVet,AEA Investors and Abu Dhabi Investment Authority (ADIA)
Southgate Animal Hospital,Southgate,MI,48195,PetVet Care Centers,KKR
Clarke Animal Hospital,Spring Lake,MI,49456,NVA,JAB Holdings
VCA St. Clair Shores Animal Hospital,St. Clair Shores,MI,48081,VCA,Mars
St. Johns Animal Clinic,St. Johns,MI,48879,Heartland Veterinary Partners,Gryphon Investors
Sunset Coast Veterinary Clinic,St. Joseph,MI,49085,Heartland Veterinary Partners,Gryphon Investors
Metropolitan Veterinary Center,Sterling Heights,MI,48310,Mission Pet Health,Silver Lake and Shore Capital Partners
Suttons Bay Animal Hospital,Suttons Bay,MI,49682,Mission Pet Health,Silver Lake and Shore Capital Partners
VCA Swartz Creek Animal Hospital,Swartz Creek,MI,48473,VCA,Mars
Crossroads Veterinary Clinic,Three Rivers,MI,49093,Mission Pet Health,Silver Lake and Shore Capital Partners
Banfield Traverse City,Traverse City,MI,49684,Banfield,Mars
Companion Animal Hospital,Traverse City,MI,49696,Heartland Veterinary Partners,Gryphon Investors
Long Lake Animal Hospital,Traverse City,MI,49684,Mission Pet Health,Silver Lake and Shore Capital Partners
Oakwood Veterinary Hospital,Traverse City,MI,49686,Western Veterinary Partners,Tyree & D'Angelo Partners
VCA Cherry Bend Animal Hospital,Traverse City,MI,49684,VCA,Mars
Banfield Troy,Troy,MI,48083,Banfield,Mars
Maple Veterinary Hospital,Troy,MI,48083,VetCor,Harvest Partners
Troy & Heights Animal Hospital,Troy,MI,48085,AmeriVet,AEA Investors and Abu Dhabi Investment Authority (ADIA)
Banfield Utica,Utica,MI,48315,Banfield,Mars
Parkview Animal Hospital,Warren,MI,48091,NVA,JAB Holdings
UrgentVet Warren,Warren,MI,48092,American Veterinary Group,Oak Hill Capital
Vetco Total Care - Warren,Warren,MI,48092,Vetco Total Care,Petco
Warren Woods Veterinary Hospital,Warren,MI,48088,NVA,JAB Holdings
Exclusively Cats Veterinary Hospital,Waterford,MI,48327,Blue River PetCare,Partners Group
Banfield Waterford,Waterford Township,MI,48328,Banfield,Mars
Animal Hospital Maple Orchard,West Bloomfield Township,MI,48322,Mission Pet Health,Silver Lake and Shore Capital Partners
West Branch Veterinary Services,West Branch,MI,48661,CareVet,Compass Group Equity Partners
Ace Animal Clinic,Westland,MI,48186,AmeriVet,AEA Investors and Abu Dhabi Investment Authority (ADIA)
Griffith Veterinary Hospital,Westland,MI,48185,Heartland Veterinary Partners,Gryphon Investors
Westland Veterinary Hospital,Westland,MI,48185,Mission Pet Health,Silver Lake and Shore Capital Partners
VCA White Lake Animal Hospital,White Lake,MI,48383,VCA,Mars
Northern Michigan Veterinary Hospital,Williamsburg,MI,49690,VetCor,Harvest Partners
Banfield Woodhaven,Woodhaven,MI,48183,Banfield,Mars
Wyoming Animal Hospital,Wyoming,MI,49509,VetCor,Harvest Partners
Michigan Ave Animal Hospital,Ypsilanti,MI,48197,PetVet Care Centers,KKR
South Arbor Animal Hospital,Ypsilanti,MI,48197,VetCor,Harvest Partners
Whittaker Road Animal Clinic,Ypsilanti,MI,48197,Mission Pet Health,Silver Lake and Shore Capital Partners
Zeeland Veterinary Service,Zeeland,MI,49464,PetVet Care Centers,KKR
Alexandria Veterinary Clinic,Alexandria,MN,56308,Western Veterinary Partners,Tyree & D'Angelo Partners
Andover Animal Hospital,Andover,MN,55304,Lakefield Veterinary Group,Desmarais family and Peloton Capital Management
VCA PineRidge Animal Hospital,Andover,MN,55304,VCA,Mars
Banfield Apple Valley,Apple Valley,MN,55124,Banfield,Mars
East Valley Animal Clinic,Apple Valley,MN,55124,Lakefield Veterinary Group,Desmarais family and Peloton Capital Management
South Metro Animal Emergency Care,Apple Valley,MN,55124,Lakefield Veterinary Group,Desmarais family and Peloton Capital Management
VCA Cedar View Animal Hospital,Apple Valley,MN,55124,VCA,Mars
Vetco Total Care - Apple Valley,Apple Valley,MN,55124,Vetco Total Care,Petco
BluePearl Pet Hospital Arden Hills,Arden Hills,MN,55112,BluePearl Pet Hospital,Mars
Animal Care Center,Baxter,MN,56425,Lakefield Veterinary Group,Desmarais family and Peloton Capital Management
Lakeland Veterinary Hospital,Baxter,MN,56425,Veterinary Practice Partners,Audax Private Equity
Belle Plaine Animal Hospital,Belle Plaine,MN,56011,Heartland Veterinary Partners,Gryphon Investors
Animal Care Clinic,Bemidji,MN,56601,Heartland Veterinary Partners,Gryphon Investors
Bemidji Veterinary Hospital,Bemidji,MN,56601,Mission Pet Health,Silver Lake and Shore Capital Partners
H&H Veterinary Service,Benson,MN,56215,CareVet,Compass Group Equity Partners
Blaine Central Veterinary Clinic,Blaine,MN,55449,Lakefield Veterinary Group,Desmarais family and Peloton Capital Management
Blaine Family Veterinary Hospital,Blaine,MN,55434,Mission Pet Health,Silver Lake and Shore Capital Partners
BluePearl Pet Hospital Blaine,Blaine,MN,55449,BluePearl Pet Hospital,Mars
Murray Animal Hospital,Blaine,MN,55434,Blue River PetCare,Partners Group
PetSuites Blaine,Blaine,MN,55434,NVA,JAB Holdings
Banfield Bloomington,Bloomington,MN,55431,Banfield,Mars
France Avenue Pet Hospital,Bloomington,MN,55431,Heartland Veterinary Partners,Gryphon Investors
VCA Bloomington Animal Hospital,Bloomington,MN,55420,VCA,Mars
Brooklyn Park Pet Hospital,Brooklyn Park,MN,55443,Veterinarian Partners,Tyree & D'Angelo Partners
Northbrook Animal Hospital,Brooklyn Park,MN,55444,Western Veterinary Partners,Tyree & D'Angelo Partners
Banfield Burnsville,Burnsville,MN,55306,Banfield,Mars
Burnsville Animal Clinic,Burnsville,MN,55337,WellHaven Pet Health,Capricorn Healthcare
Burnsville Parkway Animal Hospital,Burnsville,MN,55337,Mission Pet Health,Silver Lake and Shore Capital Partners
Crossroads Animal Hospital,Burnsville,MN,55306,WellHaven Pet Health,Capricorn Healthcare
Peace of Mind Veterinary Care,Burnsville,MN,55306,Blue River PetCare,Partners Group
VIP Petcare Vaccination Clinic - Burnsville,Burnsville,MN,55337,VIP Petcare / PetVet,Tractor Supply Company
Caledonia Veterinary Clinic,Caledonia,MN,55921,Heritage Vet Partners,Undisclosed financial sponsor
Champlin Animal Hospital,Champlin,MN,55316,Hometown Veterinary Partners,Briarcliff Capital Partners
Elm Creek Animal Hospital,Champlin,MN,55316,Western Veterinary Partners,Tyree & D'Angelo Partners
Hound Dog Pet Hotel,Chanhassen,MN,55317,Destination Pet,L1 Health
VCA Chanhassen Animal Hospital,Chanhassen,MN,55317,VCA,Mars
Chaska Valley Veterinary Clinic,Chaska,MN,55318,Lakefield Veterinary Group,Desmarais family and Peloton Capital Management
Vetco Total Care - Chaska,Chaska,MN,55318,Vetco Total Care,Petco
Clarks Grove Vet Clinic,Clarks Grove,MN,56016,Heartland Veterinary Partners,Gryphon Investors
Crow-Goebel Veterinary Clinic,Cloquet,MN,55720,Blue River PetCare,Partners Group
Cold Spring Veterinary Clinic,Cold Spring,MN,56320,Heartland Veterinary Partners,Gryphon Investors
Banfield Coon Rapids,Coon Rapids,MN,55448,Banfield,Mars
Foley Boulevard Animal Hospital,Coon Rapids,MN,55448,Blue River PetCare,Partners Group
UrgentVet Coon Rapids,Coon Rapids,MN,55433,American Veterinary Group,Oak Hill Capital
WellHaven Pet Health Coon Rapids,Coon Rapids,MN,55448,WellHaven Pet Health,Capricorn Healthcare
Corcoran Pet Care Center,Corcoran,MN,55340,VetCor,Harvest Partners
Cottage Grove Animal Hospital,Cottage Grove,MN,55016,NVA,JAB Holdings
Park Grove Pet Hospital,Cottage Grove,MN,55016,Veterinary Practice Partners,Audax Private Equity
BluePearl Pet Hospital Duluth,Duluth,MN,55806,BluePearl Pet Hospital,Mars
Canal Bark,Duluth,MN,55811,Destination Pet,L1 Health
North Shore Veterinary Hospital,Duluth,MN,55804,Lakefield Veterinary Group,Desmarais family and Peloton Capital Management
Countryside Animal Hospital,Dundas,MN,55019,Blue River PetCare,Partners Group
Animal Dermatology Clinic,Eagan,MN,55121,Animal Dermatology Clinic,Percheron Capital
Banfield Eagan,Eagan,MN,55123,Banfield,Mars
Companion Animal Hospital,Eagan,MN,55123,VetCor,Harvest Partners
Lexington Pet Clinic,Eagan,MN,55123,Blue River PetCare,Partners Group
PetSuites Eagan,Eagan,MN,55121,NVA,JAB Holdings
Peterson Veterinary Clinic,East Grand Forks,MN,56721,CareVet,Compass Group Equity Partners
Banfield Eden Prairie,Eden Prairie,MN,55344,Banfield,Mars
Bush Lake Pet Hospital,Eden Prairie,MN,55347,Heartland Veterinary Partners,Gryphon Investors
Flying Cloud Animal Hospital,Eden Prairie,MN,55344,NVA,JAB Holdings
Prairie Village Pet Hospital,Eden Prairie,MN,55347,CareVet,Compass Group Equity Partners
VEG Eden Prairie,Eden Prairie,MN,55346,VEG (Veterinary Emergency Group),D1 Capital & Fidelity
Edgerton Veterinary Clinic,Edgerton,MN,56128,Heritage Vet Partners,Undisclosed financial sponsor
Banfield Edina,Edina,MN,55436,Banfield,Mars
Edina Pet Hospital,Edina,MN,55439,Lakefield Veterinary Group,Desmarais family and Peloton Capital Management
Southdale Pet Hospital,Edina,MN,55435,AmeriVet,AEA Investors and Abu Dhabi Investment Authority (ADIA)
Excelsior Animal Hospital,Excelsior,MN,55331,Lakefield Veterinary Group,Desmarais family and Peloton Capital Management
Eyota Veterinary Clinic,Eyota,MN,55934,AmeriVet,AEA Investors and Abu Dhabi Investment Authority (ADIA)
Heartland Animal Hospital - Faribault,Faribault,MN,55021,Heartland Veterinary Partners,Gryphon Investors
Vetco Total Care - Fridley,Fridley,MN,55421,Vetco Total Care,Petco
BluePearl Pet Hospital Golden Valley,Golden Valley,MN,55427,BluePearl Pet Hospital,Mars
VCA All About Pets Animal Hospital,Golden Valley,MN,55422,VCA,Mars
Grand Rapids Veterinary Clinic,Grand Rapids,MN,55744,Blue River PetCare,Partners Group
North Country Veterinary Clinic,Grand Rapids,MN,55744,NVA,JAB Holdings
Ham Lake Veterinary Hospital,Ham Lake,MN,55304,Heartland Veterinary Partners,Gryphon Investors
Airport Animal Hospital,Hermantown,MN,55811,Lakefield Veterinary Group,Desmarais family and Peloton Capital Management
Hutchinson Pet Hospital,Hutchinson,MN,55350,CareVet,Compass Group Equity Partners
Lifelong Veterinary Clinic,Hutchinson,MN,55350,VetCor,Harvest Partners
Inver Grove Heights Animal Hospital,Inver Grove Heights,MN,55076,Lakefield Veterinary Group,Desmarais family and Peloton Capital Management
Parkview Cat Clinic,Inver Grove Heights,MN,55076,Western Veterinary Partners,Tyree & D'Angelo Partners
Isanti Pet Clinic,Isanti,MN,55040,Heartland Veterinary Partners,Gryphon Investors
St. Francis Veterinary Clinic,Isanti,MN,55040,NVA,JAB Holdings
Summers Ridge Veterinary Clinic,Janesville,MN,56048,Heartland Veterinary Partners,Gryphon Investors
K M Regional Veterinary Hospital,Kasson,MN,55944,Heartland Veterinary Partners,Gryphon Investors
Kimball Veterinary Clinic,Kimball,MN,55353,VetCor,Harvest Partners
Cedar Pet Clinic,Lake Elmo,MN,55042,CareVet,Compass Group Equity Partners
Southfork Animal Hospital,Lakeville,MN,55044,WellHaven Pet Health,Capricorn Healthcare
UrgentVet Lakeville,Lakeville,MN,55044,American Veterinary Group,Oak Hill Capital
Lewiston Veterinary Clinic,Lewiston,MN,55952,AmeriVet,AEA Investors and Abu Dhabi Investment Authority (ADIA)
Animal Medical Center of Lindstrom,Lindstrom,MN,55045,Heartland Veterinary Partners,Gryphon Investors
Kelley Animal Hospital,Lino Lakes,MN,55014,VetCor,Harvest Partners
Rice Creek Animal Hospital,Lino Lakes,MN,55014,Veterinary Practice Partners,Audax Private Equity
Litchfield Veterinary Clinic,Litchfield,MN,55355,VetCor,Harvest Partners
Rice Pet Clinic & Hospital,Little Canada,MN,55117,Mission Pet Health,Silver Lake and Shore Capital Partners
River Hills Pet Care Hospital,Mankato,MN,56001,PetVet Care Centers,KKR
The Paw Mankato,Mankato,MN,56001,Destination Pet,L1 Health
Banfield Maple Grove,Maple Grove,MN,55369,Banfield,Mars
Maple Grove Pet Hospital,Maple Grove,MN,55369,Veterinarian Partners,Tyree & D'Angelo Partners
VCA Animal Wellness Center of Maple Grove,Maple Grove,MN,55311,VCA,Mars
VEG Maple Grove,Maple Grove,MN,55369,VEG (Veterinary Emergency Group),D1 Capital & Fidelity
"WellHaven Pet Health Maple Grove, MN",Maple Grove,MN,55369,WellHaven Pet Health,Capricorn Healthcare
Maple Lake Veterinary Clinic,Maple Lake,MN,55358,VetCor,Harvest Partners
All Pets MSRC,Mapleton,MN,56065,NVA,JAB Holdings
Banfield Maplewood,Maplewood,MN,55109,Banfield,Mars
Keller Lake Animal Hospital,Maplewood,MN,55109,Lakefield Veterinary Group,Desmarais family and Peloton Capital Management
Banfield Quarry,Minneapolis,MN,55413,Banfield,Mars
Blue Cross Animal Hospital,Minneapolis,MN,55419,Mission Pet Health,Silver Lake and Shore Capital Partners
Lake Harriet Veterinary,Minneapolis,MN,55409,Lakefield Veterinary Group,Desmarais family and Peloton Capital Management
Livewell Animal Hospital of St. Anthony,Minneapolis,MN,55413,Mission Pet Health,Silver Lake and Shore Capital Partners
Pet Central Animal Hospital,Minneapolis,MN,55418,Blue River PetCare,Partners Group
VCA Cedar Animal Hospital,Minneapolis,MN,55407,VCA,Mars
Westgate Pet Clinic,Minneapolis,MN,55410,Mission Pet Health,Silver Lake and Shore Capital Partners
Banfield Minnetonka,Minnetonka,MN,55345,Banfield,Mars
Banfield Minnetonka Country Village,Minnetonka,MN,55305,Banfield,Mars
Livewell Animal Urgent Care of Minnetonka,Minnetonka,MN,55305,Mission Pet Health,Silver Lake and Shore Capital Partners
Mounds View Animal Hospital,Mounds View,MN,55112,Blue River PetCare,Partners Group
New Hope Animal Hospital,New Hope,MN,55427,PetVet Care Centers,KKR
Plymouth Heights Pet Hospital,New Hope,MN,55428,Lakefield Veterinary Group,Desmarais family and Peloton Capital Management
New Ulm Regional Veterinary Clinic,New Ulm,MN,56073,PetVet Care Centers,KKR
Nicollet Veterinary Clinic,Nicollet,MN,56074,NVA,JAB Holdings
North Branch Veterinary Hospital,North Branch,MN,55056,NVA,JAB Holdings
Oak Grove Animal Hospital,Oak Grove,MN,55303,Mission Pet Health,Silver Lake and Shore Capital Partners
Heartland Animal Hospital - Owatonna,Owatonna,MN,55060,Heartland Veterinary Partners,Gryphon Investors
Paynesville Veterinary Clinic,Paynesville,MN,56362,Heartland Veterinary Partners,Gryphon Investors
Pine City Animal Hospital,Pine City,MN,55063,AmeriVet,AEA Investors and Abu Dhabi Investment Authority (ADIA)
Wild River Veterinary Clinic,Pine City,MN,55063,Heartland Veterinary Partners,Gryphon Investors
Banfield Plymouth,Plymouth,MN,55442,Banfield,Mars
PetSuites Plymouth,Plymouth,MN,55441,NVA,JAB Holdings
Rockford Road Animal Hospital,Plymouth,MN,55441,Lakefield Veterinary Group,Desmarais family and Peloton Capital Management
TLC Cat Clinic,Plymouth,MN,55447,Heartland Veterinary Partners,Gryphon Investors
Paws and Pals,Prior Lake,MN,55372,Destination Pet,L1 Health
Scott Lake Veterinary Center,Prior Lake,MN,55372,Blue River PetCare,Partners Group
Banfield Richfield,Richfield,MN,55423,Banfield,Mars
VCA Animal Care Hospital,Richfield,MN,55423,VCA,Mars
Vetco Total Care - Richfield,Richfield,MN,55423,Vetco Total Care,Petco
Woodlake Veterinary Hospital,Richfield,MN,55423,NVA,JAB Holdings
Banfield Rochester,Rochester,MN,55901,Banfield,Mars
Broadway Veterinary Hospital,Rochester,MN,55904,Heartland Veterinary Partners,Gryphon Investors
Heritage Pet Hospital,Rochester,MN,55901,Lakefield Veterinary Group,Desmarais family and Peloton Capital Management
VCA Cascade Animal Medical Center & Inn,Rochester,MN,55901,VCA,Mars
Rockford Veterinary Clinic,Rockford,MN,55373,Heartland Veterinary Partners,Gryphon Investors
St. Francis Animal Hospital,Roseville,MN,55113,VetCor,Harvest Partners
Life Care Animal Hospital,Saint Paul,MN,55106,Mission Pet Health,Silver Lake and Shore Capital Partners
Scenic Hills Animal Hospital,Saint Paul,MN,55119,NVA,JAB Holdings
Banfield Savage,Savage,MN,55378,Banfield,Mars
Livewell Animal Urgent Care of Shoreview,Shoreview,MN,55126,Mission Pet Health,Silver Lake and Shore Capital Partners
Oak Knoll Animal Hospital,St Louis Park,MN,55416,Lakefield Veterinary Group,Desmarais family and Peloton Capital Management
Integrative Services,St Paul,MN,55113,VetCor,Harvest Partners
Vetco Total Care - St Paul,St Paul,MN,55116,Vetco Total Care,Petco
Kind Veterinary Service,St Peter,MN,56082,NVA,JAB Holdings
Swine Vet Center,St Peter,MN,56082,Heritage Vet Partners,Undisclosed financial sponsor
St. Boni Pet Hospital,St. Bonifacius,MN,55375,Mission Pet Health,Silver Lake and Shore Capital Partners
BluePearl Pet Hospital St. Cloud,St. Cloud,MN,56301,BluePearl Pet Hospital,Mars
Companion Animal Hospital,St. Cloud,MN,56301,Lakefield Veterinary Group,Desmarais family and Peloton Capital Management
St. Joseph Veterinary Clinic,St. Joseph,MN,56374,Heartland Veterinary Partners,Gryphon Investors
All Paws Animal Hospital,St. Louis Park,MN,55416,Mission Pet Health,Silver Lake and Shore Capital Partners
Banfield St. Louis Park,St. Louis Park,MN,55416,Banfield,Mars
Pampered Pooch Playground,St. Louis Park,MN,55426,Destination Pet,L1 Health
Animal Medical Clinic of St. Paul,St. Paul,MN,55105,CareVet,Compass Group Equity Partners
Banfield Highland Park - St Paul,St. Paul,MN,55116,Banfield,Mars
Banfield Larpenteur,St. Paul,MN,55113,Banfield,Mars
Livewell Animal Hospital of Highland Park (coming soon),St. Paul,MN,55116,Mission Pet Health,Silver Lake and Shore Capital Partners
St. Paul Animal Hospital,St. Paul,MN,55128,Hometown Veterinary Partners,Briarcliff Capital Partners
VCA Feist Animal Hospital,St. Paul,MN,55104,VCA,Mars
Stillwater Equine Veterinary Clinic,Stillwater,MN,55082,PetVet Care Centers,KKR
Stillwater Veterinary Clinic,Stillwater,MN,55082,NVA,JAB Holdings
Banfield Pet Hospital - Waite Park Marketplace,Waite Park,MN,56387,Banfield,Mars
Boysen Animal Hospital,Waite Park,MN,56387,Heartland Veterinary Partners,Gryphon Investors
Waseca Veterinary Clinic,Waseca,MN,56093,Blue River PetCare,Partners Group
Watkins Veterinary Clinic,Watkins,MN,55389,VetCor,Harvest Partners
Southview Animal Hospital,West St. Paul,MN,55118,NVA,JAB Holdings
Companion Animal Care Center,Winona,MN,55987,Mission Pet Health,Silver Lake and Shore Capital Partners
Banfield Woodbury,Woodbury,MN,55125,Banfield,Mars
PetSuites Woodbury,Woodbury,MN,55125,NVA,JAB Holdings
VEG ER for Pets,Woodbury,MN,55125,VEG (Veterinary Emergency Group),D1 Capital & Fidelity
Veterinary Medical Center - Worthington,Worthington,MN,56187,Heritage Vet Partners,Undisclosed financial sponsor
PriorityPet Urgent Care of Affton,Affton,MO,63123,Alliance Animal Health,L Catterton and LightBay Capital
Vogel Veterinary Hospital,Arnold,MO,63010,Western Veterinary Partners,Tyree & D'Angelo Partners
Barrett Station Veterinary Clinic,Ballwin,MO,63011,Mission Pet Health,Silver Lake and Shore Capital Partners
County Animal Hospital,Ballwin,MO,63011,Alliance Animal Health,L Catterton and LightBay Capital
Belton Animal Clinic and Exotic Care Center,Belton,MO,64012,Veterinary Practice Partners,Audax Private Equity
Belton Veterinary Center,Belton,MO,64012,CareVet,Compass Group Equity Partners
Blue Springs Animal Hospital,Blue Springs,MO,64015,United Veterinary Care,Nordic Capital
Cavanaugh Pet Hospital,Blue Springs,MO,64015,VetCor,Harvest Partners
Vetco Total Care - Blue Springs,Blue Springs,MO,64014,Vetco Total Care,Petco
Branson Veterinary Hospital,Branson,MO,65616,Western Veterinary Partners,Tyree & D'Angelo Partners
Allphin Veterinary Clinic,Branson West,MO,65737,Heartland Veterinary Partners,Gryphon Investors
Banfield Brentwood,Brentwood,MO,63144,Banfield,Mars
Brentwood Animal Hospital,Brentwood,MO,63144,Blue River PetCare,Partners Group
VEG Brentwood,Brentwood,MO,63144,VEG (Veterinary Emergency Group),D1 Capital & Fidelity
Vetco Total Care - Brentwood,Brentwood,MO,63144,Vetco Total Care,Petco
Banfield Bridgeton,Bridgeton,MO,63044,Banfield,Mars
Bridgeton Animal Hospital,Bridgeton,MO,63044,Heartland Veterinary Partners,Gryphon Investors
Cape Small Animal Clinic,Cape Girardeau,MO,63703,CareVet,Compass Group Equity Partners
Banfield Chesterfield,Chesterfield,MO,63017,Banfield,Mars
BluePearl Pet Hospital Chesterfield CLOSED,Chesterfield,MO,63005,BluePearl Pet Hospital,Mars
Clarkson-Wilson Veterinary Clinic,Chesterfield,MO,63017,VetCor,Harvest Partners
Kersting Veterinary Hospital,Chesterfield,MO,63017,Alliance Animal Health,L Catterton and LightBay Capital
Veterinary Group of Chesterfield,Chesterfield,MO,63005,NVA,JAB Holdings
Golden Valley Animal Clinic,Clinton,MO,64735,Blue River PetCare,Partners Group
Horton Animal Hospital-Discovery,Columbia,MO,65201,VetCor,Harvest Partners
Horton Animal Hospital-Northeast,Columbia,MO,65202,VetCor,Harvest Partners
Pet Center Ltd,Columbia,MO,65203,VetCor,Harvest Partners
Rolling Hills Veterinary Hospital,Columbia,MO,65201,VetCor,Harvest Partners
Rolling Hills Veterinary Hospital,Columbia,MO,65201,VetCor,Harvest Partners
Vetco Total Care - Columbia,Columbia,MO,65203,Vetco Total Care,Petco
Cottleville Animal Hospital,Cottleville,MO,63304,Veterinary Practice Partners,Audax Private Equity
McCauley Animal Clinic,Cottleville,MO,63376,NVA,JAB Holdings
Animal Emergency Clinic,Crestwood,MO,63122,PetVet Care Centers,KKR
Crestwood Animal Hospital,Crestwood,MO,63126,Hometown Veterinary Partners,Briarcliff Capital Partners
Heritage Grooming,Creve Coeur,MO,63141,VetCor,Harvest Partners
Heritage Veterinary Hospital,Creve Coeur,MO,63141,VetCor,Harvest Partners
VCA Bal-Coeur Animal Hospital,Creve Coeur,MO,63141,VCA,Mars
Jones Animal Health Clinic,Crystal City,MO,63019,CareVet,Compass Group Equity Partners
New Melle Animal Hospital,Defiance,MO,63341,NVA,JAB Holdings
My Vet Animal Clinic,Eureka,MO,63025,Heartland Veterinary Partners,Gryphon Investors
Excelsior Springs Animal Clinic,Excelsior Springs,MO,64024,Mission Pet Health,Silver Lake and Shore Capital Partners
Bentley Animal Hospital,Fenton,MO,63026,Veterinary Practice Partners,Audax Private Equity
Banfield Florissant,Florissant,MO,63033,Banfield,Mars
Cross Keys Animal Clinic,Florissant,MO,63033,CareVet,Compass Group Equity Partners
Florissant Animal Hospital,Florissant,MO,63031,NVA,JAB Holdings
Callaway County Small Animal Clinic,Fulton,MO,65251,Heartland Veterinary Partners,Gryphon Investors
Gladstone Animal Clinic,Gladstone,MO,64118,Mission Pet Health,Silver Lake and Shore Capital Partners
Crain Veterinary Center,Grain Valley,MO,64029,CareVet,Compass Group Equity Partners
Grandview Animal Hospital,Grandview,MO,64030,O'Brien Veterinary Group,Family owned corporate consolidator
VCA Advanced Animal Hospital,Hannibal,MO,63401,VCA,Mars
Advantage Veterinary Center,High Ridge,MO,63049,VetCor,Harvest Partners
House Springs Animal Clinic,House Springs,MO,63051,VetCor,Harvest Partners
Banfield Independence,Independence,MO,64055,Banfield,Mars
Cedar Ridge Animal Hospital,Independence,MO,64055,Mission Pet Health,Silver Lake and Shore Capital Partners
Crysler Animal Hospital,Independence,MO,64055,Veterinary Practice Partners,Audax Private Equity
Hidden Valley Animal Hospital,Independence,MO,64057,NVA,JAB Holdings
Jefferson City Animal Hospital,Jefferson City,MO,65109,Heartland Veterinary Partners,Gryphon Investors
Southwest Animal Hospital,Jefferson City,MO,65109,Mission Pet Health,Silver Lake and Shore Capital Partners
Amity Woods Animal Hospital,Kansas City,MO,64153,CareVet,Compass Group Equity Partners
Antioch Dog and Cat Hospital,Kansas City,MO,64119,Mission Pet Health,Silver Lake and Shore Capital Partners
Banfield Kansas City (Liberty),Kansas City,MO,64157,Banfield,Mars
Banfield Tiffany Springs,Kansas City,MO,64154,Banfield,Mars
Banfield Ward Parkway,Kansas City,MO,64114,Banfield,Mars
Barry Road Animal Hospital,Kansas City,MO,64154,VetCor,Harvest Partners
Eagle Animal Hospital and Pet Resort at Tiffany Springs,Kansas City,MO,64153,NVA,JAB Holdings
KC Cat Clinic,Kansas City,MO,64114,VetCor,Harvest Partners
Noah's Ark Animal Clinic,Kansas City,MO,64113,Blue River PetCare,Partners Group
Northland Animal Hospital,Kansas City,MO,64151,VetCor,Harvest Partners
Picture Hills Pet Hospital,Kansas City,MO,64151,Mission Pet Health,Silver Lake and Shore Capital Partners
Red Bridge Animal Clinic,Kansas City,MO,64131,VetCor,Harvest Partners
Shoal Creek Animal Hospital,Kansas City,MO,64157,CareVet,Compass Group Equity Partners
Vetco Total Care - Kansas City,Kansas City,MO,64155,Vetco Total Care,Petco
Clark Animal Hospital,Kirkwood,MO,63122,NVA,JAB Holdings
Fox Creek - Kirkwood,Kirkwood,MO,63122,Veterinary Practice Partners,Audax Private Equity
Family Vet Lake St. Louis,Lake St Louis,MO,63367,Mission Pet Health,Silver Lake and Shore Capital Partners
Carter Pet Hospital,Lake St. Louis,MO,63367,Blue River PetCare,Partners Group
BluePearl Pet Hospital Lee’s Summit,Lee's Summit,MO,64064,BluePearl Pet Hospital,Mars
GoodVets Lee's Summit,Lee's Summit,MO,64081,GoodVets,General Atlantic
Green Summit Animal Clinic,Lee's Summit,MO,64082,Alliance Animal Health,L Catterton and LightBay Capital
Lee's Summit Animal Hospital,Lee's Summit,MO,64063,NVA,JAB Holdings
Strothertowne Pet Hospital,Lee's Summit,MO,64081,Mission Pet Health,Silver Lake and Shore Capital Partners
Vetco Total Care - Lee's Summit,Lee's Summit,MO,64081,Vetco Total Care,Petco
Eye Care for Animals - Lee's Summit,Lees Summit,MO,64064,Thrive Pet Healthcare,TSG Consumer Partners
Lee's Summit Animal Hospital North,Lee‚Äôs Summit,MO,64086,NVA,JAB Holdings
Eagle Animal Hospital at Liberty,Liberty,MO,64068,NVA,JAB Holdings
UrgentVet Liberty,Liberty,MO,64068,American Veterinary Group,Oak Hill Capital
Banfield Manchester Highland,Manchester,MO,63011,Banfield,Mars
Fox Creek - Manchester,Manchester,MO,63011,Veterinary Practice Partners,Audax Private Equity
Animal Clinic of Monett,Monett,MO,65708,Heritage Vet Partners,Undisclosed financial sponsor
Barn Hollow Veterinary Services,Mountain View,MO,65548,Heritage Vet Partners,Undisclosed financial sponsor
Nevada Veterinary Clinic,Nevada,MO,64772,VetCor,Harvest Partners
Cobblestone Veterinary Hospital,Nixa,MO,65714,Heartland Veterinary Partners,Gryphon Investors
Banfield O'Fallon,O'Fallon,MO,63368,Banfield,Mars
Gentle Doctor Animal Hospital,O'Fallon,MO,63368,PetVet Care Centers,KKR
The Pet Doctor,O'Fallon,MO,63368,Veterinary Practice Partners,Audax Private Equity
VCA All Creatures-Cloud Animal Hospital,O'Fallon,MO,63368,VCA,Mars
UrgentVet O’Fallon,O\'Fallon,MO,63368,American Veterinary Group,Oak Hill Capital
Osage Animal Hospital,Osage Beach,MO,65065,Heartland Veterinary Partners,Gryphon Investors
Best Friends Animal Hospital,Ozark,MO,65721,Mission Pet Health,Silver Lake and Shore Capital Partners
Divine Veterinary Clinic,Ozark,MO,65721,Heartland Veterinary Partners,Gryphon Investors
Animal Emergency Clinic,O’Fallon,MO,63366,PetVet Care Centers,KKR
Hancock Veterinary Services,Pineville,MO,64856,CareVet,Compass Group Equity Partners
Plattsburg Animal Clinic,Plattsburg,MO,64477,CareVet,Compass Group Equity Partners
Hillcrest Animal Hospital,Poplar Bluff,MO,63901,Heartland Veterinary Partners,Gryphon Investors
Raymore Veterinary Center,Raymore,MO,64083,Mission Pet Health,Silver Lake and Shore Capital Partners
Raytown-Gregory Animal Health Center,Raytown,MO,64133,Mission Pet Health,Silver Lake and Shore Capital Partners
Banfield Richmond Heights,Richmond Heights,MO,63117,Banfield,Mars
Eagle Animal Hospital and Pet Resort,Riverside,MO,64150,NVA,JAB Holdings
Binder Animal Hospital,Saint Louis,MO,63125,CareVet,Compass Group Equity Partners
Webster Groves Animal Wellness Center,Saint Louis,MO,63119,CareVet,Compass Group Equity Partners
Cave Springs Pet Hospital,Saint Peters,MO,63376,Blue River PetCare,Partners Group
Grantview Animal Hospital,Sappington,MO,63126,Blue River PetCare,Partners Group
Advanced Pet Care of Sedalia,Sedalia,MO,65301,Heartland Veterinary Partners,Gryphon Investors
Bootheel Animal Clinic,Sikeston,MO,63801,CareVet,Compass Group Equity Partners
Banfield Springfield,Springfield,MO,65804,Banfield,Mars
Bradford Park Veterinary Hospital,Springfield,MO,65804,NVA,JAB Holdings
Deerfield Veterinary Hospital,Springfield,MO,65804,Blue River PetCare,Partners Group
Grant Pet Hospital,Springfield,MO,65802,NVA,JAB Holdings
Hometown Veterinary Hospital,Springfield,MO,65807,Thrive Pet Healthcare,TSG Consumer Partners
Spring Valley Veterinary Hospital - East,Springfield,MO,65804,Western Veterinary Partners,Tyree & D'Angelo Partners
Spring Valley Veterinary Hospital - West,Springfield,MO,85807,Western Veterinary Partners,Tyree & D'Angelo Partners
VCA Parkcrest Animal Hospital and Pet Lodge,Springfield,MO,65807,VCA,Mars
Bogey Hills Animal Hospital,St Charles,MO,63303,NVA,JAB Holdings
Vet Stop Animal Hospital,St Charles,MO,63301,CareVet,Compass Group Equity Partners
Vetco Total Care - St Charles,St Charles,MO,63304,Vetco Total Care,Petco
All Creatures Animal Hospital,St Joseph,MO,64507,Heartland Veterinary Partners,Gryphon Investors
Home With Dignity,St Louis,MO,63105,CareVet,Compass Group Equity Partners
Spencer Creek Animal Hospital,St Peters,MO,63376,Heartland Veterinary Partners,Gryphon Investors
Vet Stop Animal Hospital,St Peters,MO,63376,CareVet,Compass Group Equity Partners
Banfield St. Charles,St. Charles,MO,63303,Banfield,Mars
First Capitol Animal Hospital,St. Charles,MO,63301,Western Veterinary Partners,Tyree & D'Angelo Partners
No Leash Needed,St. Charles,MO,63301,NVA,JAB Holdings
Countryside Veterinary Clinic,St. Joseph,MO,64506,CareVet,Compass Group Equity Partners
East Hills Veterinary Clinic,St. Joseph,MO,64506,CareVet,Compass Group Equity Partners
Twin Pines Animal Clinic CLOSED,St. Joseph,MO,64505,Blue River PetCare,Partners Group
Affton Veterinary Clinic,St. Louis,MO,63123,CareVet,Compass Group Equity Partners
Banfield South City,St. Louis,MO,63116,Banfield,Mars
Banfield South Mehlville,St. Louis,MO,63129,Banfield,Mars
Chippewa Animal Hospital,St. Louis,MO,63116,Heartland Veterinary Partners,Gryphon Investors
Creve Coeur Animal Hospital,St. Louis,MO,63141,VetCor,Harvest Partners
Midwest Veterinary Laboratory,St. Louis,MO,63132,Alliance Animal Health,L Catterton and LightBay Capital
No Leash Needed,St. Louis,MO,63139,NVA,JAB Holdings
No Leash Needed,St. Louis,MO,63119,NVA,JAB Holdings
St. Louis Cat Clinic,St. Louis,MO,63109,Alliance Animal Health,L Catterton and LightBay Capital
St. Louis Veterinary Center,St. Louis,MO,63104,Heartland Veterinary Partners,Gryphon Investors
UrgentVet Lemay,St. Louis,MO,63125,American Veterinary Group,Oak Hill Capital
VCA Clayton Animal Hospital,St. Louis,MO,63105,VCA,Mars
Webster Groves Animal Hospital,St. Louis,MO,63119,CareVet,Compass Group Equity Partners
VEG St. Peters,St. Peters,MO,63376,VEG (Veterinary Emergency Group),D1 Capital & Fidelity
Banfield Sunset Hills,Sunset Hills,MO,63127,Banfield,Mars
Town and Country Veterinary Hospital,Town & Country,MO,63017,CareVet,Compass Group Equity Partners
Banfield Town and Country,Town and Country,MO,63017,Banfield,Mars
Animal Medical Center of Troy,Troy,MO,63379,Heartland Veterinary Partners,Gryphon Investors
Troy Veterinary Clinic,Troy,MO,63379,Alliance Animal Health,L Catterton and LightBay Capital
No Leash Needed,Valley Park,MO,63088,NVA,JAB Holdings
Homestead Veterinary Hospital,Villa Ridge,MO,63089,Alliance Animal Health,L Catterton and LightBay Capital
Lifetime Animal Center,Warrensburg,MO,64093,AmeriVet,AEA Investors and Abu Dhabi Investment Authority (ADIA)
Warrenton Veterinary Clinic,Warrenton,MO,63383,CareVet,Compass Group Equity Partners
Yorkshire Animal Hospital,Webster Groves,MO,63119,Heartland Veterinary Partners,Gryphon Investors
Tender Care Animal Hospital,Weldon Spring,MO,63304,PetVet Care Centers,KKR
Animal Medical Center Wentzville,Wentzville,MO,63385,Mission Pet Health,Silver Lake and Shore Capital Partners
Banfield Wentzville,Wentzville,MO,63385,Banfield,Mars
Bear Creek Animal Hospital,Wentzville,MO,63385,Heartland Veterinary Partners,Gryphon Investors
Mid-Rivers Equine Centre,Wentzville,MO,63385,NVA,JAB Holdings
Wentzville Veterinary Clinic,Wentzville,MO,63385,Alliance Animal Health,L Catterton and LightBay Capital
Fox Creek- Wildwood,Wildwood,MO,63069,Veterinary Practice Partners,Audax Private Equity
Westglen Animal Hospital,Wildwood,MO,63011,Blue River PetCare,Partners Group
Wright City Veterinary Clinic,Wright City,MO,63390,CareVet,Compass Group Equity Partners
CareVet of Pet Haven,Bay St. Louis,MS,39520,CareVet,Compass Group Equity Partners
Gulf Coast Veterinary Emergency Hospital,Biloxi,MS,39532,Alliance Animal Health,L Catterton and LightBay Capital
Brandon Animal Hospital,Brandon,MS,39042,Alliance Animal Health,L Catterton and LightBay Capital
Oakdale Animal Hospital,Brandon,MS,39047,Mission Pet Health,Silver Lake and Shore Capital Partners
Animal Medical Center Brookhave,Brookhaven,MS,39601,Alliance Animal Health,L Catterton and LightBay Capital
Brookhaven Animal Hospital,Brookhaven,MS,39603,PetVet Care Centers,KKR
Randall Veterinary Hospital,Byram,MS,39272,Alliance Animal Health,L Catterton and LightBay Capital
Banfield Flowood,Flowood,MS,39232,Banfield,Mars
Flowood Pet Hospital and Resort,Flowood,MS,39232,Mission Pet Health,Silver Lake and Shore Capital Partners
Northwest Rankin Animal Clinic,Flowood,MS,39232,NVA,JAB Holdings
Veterinary Associates,Grenada,MS,38901,PetVet Care Centers,KKR
Animal Hospital of Orange Grove,Gulfport,MS,39503,NVA,JAB Holdings
Banfield Gulfport,Gulfport,MS,39503,Banfield,Mars
Northwood Hills Animal Hospital,Gulfport,MS,39503,Heartland Veterinary Partners,Gryphon Investors
Animal Medical Center,Hattiesburg,MS,39402,NVA,JAB Holdings
Holland Veterinary Hospitals (Hattiesburg),Hattiesburg,MS,39401,PetVet Care Centers,KKR
The Pet Hospital,Hattiesburg,MS,39401,PetVet Care Centers,KKR
Town and Country Animal Hospital,Hattiesburg,MS,39402,Heartland Veterinary Partners,Gryphon Investors
Animal Medical Center of Hernando,Hernando,MS,38632,Alliance Animal Health,L Catterton and LightBay Capital
Hernando Animal Clinic,Hernando,MS,38632,Innovetive Pet Care,Metalmark Capital
Horn Lake Animal Hospital,Horn Lake,MS,38637,Mission Pet Health,Silver Lake and Shore Capital Partners
Banfield Jackson,Jackson,MS,39213,Banfield,Mars
North State Animal & Bird Hospital,Jackson,MS,39206,NVA,JAB Holdings
North Jones Animal Hospital,Laurel,MS,39440,Alliance Animal Health,L Catterton and LightBay Capital
Saw Mill Animal Hospital,Laurel,MS,39440,Alliance Animal Health,L Catterton and LightBay Capital
Sawmill Animal Hospital,Laurel,MS,39440,Alliance Animal Health,L Catterton and LightBay Capital
All Creatures Animal Care Center,Madison,MS,39110,Western Veterinary Partners,Tyree & D'Angelo Partners
Animal Health Center of Madison,Madison,MS,39110,NVA,JAB Holdings
Gluckstadt Animal Hospital,Madison,MS,39110,PetVet Care Centers,KKR
Mannsdale Animal Clinic,Madison,MS,39110,NVA,JAB Holdings
Bienville Animal Medical Center,Ocean Springs,MS,39564,NVA,JAB Holdings
Cat and Cow Veterinary Clinic,Olive Branch,MS,38654,PetVet Care Centers,KKR
PetSuites Olive Branch,Olive Branch,MS,38654,NVA,JAB Holdings
Animal Clinic of Oxford,Oxford,MS,38655,Mission Pet Health,Silver Lake and Shore Capital Partners
Crossroads Animal Hospital,Oxford,MS,38655,American Veterinary Group,Oak Hill Capital
Pampered Paws Animal Hospital,Oxford,MS,38655,NVA,JAB Holdings
Animal Hospital of Diamondhead,Pass Christian,MS,39571,CareVet,Compass Group Equity Partners
Crooked Creek Animal Hospital,Pelahatchie,MS,39145,Alliance Animal Health,L Catterton and LightBay Capital
Petal Animal Clinic,Petal,MS,39465,NVA,JAB Holdings
Picayune Veterinary Clinic,Picayune,MS,39466,PetVet Care Centers,KKR
Senatobia Animal Hospital,Senatobia,MS,38668,Alliance Animal Health,L Catterton and LightBay Capital
DeSoto County Animal Clinic,Southaven,MS,38671,Heartland Veterinary Partners,Gryphon Investors
Elmore Road Veterinary Clinic,Southaven,MS,38671,Innovetive Pet Care,Metalmark Capital
Precious Paws Animal Hospital,Southaven,MS,38672,Heartland Veterinary Partners,Gryphon Investors
Stateline Animal Clinic,Southaven,MS,38671,Western Veterinary Partners,Tyree & D'Angelo Partners
All Animal Hospital,Tupelo,MS,38801,Innovetive Pet Care,Metalmark Capital
Mill Village Animal Hospital,Tupelo,MS,38804,AmeriVet,AEA Investors and Abu Dhabi Investment Authority (ADIA)
Animal Medical Clinic of Vicksburg,Vicksburg,MS,39183,Alliance Animal Health,L Catterton and LightBay Capital
Wiggins Veterinary Hospital,Wiggins,MS,39577,PetVet Care Centers,KKR
Bigfork Animal Hospital,Bigfork,MT,59911,Blue River PetCare,Partners Group
Best Friends Animal Hospital and Urgent Care Center,Billings,MT,59105,VetCor,Harvest Partners
Moore Lane Veterinary Hospital & 24-7 Emergency,Billings,MT,59101,NVA,JAB Holdings
Shiloh Veterinary Hospital,Billings,MT,59106,NVA,JAB Holdings
Skyview Veterinary Hospital,Billings,MT,59105,NVA,JAB Holdings
The Animal Hospital of Billings,Billings,MT,59105,NVA,JAB Holdings
All West Veterinary Hospital,Bozeman,MT,59718,Western Veterinary Partners,Tyree & D'Angelo Partners
Banfield Bozeman,Bozeman,MT,59718,Banfield,Mars
Black Dog Veterinary Services,Bozeman,MT,59718,NVA,JAB Holdings
Gallatin Veterinary Hospital,Bozeman,MT,59718,Lakefield Veterinary Group,Desmarais family and Peloton Capital Management
VCA Amherst Animal Hospital,Butte,MT,59701,VCA,Mars
Best Friends Animal Hospital,Great Falls,MT,59405,VetCor,Harvest Partners
Big Sky Animal Medical Center,Great Falls,MT,59405,NVA,JAB Holdings
Animal Care Center Hardin,Hardin,MT,59034,Western Veterinary Partners,Tyree & D'Angelo Partners
Alpine Animal Clinic,Helena,MT,59601,Western Veterinary Partners,Tyree & D'Angelo Partners
Animal Center Veterinary Hospital,Helena,MT,59601,Blue River PetCare,Partners Group
Spring Meadow Animal Clinic,Helena,MT,59601,Blue River PetCare,Partners Group
Animal Clinic of Kalispell,Kalispell,MT,59901,Western Veterinary Partners,Tyree & D'Angelo Partners
Friendship Veterinary Center,Laurel,MT,59044,NVA,JAB Holdings
Animal Blessings Pet Hospital,Missoula,MT,59804,Western Veterinary Partners,Tyree & D'Angelo Partners
Animal Clinic,Missoula,MT,59803,Blue River PetCare,Partners Group
Four Paws Veterinary Clinic,Missoula,MT,59808,Blue River PetCare,Partners Group
Grant Creek Veterinary Services,Missoula,MT,59808,Western Veterinary Partners,Tyree & D'Angelo Partners
Missoula Vet Clinic,Missoula,MT,59804,NVA,JAB Holdings
Pruyn Veterinary Hospital,Missoula,MT,59808,NVA,JAB Holdings
Animal Hospital of East Davie,Advance,NC,27006,Western Veterinary Partners,Tyree & D'Angelo Partners
Hillsdale Animal Hospital,Advance,NC,27006,VetCor,Harvest Partners
Village Way Veterinary,Advance,NC,27006,Mission Pet Health,Silver Lake and Shore Capital Partners
Bear Creek Veterinary Hospital,Albemarle,NC,28001,EverVet Partners,Freeman Spogli and Tailwind Capital
Animal Hospital of Peak Plaza,Apex,NC,27523,American Veterinary Group,Oak Hill Capital
Banfield Apex,Apex,NC,27502,Banfield,Mars
GoodVets Apex,Apex,NC,27502,GoodVets,General Atlantic
VCA Apex Animal Hospital,Apex,NC,27539,VCA,Mars
Archdale Animal Clinic,Archdale,NC,27263,Innovetive Pet Care,Metalmark Capital
Avery Creek Pet Hospital,Arden,NC,28704,Mission Pet Health,Silver Lake and Shore Capital Partners
Banfield Asheville Airport Rd,Arden,NC,28704,Banfield,Mars
Pinnacle Animal Hospital,Arden,NC,28704,Heartland Veterinary Partners,Gryphon Investors
WNC Veterinary Hospital,Arden,NC,28704,Mission Pet Health,Silver Lake and Shore Capital Partners
Animal Hospital Randolph,Asheboro,NC,27205,United Veterinary Care,Nordic Capital
Asheboro Animal Hospital,Asheboro,NC,27205,American Veterinary Group,Oak Hill Capital
Animal Hospital East,Asheville,NC,28805,Blue River PetCare,Partners Group
Animal Hospital of North Asheville,Asheville,NC,28804,PetVet Care Centers,KKR
Asheville Veterinary Associates - South,Asheville,NC,28803,NVA,JAB Holdings
Asheville Veterinary Associates - West,Asheville,NC,28806,NVA,JAB Holdings
Banfield Asheville N,Asheville,NC,28805,Banfield,Mars
Carolina Family Vet,Asheville,NC,28806,Heartland Veterinary Partners,Gryphon Investors
Charlotte Street Animal Hospital,Asheville,NC,28801,Mission Pet Health,Silver Lake and Shore Capital Partners
East Asheville Family Vet,Asheville,NC,28805,Heartland Veterinary Partners,Gryphon Investors
MedVet Asheville,Asheville,NC,28806,MedVet,Minority stake by Leonard Green & Partners
South Asheville Veterinary Emergency & Specialty (SAVES),Asheville,NC,28803,Ethos Veterinary Health,JAB Holdings
The Pet Vet on Patton,Asheville,NC,28806,Mission Pet Health,Silver Lake and Shore Capital Partners
VEG Asheville,Asheville,NC,28803,VEG (Veterinary Emergency Group),D1 Capital & Fidelity
South Point Pet Hospital,Belmont,NC,28012,American Veterinary Group,Oak Hill Capital
UrgentVet Belmont,Belmont,NC,28012,American Veterinary Group,Oak Hill Capital
The Pet Hospital,Bessemer City,NC,28016,Heartland Veterinary Partners,Gryphon Investors
Animal Hospital South,Biltmore Forest,NC,28803,Blue River PetCare,Partners Group
Animal Hospital Biscoe,Biscoe,NC,27209,United Veterinary Care,Nordic Capital
Animal Emergency Clinic of the High Country,Boone,NC,28607,VetCor,Harvest Partners
Appalachian New River Veterinary Associates,Boone,NC,28607,NVA,JAB Holdings
Pet Care Clinic of the High Country,Boone,NC,28607,VetCor,Harvest Partners
Brevard Animal Hospital,Brevard,NC,28712,Mission Pet Health,Silver Lake and Shore Capital Partners
Bunn Animal Hospital,Bunn,NC,27508,Blue River PetCare,Partners Group
Banfield Burlington Church,Burlington,NC,27215,Banfield,Mars
Westbrook Animal Hospital,Burlington,NC,27215,VetCor,Harvest Partners
Coastal Animal Hospital of Hatteras Island,Buxton,NC,27920,VetCor,Harvest Partners
VCA Seaside Animal Hospital,Calabash,NC,28467,VCA,Mars
Lakeside Animal Hospital,Cameron,NC,28326,American Veterinary Group,Oak Hill Capital
Carolina Beach Animal Hospital,Carolina Beach,NC,28428,Mission Pet Health,Silver Lake and Shore Capital Partners
Kindred Heart Animal Hospital,Carrboro,NC,27510,The Vets Pets,Privately funded corporate consolidator
Carthage Animal Hospital,Carthage,NC,28327,VetCor,Harvest Partners
VCA Whispering Pines Animal Hospital,Carthage,NC,28327,VCA,Mars
Animal Eye Care Associates - Cary,Cary,NC,27518,Community Veterinary Partners,OMERS
Banfield Cary,Cary,NC,27518,Banfield,Mars
Banfield Cary Stonebridge,Cary,NC,27518,Banfield,Mars
BluePearl Pet Hospital Cary,Cary,NC,27518,BluePearl Pet Hospital,Mars
Carpenter Animal Hospital and Pet Inn,Cary,NC,27519,Mission Pet Health,Silver Lake and Shore Capital Partners
Cary,Cary,NC,27518,Petfolk,Undisclosed
Cary Veterinary Hospital,Cary,NC,27513,NVA,JAB Holdings
CVCA Cardiac Care for Pets,Cary,NC,27518,Mission Pet Health,Silver Lake and Shore Capital Partners
Gentle Care Animal Hospital at Ten Ten,Cary,NC,27518,Thrive Pet Healthcare,TSG Consumer Partners
GoodVets Cary,Cary,NC,27519,GoodVets,General Atlantic
Kildaire Animal Medical Center,Cary,NC,27511,Thrive Pet Healthcare,TSG Consumer Partners
Noah's Ark Veterinary Hospital,Cary,NC,27513,Mission Pet Health,Silver Lake and Shore Capital Partners
Pet Palace Cary,Cary,NC,27519,Destination Pet,L1 Health
UrgentVet Cary,Cary,NC,27518,American Veterinary Group,Oak Hill Capital
VCA Cornerstone Animal Hospital,Cary,NC,27519,VCA,Mars
VCA Parkway Animal Hospital,Cary,NC,27513,VCA,Mars
VEG Cary,Cary,NC,27518,VEG (Veterinary Emergency Group),D1 Capital & Fidelity
Vetco Total Care - Cary,Cary,NC,27518,Vetco Total Care,Petco
CityVet - Chapel Hill Veterinary Clinic & Urgent Care,Chapel Hill,NC,27514,CityVet,RiverGlade Capital
Cole Park Veterinary Hospital,Chapel Hill,NC,27516,NVA,JAB Holdings
Dogwood Veterinary Hospital and Pet Resort,Chapel Hill,NC,27517,American Veterinary Group,Oak Hill Capital
Kindred Heart Animal Hospital at Governors Village,Chapel Hill,NC,27517,The Vets Pets,Privately funded corporate consolidator
UrgentVet Chapel Hill,Chapel Hill,NC,27514,American Veterinary Group,Oak Hill Capital
VCA Legion Road Animal Hospital,Chapel Hill,NC,27517,VCA,Mars
VCA Timberlyne Animal Hospital,Chapel Hill,NC,27514,VCA,Mars
VEG Chapel Hill,Chapel Hill,NC,27514,VEG (Veterinary Emergency Group),D1 Capital & Fidelity
Animal Dermatology Clinic Charlotte,Charlotte,NC,28273,Animal Dermatology Clinic,Percheron Capital
Atrium Animal Hospital,Charlotte,NC,28226,VetCor,Harvest Partners
Ballantyne,Charlotte,NC,28277,Petfolk,Undisclosed
Banfield Blakeney,Charlotte,NC,28277,Banfield,Mars
Banfield Charlotte,Charlotte,NC,28211,Banfield,Mars
Banfield Charlotte Ballantyne,Charlotte,NC,28277,Banfield,Mars
Banfield Charlotte N,Charlotte,NC,28262,Banfield,Mars
Banfield Charlotte Rea Farms,Charlotte,NC,28277,Banfield,Mars
Banfield Charlotte SouthPark,Charlotte,NC,28210,Banfield,Mars
Banfield Charlotte SW,Charlotte,NC,28273,Banfield,Mars
Banfield Highland Creek,Charlotte,NC,28269,Banfield,Mars
Banfield North Lake Mall,Charlotte,NC,28216,Banfield,Mars
Banfield Pineville,Charlotte,NC,28273,Banfield,Mars
Carmel Road Animal Hospital,Charlotte,NC,28226,Mission Pet Health,Silver Lake and Shore Capital Partners
Carolina Veterinary Specialists,Charlotte,NC,28273,PetVet Care Centers,KKR
CityVet - Charlotte Uptown Veterinary Clinic & Urgent Care,Charlotte,NC,28202,CityVet,RiverGlade Capital
CityVet - Lower South End,Charlotte,NC,28209,CityVet,RiverGlade Capital
Club Fetch,Charlotte,NC,28203,Destination Pet,L1 Health
Crown Town Animal Hospital,Charlotte,NC,28206,The Vets Pets,Privately funded corporate consolidator
Farmington Village,Charlotte,NC,28215,Community Veterinary Partners,OMERS
GoodVets Colony Place,Charlotte,NC,28226,GoodVets,General Atlantic
GoodVets Montford,Charlotte,NC,28209,GoodVets,General Atlantic
GoodVets Myers Park,Charlotte,NC,28207,GoodVets,General Atlantic
GoodVets Plaza Midwood,Charlotte,NC,28205,GoodVets,General Atlantic
GoodVets Prosperity Village,Charlotte,NC,28269,GoodVets,General Atlantic
Harris Boulevard Veterinary Clinic,Charlotte,NC,28269,VetCor,Harvest Partners
Independence Veterinary Clinic,Charlotte,NC,28227,Veterinary Practice Partners,Audax Private Equity
Livewell Animal Hospital of Elizabeth,Charlotte,NC,28204,Mission Pet Health,Silver Lake and Shore Capital Partners
Livewell Animal Urgent Care of South End,Charlotte,NC,28203,Mission Pet Health,Silver Lake and Shore Capital Partners
Mixed Pet Veterinary Hospital,Charlotte,NC,28277,VetEvolve,Varsity Healthcare Partners
Pet Palace Charlotte,Charlotte,NC,28208,Destination Pet,L1 Health
Pet Palace Charlotte South,Charlotte,NC,28273,Destination Pet,L1 Health
PetSuites Charlotte Airport,Charlotte,NC,28217,NVA,JAB Holdings
PetSuites Prosperity Ridge,Charlotte,NC,28269,NVA,JAB Holdings
PetSuites Wendover,Charlotte,NC,28205,NVA,JAB Holdings
Piper Glen Animal Hospital,Charlotte,NC,28277,Mission Pet Health,Silver Lake and Shore Capital Partners
Providence Animal Hospital,Charlotte,NC,28277,PetVet Care Centers,KKR
Quail Hollow Veterinary Hospital,Charlotte,NC,28210,PetVet Care Centers,KKR
Sharon Lakes Animal Hospital,Charlotte,NC,28210,PetVet Care Centers,KKR
SouthPark,Charlotte,NC,28211,Petfolk,Undisclosed
Spay Neuter Clinic of the Carolinas,Charlotte,NC,28277,Heartland Veterinary Partners,Gryphon Investors
Thrive Pet Healthcare Mallard Creek,Charlotte,NC,28262,Thrive Pet Healthcare,TSG Consumer Partners
TotalBond - Riverbend Veterinary PetCare Hospital,Charlotte,NC,28216,Veterinary Practice Partners,Audax Private Equity
Uptown Veterinary Hospital,Charlotte,NC,28202,Mission Pet Health,Silver Lake and Shore Capital Partners
UrgentVet Ballantyne,Charlotte,NC,28277,American Veterinary Group,Oak Hill Capital
VCA Stoney Creek Animal Hospital,Charlotte,NC,28262,VCA,Mars
VEG Charlotte,Charlotte,NC,28210,VEG (Veterinary Emergency Group),D1 Capital & Fidelity
Vetco Total Care - Charlotte,Charlotte,NC,28226,Vetco Total Care,Petco
Whole Pet Veterinary Hospital (South Charlotte),Charlotte,NC,28226,Mission Pet Health,Silver Lake and Shore Capital Partners
Cherryville Animal Hospital,Cherryville,NC,28021,American Veterinary Group,Oak Hill Capital
Clayton Animal Hospital,Clayton,NC,27520,Mission Pet Health,Silver Lake and Shore Capital Partners
Plantation Park Animal Hospital,Clayton,NC,27527,Alliance Animal Health,L Catterton and LightBay Capital
PriorityPet Urgent Care of Clayton,Clayton,NC,27520,Alliance Animal Health,L Catterton and LightBay Capital
Animal Hospital of Clemmons,Clemmons,NC,27012,PetVet Care Centers,KKR
Bonnie Brae Veterinary Hospital,Columbus,NC,28722,Mission Pet Health,Silver Lake and Shore Capital Partners
Tryon Equine Hospital,Columbus,NC,28722,Altano Group,Ufenau Capital Partners
Banfield Concord,Concord,NC,28027,Banfield,Mars
Coddle Creek Animal Hospital,Concord,NC,28027,Mission Pet Health,Silver Lake and Shore Capital Partners
Concord,Concord,NC,28027,Petfolk,Undisclosed
Foster Animal Clinic at Parkway Commons,Concord,NC,28027,Mission Pet Health,Silver Lake and Shore Capital Partners
Foster Animal Hospital,Concord,NC,28027,Mission Pet Health,Silver Lake and Shore Capital Partners
Poplar Animal Hospital,Concord,NC,28027,Mission Pet Health,Silver Lake and Shore Capital Partners
Conover Veterinary Hospital,Conover,NC,28613,CareVet,Compass Group Equity Partners
Countryside Pet Hospital,Conover,NC,28613,VetCor,Harvest Partners
Animal Hospital of Cornelius,Cornelius,NC,28031,VetCor,Harvest Partners
Banfield Cornelius,Cornelius,NC,28031,Banfield,Mars
Bedrock Veterinary Specialists,Cornelius,NC,28031,Mission Pet Health,Silver Lake and Shore Capital Partners
Camp Wagging Tails,Cornelius,NC,28031,Destination Pet,L1 Health
North Mecklenburg Animal Hospital,Cornelius,NC,28031,NVA,JAB Holdings
Whole Pet Veterinary Hospital (Davidson),Davidson,NC,28036,Mission Pet Health,Silver Lake and Shore Capital Partners
Animal Dermatology Clinic Denver,Denver,NC,28037,Animal Dermatology Clinic,Percheron Capital
Denver Animal Emergency Denver,Denver,NC,28037,BluePearl Pet Hospital,Mars
Animal Eye Care Associates - Durham,Durham,NC,27713,Community Veterinary Partners,OMERS
Banfield Durham N,Durham,NC,27705,Banfield,Mars
Banfield Durham S,Durham,NC,27707,Banfield,Mars
Banfield Durham Southpoint,Durham,NC,27713,Banfield,Mars
BluePearl Pet Hospital Durham,Durham,NC,27707,BluePearl Pet Hospital,Mars
Carver Street Animal Hospital,Durham,NC,27705,NVA,JAB Holdings
Cornwallis Road Animal Hospital,Durham,NC,27707,The Vets Pets,Privately funded corporate consolidator
Creature Comforts Inn,Durham,NC,27707,The Vets Pets,Privately funded corporate consolidator
Falconbridge Animal Hospital,Durham,NC,27707,Mission Pet Health,Silver Lake and Shore Capital Partners
North Paw Animal Hospital,Durham,NC,27712,NVA,JAB Holdings
Park Veterinary Hospital,Durham,NC,27713,Community Veterinary Partners,OMERS
Southpoint Animal Hospital,Durham,NC,27713,Mission Pet Health,Silver Lake and Shore Capital Partners
Sunny Acres Pet Resort,Durham,NC,27705,Destination Pet,L1 Health
Triangle Veterinary Hospital,Durham,NC,27707,Mission Pet Health,Silver Lake and Shore Capital Partners
Triangle Veterinary Referral Hospital of Durham,Durham,NC,27705,Community Veterinary Partners,OMERS
Vetco Total Care - Durham,Durham,NC,27713,Vetco Total Care,Petco
Veterinary Dental Clinicof North Carolina,Durham,NC,27705,Mission Pet Health,Silver Lake and Shore Capital Partners
Westside Animal Hospital,Durham,NC,27705,Mission Pet Health,Silver Lake and Shore Capital Partners
Chowan Animal Hospital,Edenton,NC,27932,Innovetive Pet Care,Metalmark Capital
Pasquotank Animal Hospital,Elizabeth City,NC,27909,American Veterinary Group,Oak Hill Capital
Animal Ark Veterinary Hospital,Elkin,NC,28621,Heartland Veterinary Partners,Gryphon Investors
State Road Animal Hospital,Elkin,NC,28621,Heartland Veterinary Partners,Gryphon Investors
Wilson Veterinary Hospital,Elm City,NC,27822,The Vets Pets,Privately funded corporate consolidator
Ambassador Animal Hospital,Fayetteville,NC,28311,VetCor,Harvest Partners
Banfield Fayetteville,Fayetteville,NC,28303,Banfield,Mars
Cape Fear Animal Hospital,Fayetteville,NC,28303,NVA,JAB Holdings
Dogwood Animal Hospital,Fayetteville,NC,28303,NVA,JAB Holdings
Highland Animal Hospital,Fayetteville,NC,28303,AmeriVet,AEA Investors and Abu Dhabi Investment Authority (ADIA)
Points East Veterinary Emergency Hospital of Fayetteville,Fayetteville,NC,28303,The Vets Pets,Privately funded corporate consolidator
Riverbark Veterinary Hospital,Fayetteville,NC,28301,Mission Pet Health,Silver Lake and Shore Capital Partners
Seventy First Animal Hospital,Fayetteville,NC,28304,Mission Pet Health,Silver Lake and Shore Capital Partners
Western Carolina Regional Animal Hospital,Flat Rock,NC,28731,PetVet Care Centers,KKR
Fletcher Animal Hospital,Fletcher,NC,28732,Heartland Veterinary Partners,Gryphon Investors
White Oak Veterinary Hospital,Fletcher,NC,28732,The Vets Pets,Privately funded corporate consolidator
Noah’s Ark Companion Animal Hospital,Franklin,NC,28734,AmeriVet,AEA Investors and Abu Dhabi Investment Authority (ADIA)
Hilltop Animal Hospital,Fuquay Varina,NC,27526,Mission Pet Health,Silver Lake and Shore Capital Partners
Academy East Veterinary Hospital,Fuquay-Varina,NC,27526,Mission Pet Health,Silver Lake and Shore Capital Partners
VCA Broad Street Animal Hospital,Fuquay-Varina,NC,27526,VCA,Mars
Banfield Garner,Garner,NC,27529,Banfield,Mars
Banfield White Oak,Garner,NC,27529,Banfield,Mars
Banfield Gastonia,Gastonia,NC,28056,Banfield,Mars
Carolina Cat Clinic,Gastonia,NC,28054,Community Veterinary Partners,OMERS
Gaston Veterinary Hospital,Gastonia,NC,28054,Community Veterinary Partners,OMERS
Grace Animal Hospital,Gastonia,NC,28054,VetCor,Harvest Partners
Lineberger Veterinary Hospital,Gastonia,NC,28056,American Veterinary Group,Oak Hill Capital
UrgentVet Gastonia,Gastonia,NC,28054,American Veterinary Group,Oak Hill Capital
Wilkinson Animal Hospital,Gastonia,NC,28056,Mission Pet Health,Silver Lake and Shore Capital Partners
Goldsboro Veterinary Hospital,Goldsboro,NC,27530,CareVet,Compass Group Equity Partners
Eastern Shore Animal Hospital and Urgent Care,Grandy,NC,27939,The Vets Pets,Privately funded corporate consolidator
Club Canine,Granite Falls,NC,28630,Destination Pet,L1 Health
Lake Hickory Veterinary Hospital,Granite Falls,NC,28630,American Veterinary Group,Oak Hill Capital
Animal Medical Centre of Greensboro,Greensboro,NC,27407,Heartland Veterinary Partners,Gryphon Investors
Banfield Greensboro E,Greensboro,NC,27408,Banfield,Mars
Banfield Greensboro N,Greensboro,NC,27410,Banfield,Mars
Banfield Greensboro S,Greensboro,NC,27407,Banfield,Mars
Bel-Aire Veterinary Hospital,Greensboro,NC,27409,Western Veterinary Partners,Tyree & D'Angelo Partners
Best Friends Bed & Breakfast,Greensboro,NC,27455,Destination Pet,L1 Health
Carolina Veterinary Specialists,Greensboro,NC,27409,PetVet Care Centers,KKR
Cat Clinic of Greensboro,Greensboro,NC,27408,NVA,JAB Holdings
Cobb Animal Clinic,Greensboro,NC,27408,Innovetive Pet Care,Metalmark Capital
Country Kennel,Greensboro,NC,27455,Destination Pet,L1 Health
Friendly Animal Clinic,Greensboro,NC,27410,PetVet Care Centers,KKR
Guilford-Jamestown Veterinary Hospital,Greensboro,NC,27409,PetVet Care Centers,KKR
North Elm Animal Hospital,Greensboro,NC,27455,Encore Vet Group,North Castle Partners
PetSuites Greensboro,Greensboro,NC,27407,NVA,JAB Holdings
Reidsville Veterinary Hospital,Greensboro,NC,27401,Western Veterinary Partners,Tyree & D'Angelo Partners
Southeast Community Animal Hospital,Greensboro,NC,27406,Western Veterinary Partners,Tyree & D'Angelo Partners
Animal Care of Greenville,Greenville,NC,27858,Encore Vet Group,North Castle Partners
Animal Hospital of Pitt County,Greenville,NC,27834,Mission Pet Health,Silver Lake and Shore Capital Partners
Banfield Greenville,Greenville,NC,27858,Banfield,Mars
Points East Veterinary Emergency Hospital of Greenville,Greenville,NC,27834,The Vets Pets,Privately funded corporate consolidator
Tenth Street Animal Hospital,Greenville,NC,27858,Mission Pet Health,Silver Lake and Shore Capital Partners
Trinity Veterinary Hospital,Greenville,NC,27834,Encore Vet Group,North Castle Partners
Pet Health of Hampstead,Hampstead,NC,28443,The Vets Pets,Privately funded corporate consolidator
Banfield Harrisburg,Harrisburg,NC,28075,Banfield,Mars
PetSuites Harrisburg,Harrisburg,NC,28075,NVA,JAB Holdings
Emergency Pet Hospital Of Craven-Carteret,Havelock,NC,28532,AmeriVet,AEA Investors and Abu Dhabi Investment Authority (ADIA)
Hendersonville Veterinary Hospital,Hendersonville,NC,28792,Heartland Veterinary Partners,Gryphon Investors
Animal Hospital North,Hickory,NC,28601,VetCor,Harvest Partners
Banfield Hickory,Hickory,NC,28602,Banfield,Mars
Carolina Animal Specialty & Emergency,Hickory,NC,28601,Innovetive Pet Care,Metalmark Capital
Viewmont Animal Hospital,Hickory,NC,28601,NVA,JAB Holdings
Banfield High Point,High Point,NC,27262,Banfield,Mars
High Point Veterinary Hospital,High Point,NC,27263,Community Veterinary Partners,OMERS
Skeet Club Veterinary Hospital,High Point,NC,27265,Veterinary Practice Partners,Audax Private Equity
Total Care Veterinary Hospital,High Point,NC,27260,Veterinary Practice Partners,Audax Private Equity
Westchester Veterinary Hospital,High Point,NC,27262,Innovetive Pet Care,Metalmark Capital
Healing Paws Veterinary Hospital,Hillsborough,NC,27278,The Vets Pets,Privately funded corporate consolidator
Piedmont Veterinary Clinic,Hillsborough,NC,27278,Mission Pet Health,Silver Lake and Shore Capital Partners
Holly Ridge Veterinary Hospital,Holly Ridge,NC,28445,The Vets Pets,Privately funded corporate consolidator
Hemlock Bluffs Animal Hospital,Holly Springs,NC,27540,Mission Pet Health,Silver Lake and Shore Capital Partners
Holly Springs,Holly Springs,NC,27540,Petfolk,Undisclosed
Holly Springs Veterinary Hospital,Holly Springs,NC,27540,The Vets Pets,Privately funded corporate consolidator
Triangle Veterinary Referral Hospital of Holly Springs,Holly Springs,NC,27540,Community Veterinary Partners,OMERS
Trinity Animal Hospital,Holly Springs,NC,27540,Thrive Pet Healthcare,TSG Consumer Partners
Vetco Total Care - Holly Springs,Holly Springs,NC,27540,Vetco Total Care,Petco
Hudson Animal Hospital,Hudson,NC,28638,Suveto,Levine Leichtman Capital
Carolina Veterinary Specialists,Huntersville,NC,28078,PetVet Care Centers,KKR
Huntersville,Huntersville,NC,28078,Petfolk,Undisclosed
LakeCross Veterinary Hospital,Huntersville,NC,28078,PetVet Care Centers,KKR
Livewell Animal Hospital of Huntersville,Huntersville,NC,28078,Mission Pet Health,Silver Lake and Shore Capital Partners
NewDay Veterinary Care Lake Norman,Huntersville,NC,28078,NewDay Veterinary Care / Pet Paradise,Crane Group
UrgentVet Huntersville,Huntersville,NC,28078,American Veterinary Group,Oak Hill Capital
Vetco Total Care - Huntersville,Huntersville,NC,28078,Vetco Total Care,Petco
PetSuites Indian Trail,Indian Trail,NC,28079,NVA,JAB Holdings
Banfield Jacksonville,Jacksonville,NC,28546,Banfield,Mars
Banfield Jacksonville - Western,Jacksonville,NC,28546,Banfield,Mars
Costal Veterinary Emergency Clinic,Jacksonville,NC,28546,Community Veterinary Partners,OMERS
Banfield South Ridge,Kannapolis,NC,28083,Banfield,Mars
Kernersville Veterinary Hospital,Kernersville,NC,27284,NVA,JAB Holdings
Vetco Total Care - Kernersville,Kernersville,NC,27284,Vetco Total Care,Petco
Five Oaks Animal Hospital,Kinston,NC,28504,PetVet Care Centers,KKR
Riverbank Animal Hospital,Kinston,NC,28504,Veterinary Practice Partners,Audax Private Equity
Kittrell Animal Hospital,Kittrell,NC,27544,PetVet Care Centers,KKR
Coastal Animal Hospital,Kitty Hawk,NC,27949,VetCor,Harvest Partners
Martin's Point Veterinary Hospital,Kitty Hawk,NC,27949,NVA,JAB Holdings
Banfield Knightdale,Knightdale,NC,27545,Banfield,Mars
CVCA Cardiac Care for Pets,Knightdale,NC,27545,Mission Pet Health,Silver Lake and Shore Capital Partners
Knightdale Animal Hospital,Knightdale,NC,27545,The Vets Pets,Privately funded corporate consolidator
Smithfield Road Veterinary Hospital,Knightdale,NC,27545,PetVet Care Centers,KKR
Wake Veterinary Medical Center,Knightdale,NC,27545,The Vets Pets,Privately funded corporate consolidator
Academy Animal Hospital,Laurinburg,NC,28352,American Veterinary Group,Oak Hill Capital
PriorityPet Urgent Care of Leland,Leland,NC,28451,Alliance Animal Health,L Catterton and LightBay Capital
Caldwell Animal Hospital,Lenoir,NC,28645,American Veterinary Group,Oak Hill Capital
Lenoir Veterinary Hospital,Lenoir,NC,28645,NVA,JAB Holdings
Animal Hospital of Lewisville,Lewisville,NC,27023,Innovetive Pet Care,Metalmark Capital
Buies Creek Veterinary Hospital,Lillington,NC,27546,Mission Pet Health,Silver Lake and Shore Capital Partners
Lillington Veterinary Hospital & Boarding,Lillington,NC,27546,EverVet Partners,Freeman Spogli and Tailwind Capital
Lincolnton Animal Hospital,Lincolnton,NC,28092,American Veterinary Group,Oak Hill Capital
Louisburg Veterinary Hospital,Louisburg,NC,27549,The Vets Pets,Privately funded corporate consolidator
Crestview Veterinary Hospital,Marion,NC,28752,Veterinary Innovative Partners,Health Enterprise Partners
Banfield Matthews,Matthews,NC,28105,Banfield,Mars
BluePearl Pet Hospital,Matthews,NC,28105,BluePearl Pet Hospital,Mars
Carolina Veterinary Specialists,Matthews,NC,28104,PetVet Care Centers,KKR
NewDay Veterinary Care,Matthews,NC,28105,NewDay Veterinary Care / Pet Paradise,Crane Group
Plantation Animal Clinic,Matthews,NC,28105,Thrive Pet Healthcare,TSG Consumer Partners
UrgentVet Matthews,Matthews,NC,28105,American Veterinary Group,Oak Hill Capital
Mebane Pet Clinic,Mebane,NC,27302,Mission Pet Health,Silver Lake and Shore Capital Partners
Mint Hill Animal Hospital,Mint Hill,NC,28227,Encore Vet Group,North Castle Partners
Banfield Monroe,Monroe,NC,28110,Banfield,Mars
Mercy Animal Hospital,Monroe,NC,28110,Mission Pet Health,Silver Lake and Shore Capital Partners
Monroe Animal Hospital,Monroe,NC,28110,VetCor,Harvest Partners
Sun Valley Animal Hospital,Monroe,NC,28110,Mission Pet Health,Silver Lake and Shore Capital Partners
Banfield Mooresville,Mooresville,NC,28117,Banfield,Mars
Harbor Point Animal Hospital,Mooresville,NC,28117,Encore Vet Group,North Castle Partners
Lake Norman Animal Hospital,Mooresville,NC,28117,PetVet Care Centers,KKR
TotalBond Veterinary Hospital at Davidson,Mooresville,NC,28115,Veterinary Practice Partners,Audax Private Equity
Banfield Morehead City,Morehead City,NC,28557,Banfield,Mars
Mitchell Village Animal Hospital,Morehead City,NC,28557,Alliance Animal Health,L Catterton and LightBay Capital
Petdocks Veterinary Hospital,Morehead City,NC,28557,AmeriVet,AEA Investors and Abu Dhabi Investment Authority (ADIA)
Healthy Petz Family Vet,Morganton,NC,28655,Heartland Veterinary Partners,Gryphon Investors
Banfield Morrisville,Morrisville,NC,27560,Banfield,Mars
GoodVets Morrisville,Morrisville,NC,27560,GoodVets,General Atlantic
Preston Animal Hospital,Morrisville,NC,27560,Thrive Pet Healthcare,TSG Consumer Partners
PriorityPet Urgent Care of Morrisville,Morrisville,NC,27560,Alliance Animal Health,L Catterton and LightBay Capital
Shiloh Animal Hospital,Morrisville,NC,27560,Mission Pet Health,Silver Lake and Shore Capital Partners
Animal Medical Services ( Blue Ridge),Mount Airy,NC,27030,Heartland Veterinary Partners,Gryphon Investors
Foothills Pet Healthcare Clinic,Mount Airy,NC,27030,Mission Pet Health,Silver Lake and Shore Capital Partners
Murphy Animal Clinic,Murphy,NC,28906,NVA,JAB Holdings
Nash County Animal Hospital,Nashville,NC,27856,The Vets Pets,Privately funded corporate consolidator
Wags East Pet Resort and Spa,Nashville,NC,27856,The Vets Pets,Privately funded corporate consolidator
Jill's Pet Resort,New Bern,NC,28562,Destination Pet,L1 Health
Oak Island Animal Hospital,Oak Island,NC,28465,Mission Pet Health,Silver Lake and Shore Capital Partners
Ocean Isle Veterinary Hospital,Ocean Isle Beach,NC,28469,Heartland Veterinary Partners,Gryphon Investors
Oxford Veterinary Hospital,Oxford,NC,27565,VetCor,Harvest Partners
North Star Veterinary Hospital,Parkton,NC,28371,Alliance Animal Health,L Catterton and LightBay Capital
Haw River Animal Hospital,Pittsboro,NC,27312,The Vets Pets,Privately funded corporate consolidator
Hope Crossing Animal Hospital,Pittsboro,NC,27312,PetVet Care Centers,KKR
Pittsboro Animal Hospital,Pittsboro,NC,27312,PetVet Care Centers,KKR
Armadale Animal Hospital,Raleigh,NC,27615,VetCor,Harvest Partners
Banfield Brier Creek,Raleigh,NC,27617,Banfield,Mars
Banfield Raleigh,Raleigh,NC,27616,Banfield,Mars
Banfield Raleigh Creedmoor,Raleigh,NC,27612,Banfield,Mars
Banfield Raleigh Falls Pointe,Raleigh,NC,27615,Banfield,Mars
Banfield Raleigh Leesville,Raleigh,NC,27613,Banfield,Mars
Banfield Raleigh North Ridge,Raleigh,NC,27609,Banfield,Mars
Banfield Raleigh Six Forks CLOSED,Raleigh,NC,27615,Banfield,Mars
BluePearl Pet Hospital Raleigh,Raleigh,NC,27616,BluePearl Pet Hospital,Mars
Boulevard Animal Hospital,Raleigh,NC,27606,Western Veterinary Partners,Tyree & D'Angelo Partners
Carolina Veterinary Dermatology Clinic,Raleigh,NC,27609,The Vets Pets,Privately funded corporate consolidator
Companion Pharmacy,Raleigh,NC,27612,The Vets Pets,Privately funded corporate consolidator
Cozy Cat Veterinary Hospital,Raleigh,NC,27613,VetCor,Harvest Partners
Gentle Care Animal Hospital at Tryon,Raleigh,NC,27606,Thrive Pet Healthcare,TSG Consumer Partners
Hayes Barton Animal Hospital,Raleigh,NC,27608,VetCor,Harvest Partners
Hidden Valley Animal Hospital,Raleigh,NC,27612,NVA,JAB Holdings
Leesville Animal Hospital,Raleigh,NC,27613,Community Veterinary Partners,OMERS
North Hills,Raleigh,NC,27609,Petfolk,Undisclosed
North Hills Animal Hospital & Resort,Raleigh,NC,27609,Western Veterinary Partners,Tyree & D'Angelo Partners
Oak Heart Veterinary Hospital & Emergency at South Saunders,Raleigh,NC,27603,The Vets Pets,Privately funded corporate consolidator
Oak Heart Veterinary Hospital at Dixie Trail,Raleigh,NC,27607,The Vets Pets,Privately funded corporate consolidator
Oak Heart Veterinary Hospital at Longview,Raleigh,NC,27610,The Vets Pets,Privately funded corporate consolidator
Oak Heart Veterinary Hospital at North Hills,Raleigh,NC,27609,The Vets Pets,Privately funded corporate consolidator
Oak Heart Veterinary Hospital at Person Street,Raleigh,NC,27604,The Vets Pets,Privately funded corporate consolidator
Quail Corners Animal Hospital,Raleigh,NC,27609,NVA,JAB Holdings
Raleigh Community Animal Hospital,Raleigh,NC,27609,American Veterinary Group,Oak Hill Capital
Rolesville Veterinary Hospital at Forestville Crossing,Raleigh,NC,27616,The Vets Pets,Privately funded corporate consolidator
Swift Creek Animal Hospital,Raleigh,NC,27606,Community Veterinary Partners,OMERS
UrgentVet North Raleigh,Raleigh,NC,27609,American Veterinary Group,Oak Hill Capital
VCA Durant Road Animal Hospital,Raleigh,NC,27614,VCA,Mars
VCA Triangle Tower Animal Hospital,Raleigh,NC,27610,VCA,Mars
Vetco Total Care - Raleigh,Raleigh,NC,27612,Vetco Total Care,Petco
Roanoke Animal Hospital,Roanoke Rapids,NC,27870,NVA,JAB Holdings
Banfield Rocky Mount,Rocky Mount,NC,27804,Banfield,Mars
Rolesville Veterinary Hospital,Rolesville,NC,27571,The Vets Pets,Privately funded corporate consolidator
Roxboro Animal Hospital,Roxboro,NC,27573,NVA,JAB Holdings
All Animals Veterinary Hospital,Sanford,NC,27330,VetCor,Harvest Partners
Banfield Sanford,Sanford,NC,27330,Banfield,Mars
Rae-Zor Grooming Boarding Daycare,Sanford,NC,27330,VetCor,Harvest Partners
Sanford Animal Hospital,Sanford,NC,27332,VetCor,Harvest Partners
Boulevard Animal Hospital,Shelby,NC,28152,VetCor,Harvest Partners
Veterinary Hospital at the Lake,Sherrills Ford,NC,28673,Heartland Veterinary Partners,Gryphon Investors
Points East Veterinary Specialty Hospital,Sims,NC,27880,The Vets Pets,Privately funded corporate consolidator
Banfield Yadkin Park,Southern Pines,NC,28387,Banfield,Mars
Pinehurst Animal Hospital and Dental Clinic,Southern Pines,NC,28387,Mission Pet Health,Silver Lake and Shore Capital Partners
Four Paws Veterinary Hospital,Southport,NC,28461,CareVet,Compass Group Equity Partners
Southport Animal Hospital,Southport,NC,28461,Mission Pet Health,Silver Lake and Shore Capital Partners
Hinkle's Pet Hospital,Spindale,NC,28160,VetCor,Harvest Partners
Riverbark Veterinary Hospital Spring Lake,Spring Lake,NC,28390,Mission Pet Health,Silver Lake and Shore Capital Partners
Scotts Creek Animal Hospital,Statesville,NC,28625,American Veterinary Group,Oak Hill Capital
Animal Hospital at Lake Brandt,Summerfield,NC,27358,Community Veterinary Partners,OMERS
Brunswick Animal Hospital,Supply,NC,28462,Mission Pet Health,Silver Lake and Shore Capital Partners
Swansboro Animal Hospital – Emergency & Trauma Center,Swansboro,NC,28584,Alliance Animal Health,L Catterton and LightBay Capital
Sylva Animal Hospital,Sylva,NC,28779,CareVet,Compass Group Equity Partners
Thomasville Veterinary Hospital,Thomasville,NC,27360,PetVet Care Centers,KKR
Tryon Equine Mobile,Troutman,NC,28166,Altano Group,Ufenau Capital Partners
Friendship Veterinary Imaging Center,Vass,NC,28394,The Vets Pets,Privately funded corporate consolidator
Small Animal Emergency Services,Vass,NC,28394,Alliance Animal Health,L Catterton and LightBay Capital
Animal Eye Care Associates - Wake Forest,Wake Forest,NC,27587,Community Veterinary Partners,OMERS
Banfield Wake Forest,Wake Forest,NC,27587,Banfield,Mars
New Light Animal Hospital,Wake Forest,NC,27587,The Vets Pets,Privately funded corporate consolidator
North Wake Animal Hospital,Wake Forest,NC,27587,PetVet Care Centers,KKR
Wake Forest,Wake Forest,NC,27587,Petfolk,Undisclosed
Wake Forest Animal Hospital,Wake Forest,NC,27587,EverVet Partners,Freeman Spogli and Tailwind Capital
Walkertown Veterinary Hospital,Walkertown,NC,27051,Alliance Animal Health,L Catterton and LightBay Capital
CityVet - Marvin,Waxhaw,NC,28173,CityVet,RiverGlade Capital
Providence Animal Hospital,Waxhaw,NC,28173,PetVet Care Centers,KKR
Animal Hospital of Waynesville,Waynesville,NC,28786,NVA,JAB Holdings
Junaluska Animal Hospital,Waynesville,NC,28786,Mission Pet Health,Silver Lake and Shore Capital Partners
Appalachian Animal Hospital,Weaverville,NC,28787,VetCor,Harvest Partners
Broad River Animal Hospital,Weaverville,NC,28787,Veterinary Practice Partners,Audax Private Equity
The Animal Hospital at Reems Creek,Weaverville,NC,28787,CareVet,Compass Group Equity Partners
Wendell Animal Hospital,Wendell,NC,27591,The Vets Pets,Privately funded corporate consolidator
Banfield Wesley Chapel,Wesley Chapel,NC,28173,Banfield,Mars
Stoney Creek Pet Lodge,Whitsett,NC,27377,Innovetive Pet Care,Metalmark Capital
Stoney Creek Veterinary Hospital,Whitsett,NC,27377,Innovetive Pet Care,Metalmark Capital
Animal Hospital of Wilkes,Wilkesboro,NC,28697,Innovetive Pet Care,Metalmark Capital
Eastern Carolina Veterinary Referral,Willmington,NC,28403,Ethos Veterinary Health,JAB Holdings
A Country Veterinary Clinic,Wilmington,NC,28405,VetCor,Harvest Partners
Animal Eye Care Associates - Wilmington,Wilmington,NC,28405,Community Veterinary Partners,OMERS
Banfield Wilmington,Wilmington,NC,28405,Banfield,Mars
Coastal Carolina Animal Hospital,Wilmington,NC,28412,CareVet,Compass Group Equity Partners
College Road Animal Hospital,Wilmington,NC,28412,Mission Pet Health,Silver Lake and Shore Capital Partners
Hanover Regional Animal Hospital,Wilmington,NC,28403,NVA,JAB Holdings
LaCroix Veterinary Hospital,Wilmington,NC,28409,The Vets Pets,Privately funded corporate consolidator
Myrtle Grove Animal Hospital,Wilmington,NC,28412,Mission Pet Health,Silver Lake and Shore Capital Partners
Paws and Claws Veterinary Hospital,Wilmington,NC,28409,Alliance Animal Health,L Catterton and LightBay Capital
The Sound Cat Veterinary Hospital,Wilmington,NC,28411,Heartland Veterinary Partners,Gryphon Investors
VCA Wrightsville Beach Animal Hospital,Wilmington,NC,28403,VCA,Mars
Wilmington Animal Healthcare Veterinary Hospital,Wilmington,NC,28411,Mission Pet Health,Silver Lake and Shore Capital Partners
Abri Veterinary Hospital,Winston-Salem,NC,27127,Heartland Veterinary Partners,Gryphon Investors
Animal Dermatology Clinic Winston-Salem,Winston-Salem,NC,27104,Animal Dermatology Clinic,Percheron Capital
Banfield Winston-Salem,Winston-Salem,NC,27103,Banfield,Mars
Banfield Winston-Salem N,Winston-Salem,NC,27105,Banfield,Mars
Carolina Veterinary Specialists,Winston-Salem,NC,27103,PetVet Care Centers,KKR
Oldtown Veterinary Hospital,Winston-Salem,NC,27106,NVA,JAB Holdings
Reynolda Veterinary Hospital,Winston-Salem,NC,27106,Encore Vet Group,North Castle Partners
Ruff Housing,Winston-Salem,NC,27104,Destination Pet,L1 Health
UrgentVet Winston-Salem,Winston-Salem,NC,27103,American Veterinary Group,Oak Hill Capital
Firetower Animal Clinic,Winterville,NC,28590,Mission Pet Health,Silver Lake and Shore Capital Partners
Winterville Animal Care,Winterville,NC,28590,Encore Vet Group,North Castle Partners
Five County Spay and Neuter Clinic,Zebulon,NC,27597,The Vets Pets,Privately funded corporate consolidator
Zebulon Animal Hospital,Zebulon,NC,27597,The Vets Pets,Privately funded corporate consolidator
Bismarck Animal Clinic & Hospital,Bismarck,ND,58503,NVA,JAB Holdings
All Pets Hospital,Grand Forks,ND,58203,CareVet,Compass Group Equity Partners
Kindness Animal Hospital,Grand Forks,ND,58201,NVA,JAB Holdings
West River Veterinary Clinic,Hettinger,ND,58639,Heritage Vet Partners,Undisclosed financial sponsor
Pinkerton Animal Hospital,Minot,ND,58703,Blue River PetCare,Partners Group
New Salem Veterinary Clinic,New Salem,ND,58563,Heritage Vet Partners,Undisclosed financial sponsor
West Fargo Animal Hospital,West Fargo,ND,58078,CareVet,Compass Group Equity Partners
Arlington Pet Hospital (FKA Rohrig Animal Hospital),Arlington,NE,68002,Alliance Animal Health,L Catterton and LightBay Capital
Heartland Pet Hospital – Bellevue,Bellevue,NE,68005,Alliance Animal Health,L Catterton and LightBay Capital
Twin Creek Animal Hospital,Bellevue,NE,68123,VetCor,Harvest Partners
Columbus Small Animal Hospital,Columbus,NE,68601,Blue River PetCare,Partners Group
Pet Care Specialists,Columbus,NE,68601,Blue River PetCare,Partners Group
Crete Veterinary Clinic,Crete,NE,68333,Alliance Animal Health,L Catterton and LightBay Capital
Pender Veterinary Clinic – Emerson,Emerson,NE,68733,Alliance Animal Health,L Catterton and LightBay Capital
Tender Care Animal Hospital,Gretna,NE,68028,CareVet,Compass Group Equity Partners
Animal Clinic,Hastings,NE,68901,Blue River PetCare,Partners Group
Nebraska Veterinary Services - Howells,Howells,NE,68641,Heritage Vet Partners,Undisclosed financial sponsor
West Villa Animal Hospital,Kearney,NE,68845,Alliance Animal Health,L Catterton and LightBay Capital
Diversified Management Co.,Laurel,NE,68745,Heritage Vet Partners,Undisclosed financial sponsor
A-4 Animal Hospital,Lincoln,NE,68502,Blue River PetCare,Partners Group
Animal Care Clinic,Lincoln,NE,68510,Alliance Animal Health,L Catterton and LightBay Capital
Antelope Creek Veterinary Healthcare Center,Lincoln,NE,68506,Blue River PetCare,Partners Group
Bailey's Deluxe Pet Care,Lincoln,NE,68502,Destination Pet,L1 Health
Belmont Veterinary Center,Lincoln,NE,68521,CareVet,Compass Group Equity Partners
Cotner Pet Care,Lincoln,NE,68510,CareVet,Compass Group Equity Partners
Nebraska Animal Medical Center,Lincoln,NE,68516,NVA,JAB Holdings
Pitts Veterinary Hospital,Lincoln,NE,68502,Blue River PetCare,Partners Group
Superior Veterinary Care,Lincoln,NE,68504,CareVet,Compass Group Equity Partners
Vetco Total Care - Lincoln,Lincoln,NE,68510,Vetco Total Care,Petco
Veterinary Emergency Services of Lincoln,Lincoln,NE,68502,Alliance Animal Health,L Catterton and LightBay Capital
Wachal Pet Health Center,Lincoln,NE,68522,Blue River PetCare,Partners Group
24th Street Animal Clinic,Omaha,NE,68108,Blue River PetCare,Partners Group
All Creatures Veterinary Clinic,Omaha,NE,68124,Blue River PetCare,Partners Group
Animal Center West Omaha,Omaha,NE,68118,CareVet,Compass Group Equity Partners
Banfield Oak View,Omaha,NE,68144,Banfield,Mars
Banfield Pet Hospital - Omaha Evans Street,Omaha,NE,68116,Banfield,Mars
Chalco Hills Animal Hospital,Omaha,NE,68136,Western Veterinary Partners,Tyree & D'Angelo Partners
Dermatology for Animals - Omaha,Omaha,NE,68144,Thrive Pet Healthcare,TSG Consumer Partners
Fort Street Veterinarian,Omaha,NE,68116,Mission Pet Health,Silver Lake and Shore Capital Partners
Goodrich Animal Hospital,Omaha,NE,68137,AmeriVet,AEA Investors and Abu Dhabi Investment Authority (ADIA)
Livewell Animal Urgent Care of Boys Town (coming soon),Omaha,NE,68114,Mission Pet Health,Silver Lake and Shore Capital Partners
Morgan Pet Clinic,Omaha,NE,68136,Western Veterinary Partners,Tyree & D'Angelo Partners
Prairie Lane Veterinary Hospital,Omaha,NE,68144,Veterinary Practice Partners,Audax Private Equity
Urgent Pet Care,Omaha,NE,68137,Alliance Animal Health,L Catterton and LightBay Capital
UrgentVet Omaha Urgent Vet,Omaha,NE,68116,American Veterinary Group,Oak Hill Capital
VCA 80 Dodge Animal Hospital,Omaha,NE,68114,VCA,Mars
VCA Animal Medical Center of Omaha,Omaha,NE,68106,VCA,Mars
VCA MidWest Veterinary Referral & Emergency Center,Omaha,NE,68127,VCA,Mars
VEG ER for Pets,Omaha,NE,68164,VEG (Veterinary Emergency Group),D1 Capital & Fidelity
Vetco Total Care - Omaha,Omaha,NE,68137,Vetco Total Care,Petco
Vetco Total Care - Omaha,Omaha,NE,68132,Vetco Total Care,Petco
Banfield Papillion,Papillion,NE,68046,Banfield,Mars
Urgent Pet Care,Papillion,NE,68046,Alliance Animal Health,L Catterton and LightBay Capital
Pender Veterinary Clinic,Pender,NE,68047,Alliance Animal Health,L Catterton and LightBay Capital
Animal Health Center of Scottsbluff,Scottsbluff,NE,69361,CareVet,Compass Group Equity Partners
Nebraska Veterinary Services - West Point,West Point,NE,68788,Heritage Vet Partners,Undisclosed financial sponsor
Nebraska Veterinary Services - Wisner,Wisner,NE,68791,Heritage Vet Partners,Undisclosed financial sponsor
Allenstown Animal Hospital,Allenstown,NH,03275,AmeriVet,AEA Investors and Abu Dhabi Investment Authority (ADIA)
Hillsborough County Veterinary Hospital,Amherst,NH,03031,VetCor,Harvest Partners
Ponemah Veterinary Hospital,Amherst,NH,03031,VetCor,Harvest Partners
Northern Lakes Veterinary Hospital,Ashland,NH,03217,AmeriVet,AEA Investors and Abu Dhabi Investment Authority (ADIA)
Bedford Pet Urgent Care,Bedford,NH,03110,Alliance Animal Health,L Catterton and LightBay Capital
Bedford Veterinary Medical Center,Bedford,NH,03110,Alliance Animal Health,L Catterton and LightBay Capital
VCA Daniel Webster Animal Hospital,Bedford,NH,03110,VCA,Mars
VCA Riverside Veterinary Hospital,Boscawen,NH,03303,VCA,Mars
Veterinary Emergency & Surgery Hospital,Brentwood,NH,03833,Community Veterinary Partners,OMERS
Brookline Animal Hospital,Brookline,NH,03033,Thrive Pet Healthcare,TSG Consumer Partners
Companion Animal Hospital,Chichester,NH,03258,AmeriVet,AEA Investors and Abu Dhabi Investment Authority (ADIA)
Claremont Animal Hospital,Claremont,NH,03743,Rarebreed Veterinary Partners,Revelstoke Capital Partners
Banfield Concord,Concord,NH,03301,Banfield,Mars
Fisherville Animal Hospital,Concord,NH,03303,VetCor,Harvest Partners
VCA Capital Area Veterinary Emergency and Specialty,Concord,NH,03301,VCA,Mars
VCA Russell Animal Hospital,Concord,NH,03301,VCA,Mars
Conway Veterinary Hospital,Conway,NH,03818,CareVet,Compass Group Equity Partners
Derry Animal Hospital,Derry,NH,03038,Suveto,Levine Leichtman Capital
Orchard Village Animal Clinic,Derry,NH,03038,Thrive Pet Healthcare,TSG Consumer Partners
The Barking Dog - Derry,Derry,NH,03038,NVA,JAB Holdings
K9 Kaos,Dover,NH,03820,Destination Pet,L1 Health
Great Bay Animal Hospital,Durham,NH,03824,VetCor,Harvest Partners
Great Bay Kennel,Durham,NH,03824,VetCor,Harvest Partners
Cornerstone Veterinary Hospital,Epping,NH,03042,CareVet,Compass Group Equity Partners
Suncook River Veterinary Clinic,Epsom,NH,03234,Rarebreed Veterinary Partners,Revelstoke Capital Partners
Epping Road Veterinary Hospital,Exeter,NH,03833,VetCor,Harvest Partners
The Barking Dog - Exeter,Exeter,NH,03833,NVA,JAB Holdings
VCA Laconia Animal Hospital,Gilford,NH,03249,VCA,Mars
North Country Animal Hospital,Gorham,NH,03581,VetCor,Harvest Partners
Greenland Veterinary Hospital,Greenland,NH,03840,Alliance Animal Health,L Catterton and LightBay Capital
Hampstead Animal Hospital,Hampstead,NH,03841,VetCor,Harvest Partners
Health & Wellness Animal Hospital,Hampton Falls,NH,03844,VetCor,Harvest Partners
Henniker Veterinary Hospital,Henniker,NH,03242,NVA,JAB Holdings
Northside Animal Hospital,Hooksett,NH,03106,Rarebreed Veterinary Partners,Revelstoke Capital Partners
The Barking Dog - Hooksett,Hooksett,NH,03106,NVA,JAB Holdings
Hopkinton Animal Hospital,Hopkinton,NH,03229,NVA,JAB Holdings
Hudson Animal Hospital,Hudson,NH,03051,Thrive Pet Healthcare,TSG Consumer Partners
Hudson Veterinary Care,Hudson,NH,03051,Rarebreed Veterinary Partners,Revelstoke Capital Partners
Lowell Road Veterinary Center,Hudson,NH,03051,Alliance Animal Health,L Catterton and LightBay Capital
Cheshire Animal Hospital,Keene,NH,03431,VetCor,Harvest Partners
Plaistow-Kingston Animal Medical Center,Kingston,NH,03848,AmeriVet,AEA Investors and Abu Dhabi Investment Authority (ADIA)
VCA Lakes Region Veterinary Hospital,Laconia,NH,03246,VCA,Mars
SAVES,Lebanon,NH,03766,Ethos Veterinary Health,JAB Holdings
Stonecliff Veterinary Clinic of New Hampshire,Lebanon,NH,03766,Alliance Animal Health,L Catterton and LightBay Capital
Stoney Brook Veterinary Hospital,Lebanon,NH,03766,NVA,JAB Holdings
Arbor Veterinary Services,Lee,NH,03861,Thrive Pet Healthcare,TSG Consumer Partners
Crossroads Animal Hospital,Londonderry,NH,03053,NVA,JAB Holdings
Lyme Veterinary Hospital,Lyme,NH,03768,VetCor,Harvest Partners
Banfield Manchester,Manchester,NH,03103,Banfield,Mars
Best Friends Animal Hospital,Manchester,NH,03103,Suveto,Levine Leichtman Capital
Goffstown Animal Hospital,Manchester,NH,03102,VetCor,Harvest Partners
Lockridge Animal Hospital,Manchester,NH,03104,VetCor,Harvest Partners
PetWellClinic - Manchester,Manchester,NH,03103,PetWellClinic,Westside Franchise Brands / local franchisee Cort Mendez
UrgentVet Manchester,Manchester,NH,03103,American Veterinary Group,Oak Hill Capital
Vetco Total Care - Manchester,Manchester,NH,03103,Vetco Total Care,Petco
Interlakes Animal Hospital,Meredith,NH,03253,VetCor,Harvest Partners
Meredith Place Veterinary Emergency,Meredith,NH,03253,Community Veterinary Partners,OMERS
Banfield Mercy,Merrimack,NH,03054,Banfield,Mars
Merrimack Veterinary Hospital,Merrimack,NH,03054,NVA,JAB Holdings
Naticook Veterinary Hospital,Merrimack,NH,03054,VetCor,Harvest Partners
Meadow Pond Animal Hospital,Moultonborough,NH,03254,VetCor,Harvest Partners
All Pets Veterinary Hospital,Nashua,NH,03062,Alliance Animal Health,L Catterton and LightBay Capital
Animal Medical Center of New England,Nashua,NH,03060,PetVet Care Centers,KKR
Banfield Nashua N,Nashua,NH,03063,Banfield,Mars
Clark Veterinary Hospital,Nashua,NH,03064,Thrive Pet Healthcare,TSG Consumer Partners
Veterinary Urgent Care – Nashua,Nashua,NH,03060,Ethos Veterinary Health,JAB Holdings
North Country Animal Hospital,North Conway,NH,03860,VetCor,Harvest Partners
Animal Care Clinic – Monadnock,Peterborough,NH,03458,AmeriVet,AEA Investors and Abu Dhabi Investment Authority (ADIA)
Lafayette Animal Hospital,Portsmouth,NH,03801,AmeriVet,AEA Investors and Abu Dhabi Investment Authority (ADIA)
Port City Veterinary Referral Hospital,Portsmouth,NH,03801,Ethos Veterinary Health,JAB Holdings
VCA Animal Medical Center,Portsmouth,NH,03801,VCA,Mars
Raymond Animal Hospital,Raymond,NH,03077,NVA,JAB Holdings
Animal Health Center,Rochester,NH,03867,Rarebreed Veterinary Partners,Revelstoke Capital Partners
Sagamore Animal Hospital,Rye,NH,03870,United Veterinary Care,Nordic Capital
Banfield Pet Hospital,Salem,NH,03079,Banfield,Mars
Main Street Animal Hospital,Salem,NH,03079,Thrive Pet Healthcare,TSG Consumer Partners
Salem Animal Hospital,Salem,NH,03079,VetCor,Harvest Partners
Wolf Pack Canine,Salem,NH,03079,Destination Pet,L1 Health
Old Town Animal Hospital,Seabrook,NH,03874,AmeriVet,AEA Investors and Abu Dhabi Investment Authority (ADIA)
Wendell Veterinary Clinic,Sunapee,NH,03782,VetCor,Harvest Partners
Weare Animal Hospital,Weare,NH,03281,NVA,JAB Holdings
Hanover Veterinary Clinic,West Lebanon,NH,03784,AmeriVet,AEA Investors and Abu Dhabi Investment Authority (ADIA)
Wilton Animal Hospital,Wilton,NH,03086,VetCor,Harvest Partners
Canobie Lake Veterinary Hospital,Windham,NH,03087,Alliance Animal Health,L Catterton and LightBay Capital
Windham Animal Hospital,Windham,NH,03087,VetCor,Harvest Partners
Ridgecrest Animal Hospital,Allentown,NJ,08501,Blue River PetCare,Partners Group
Allenwood Animal Hospital,Allenwood,NJ,08720,VCA,Mars
HousePaws Mobile Veterinary Service Atco,Atco,NJ,08004,United Veterinary Care,Nordic Capital
St. Georges Veterinary Hospital,Avenel,NJ,07001,AmeriVet,AEA Investors and Abu Dhabi Investment Authority (ADIA)
Bayonne Animal Hospital,Bayonne,NJ,07002,United Veterinary Care,Nordic Capital
Berkeley Veterinary Center,Bayville,NJ,08721,VetCor,Harvest Partners
Bergenfield Animal Clinic,Bergenfield,NJ,07621,VetCor,Harvest Partners
Berkeley Heights Animal Hospital,Berkeley Heights,NJ,07922,Veterinary Innovative Partners,Health Enterprise Partners
Bernardsville Animal Hospital,Bernardsville,NJ,07924,AmeriVet,AEA Investors and Abu Dhabi Investment Authority (ADIA)
VCA Blairstown Animal Hospital,Blairstown,NJ,07825,VCA,Mars
Essex Animal Hospital,Bloomfield,NJ,07003,Community Veterinary Partners,OMERS
Overpeck Creek Animal Hospital,Bogata,NJ,07603,Veterinary Practice Partners,Audax Private Equity
Chesterfield Veterinary Clinic,Bordentown,NJ,08505,VetCor,Harvest Partners
Banfield Brick FedEx Plaza,Brick,NJ,08723,Banfield,Mars
Brick Town Veterinary Hospital,Brick Township,NJ,08723,VetCor,Harvest Partners
Cedars Veterinary Hospital,Brick Township,NJ,08723,VetCor,Harvest Partners
Laurelton Veterinary Hospital,Brick Township,NJ,08724,VetCor,Harvest Partners
Banfield Bridgewater,Bridgewater,NJ,08807,Banfield,Mars
Bridgewater Veterinary Hospital,Bridgewater,NJ,08807,Suveto,Levine Leichtman Capital
Somerset Veterinary Group,Bridgewater,NJ,08807,VetCor,Harvest Partners
Brielle Animal Clinic,Brielle,NJ,08730,VetCor,Harvest Partners
Veterinary Medical Center,Caldwell,NJ,07006,Suveto,Levine Leichtman Capital
Cape May Veterinary Hospital,Cape May,NJ,08204,NVA,JAB Holdings
Ocean View Veterinary Hospital,Cape May Court House,NJ,08210,AmeriVet,AEA Investors and Abu Dhabi Investment Authority (ADIA)
Parkway Veterinary Hospital,Cape May Court House,NJ,08210,NVA,JAB Holdings
VCA Abri Animal Hospital CLOSED,Cape May Court House,NJ,08210,VCA,Mars
Banfield Carlstadt,Carlstadt,NJ,07072,Banfield,Mars
Animal & Bird Health Care Center,Cherry Hill,NJ,08003,EverVet Partners,Freeman Spogli and Tailwind Capital
Banfield Cherry Hill,Cherry Hill,NJ,08002,Banfield,Mars
Cherry Hill Animal Hospital,Cherry Hill,NJ,08034,NVA,JAB Holdings
VCA Garden State Animal Hospital,Cherry Hill,NJ,08002,VCA,Mars
Heart + Paw Cherry Hill,Cherry Hill Township,NJ,08002,Heart + Paw,Waud Capital Partners
Vetco Total Care - Cherry Hill Township,Cherry Hill Township,NJ,08002,Vetco Total Care,Petco
Cinnaminson Animal Hospital,Cinnaminson,NJ,08077,VetCor,Harvest Partners
Vetco Total Care - Clark,Clark,NJ,07066,Vetco Total Care,Petco
Clementon Animal Hospital,Clementon,NJ,08021,VetCor,Harvest Partners
Foster Animal Hospital,Clifton,NJ,07013,VCA,Mars
PetCure Oncology at Veterinary Radio Surgery and Imaging Center,Clifton,NJ,07011,Thrive Pet Healthcare,TSG Consumer Partners
VEG Clifton,Clifton,NJ,07012,VEG (Veterinary Emergency Group),D1 Capital & Fidelity
Closter Animal Hospital,Closter,NJ,07624,VCA,Mars
Cologne Animal Hospital,Cologne,NJ,08213,VetCor,Harvest Partners
Mark T Ketner DVM & Associates,Colts Neck,NJ,07722,AmeriVet,AEA Investors and Abu Dhabi Investment Authority (ADIA)
Columbus Central Veterinary Hospital,Columbus,NJ,08022,VetCor,Harvest Partners
Cranbury Animal Hospital,Cranbury,NJ,08512,EverVet Partners,Freeman Spogli and Tailwind Capital
Cresskill Animal Hospital,Cresskill,NJ,07626,VetCor,Harvest Partners
PetCheck Urgent Care Deptford,Deptford,NJ,08096,Heartland Veterinary Partners,Gryphon Investors
Banfield East Brunswick,East Brunswick,NJ,08816,Banfield,Mars
East Brunswick Animal Hospital,East Brunswick,NJ,08816,NVA,JAB Holdings
Edgebrook Animal Hospital,East Brunswick,NJ,08816,VCA,Mars
GSVS Veterinary Emergency Care East Brunswick,East Brunswick,NJ,08816,Veritas Veterinary Partners,Percheron Capital
Banfield East Hanover,East Hanover,NJ,07936,Banfield,Mars
Twin Rivers Animal Hospital,East Windsor,NJ,08520,VCA,Mars
Garden State Veterinary Specialists Eatontown,Eatontown,NJ,07724,Veritas Veterinary Partners,Percheron Capital
Animal General,Edgewater,NJ,07020,PetVet Care Centers,KKR
Bond Vet - Edgewater,Edgewater,NJ,07020,Bond Vet,Warburg Pincus
Banfield Edison,Edison,NJ,08817,Banfield,Mars
Raritan Animal Hospital,Edison,NJ,08817,VetCor,Harvest Partners
All Star Pet Resort,Egg Harbor City,NJ,08215,Destination Pet,L1 Health
English Creek Veterinary Clinic,Egg Harbor Township,NJ,08234,PetVet Care Centers,KKR
Newkirk Family Veterinarians,Egg Harbor Township,NJ,08234,PetVet Care Centers,KKR
Shore Veterinarians,Egg Harbor Township,NJ,08234,NVA,JAB Holdings
Meisels Animal Hospital,Elmwood Park,NJ,07407,CareVet,Compass Group Equity Partners
Animal Health Care of Marlboro,Englishtown,NJ,07726,NVA,JAB Holdings
Marlton Heart + Paw,Evesham,NJ,08053,Heart + Paw,Waud Capital Partners
All Creatures Great and Small,Fairfield,NJ,07004,PetVet Care Centers,KKR
Willowbrook Animal Clinic,Fairfield,NJ,07004,VetCor,Harvest Partners
Fanwood Animal Hospital,Fanwood,NJ,07023,EverVet Partners,Freeman Spogli and Tailwind Capital
Flanders Veterinary Clinic,Flanders,NJ,07836,AmeriVet,AEA Investors and Abu Dhabi Investment Authority (ADIA)
Bond Vet - Florham Park,Florham Park,NJ,07932,Bond Vet,Warburg Pincus
Hopelawn Animal Clinic,Fords,NJ,08863,VetCor,Harvest Partners
Fort Lee Animal Clinic / Petvet Fort Lee,Fort Lee,NJ,07024,Alliance Animal Health,L Catterton and LightBay Capital
Advanced Veterinary Care,Franklin,NJ,07416,PetVet Care Centers,KKR
The Pet Spa & Resort,Franklin,NJ,07416,NVA,JAB Holdings
Freehold Animal Hospital,Freehold,NJ,07728,VCA,Mars
Banfield Garfield,Garfield,NJ,07026,Banfield,Mars
Vetco Total Care - Hackensack,Hackensack,NJ,07601,Vetco Total Care,Petco
Budd Lake Animal Hospital,Hackettstown,NJ,07840,Veterinary Innovative Partners,Health Enterprise Partners
Hackettstown Animal Hospital,Hackettstown,NJ,07840,AmeriVet,AEA Investors and Abu Dhabi Investment Authority (ADIA)
My Pet's Veterinary Center,Hainesport,NJ,08036,NVA,JAB Holdings
Hamburg Veterinary Clinic,Hamburg,NJ,07419,United Veterinary Care,Nordic Capital
Banfield Hamilton,Hamilton,NJ,08691,Banfield,Mars
Shore Veterinarians - CLOSED,Hammonton,NJ,08037,NVA,JAB Holdings
Greenwood Lake Animal Hospital,Hewitt,NJ,07421,Veterinary Practice Partners,Audax Private Equity
Red Bank Veterinary Hospitals – Hillsborough,Hillsborough,NJ,08844,Ethos Veterinary Health,JAB Holdings
VCA Ho-Ho-Kus Animal Hospital,Ho Ho Kus,NJ,07423,VCA,Mars
Animal Infirmary of Hoboken,Hoboken,NJ,07030,United Veterinary Care,Nordic Capital
Bond Vet - Hoboken,Hoboken,NJ,07030,Bond Vet,Warburg Pincus
Hoboken Animal Hospital,Hoboken,NJ,07030,VetCor,Harvest Partners
Hoboken Vets Animal Clinic,Hoboken,NJ,07030,Encore Vet Group,North Castle Partners
VEG Hoboken,Hoboken,NJ,07030,VEG (Veterinary Emergency Group),D1 Capital & Fidelity
Banfield Holmdel,Holmdel,NJ,07733,Banfield,Mars
VCA Iselin Animal Hospital,Iselin,NJ,08830,VCA,Mars
VCA New Prospect Animal Hospital,Jackson,NJ,08527,VCA,Mars
Bond Vet - Jersey City,Jersey City,NJ,07302,Bond Vet,Warburg Pincus
Downtown Veterinary Associates,Jersey City,NJ,07302,United Veterinary Care,Nordic Capital
Heights Veterinary Associates,Jersey City,NJ,07307,United Veterinary Care,Nordic Capital
Newport Veterinary Center,Jersey City,NJ,07310,VetCor,Harvest Partners
Arlington Dog & Cat Hospital,Kearny,NJ,07032,Suveto,Levine Leichtman Capital
Vetco Total Care - Kinnelon,Kinnelon,NJ,07405,Vetco Total Care,Petco
Lake Hopatcong,Lake Hopatcong,NJ,07849,Heart + Paw,Waud Capital Partners
VCA Ocean County Animal Hospital,Lakewood,NJ,08701,VCA,Mars
The Animal Hospital of Linden,Linden,NJ,07036,CareVet,Compass Group Equity Partners
Animal Eye Center of NJ,Little Falls,NJ,07424,Ethos Veterinary Health,JAB Holdings
VCA Little Falls Animal Hospital,Little Falls,NJ,07424,VCA,Mars
Little Silver Animal Hospital,Little Silver,NJ,07739,Suveto,Levine Leichtman Capital
Livingston Animal Hospital,Livingston,NJ,07039,VetCor,Harvest Partners
Pups at Play,Livingston,NJ,07039,Destination Pet,L1 Health
Long Valley Animal Hospital,Long Valley,NJ,07853,Rarebreed Veterinary Partners,Revelstoke Capital Partners
Madison Animal Hospital,Madison,NJ,07940,VCA,Mars
Banfield Manahawkin,Manahawkin,NJ,08050,Banfield,Mars
Stafford Veterinary Hospital,Manahawkin,NJ,08050,NVA,JAB Holdings
Colts Neck Equine Associates,Manalapan Township,NJ,07726,PetVet Care Centers,KKR
Vetco Total Care - Manalapan Township,Manalapan Township,NJ,07726,Vetco Total Care,Petco
Greenfields Veterinary Associates,Mantua Township,NJ,08051,Community Veterinary Partners,OMERS
Banfield Marlton CLOSED,Marlton,NJ,08053,Banfield,Mars
Banfield Marlton Crossing,Marlton,NJ,08053,Banfield,Mars
County Line Veterinary Hospital,Marlton,NJ,08053,Rarebreed Veterinary Partners,Revelstoke Capital Partners
Berg Animal Hospital,Matawan,NJ,07747,Mission Pet Health,Silver Lake and Shore Capital Partners
Bond Vet - Paramus,Maywood,NJ,07652,Bond Vet,Warburg Pincus
Maywood Veterinary Clinic,Maywood,NJ,07607,Community Veterinary Partners,OMERS
Banfield Metuchen,Metuchen,NJ,08840,Banfield,Mars
Bound Brook Veterinary Clinic,Middlesex,NJ,08846,PetVet Care Centers,KKR
Middletown Animal Hospital,Middletown Township,NJ,07748,Mission Pet Health,Silver Lake and Shore Capital Partners
Millburn Veterinary Hospital,Millburn,NJ,07041,VetCor,Harvest Partners
VEG Millburn,Millburn - Short Hills,NJ,07078,VEG (Veterinary Emergency Group),D1 Capital & Fidelity
Animal Hospital of Millville,Millville,NJ,08332,Rarebreed Veterinary Partners,Revelstoke Capital Partners
Family Veterinary Services,Montague,NJ,07827,VetCor,Harvest Partners
Bond Vet - Montclair,Montclair,NJ,07042,Bond Vet,Warburg Pincus
Harlingen Veterinary Clinic,Montgomery,NJ,08502,Suveto,Levine Leichtman Capital
Montvale Animal Hospital,Montvale,NJ,07645,VetCor,Harvest Partners
Montville Veterinary Group,Montville,NJ,07045,NVA,JAB Holdings
Banfield Moorestown CLOSED,Moorestown,NJ,08057,Banfield,Mars
Banfield Moorestown Mall,Moorestown,NJ,08057,Banfield,Mars
VCA Morris Plains Animal Hospital,Morris Plains,NJ,07950,VCA,Mars
GSVS Veterinary Emergency Care Morristown,Morristown,NJ,07960,Veritas Veterinary Partners,Percheron Capital
Red Bank Veterinary Hospitals – Mt. Laurel,Mount Laurel,NJ,08054,Ethos Veterinary Health,JAB Holdings
HousePaws Mobile Veterinary Service Mount Laurel,Mount Laurel Township,NJ,08054,United Veterinary Care,Nordic Capital
Banfield Mt Laurel,Mt Laurel,NJ,08054,Banfield,Mars
Andover Animal Hospital,Newton,NJ,07860,NVA,JAB Holdings
Union City Animal Clinic,North Bergen,NJ,07047,VetCor,Harvest Partners
Northfield Veterinary Center,Northfield,NJ,08225,Ethos Veterinary Health,JAB Holdings
VCA Old Tappan Veterinary Hospital,Norwood,NJ,07648,VCA,Mars
Nutley Animal Hospital,Nutley,NJ,07110,NVA,JAB Holdings
Oakhurst Veterinary Hospital,Oakhurst,NJ,07755,NVA,JAB Holdings
Shrewsbury Animal Hospital,Oakhurst,NJ,07755,VCA,Mars
Ramapo Valley Animal Hospital,Oakland,NJ,07436,CareVet,Compass Group Equity Partners
Banfield Ocean,Ocean,NJ,07712,Banfield,Mars
Parkway at the Shore,Ocean View,NJ,08230,NVA,JAB Holdings
Shore Veterinarians,Ocean View,NJ,08230,NVA,JAB Holdings
Route 516 Animal Hospital,Old Bridge,NJ,08857,Encore Vet Group,North Castle Partners
The Country Animal Hospital,Old Bridge,NJ,08857,CareVet,Compass Group Equity Partners
Banfield Paramus,Paramus,NJ,07652,Banfield,Mars
BluePearl Pet Hospital Paramus,Paramus,NJ,07652,BluePearl Pet Hospital,Mars
VEG Paramus,Paramus,NJ,07652,VEG (Veterinary Emergency Group),D1 Capital & Fidelity
Park Ridge Animal Hospital,Park Ridge,NJ,07656,Encore Vet Group,North Castle Partners
Piscataway Animal Clinic,Piscataway,NJ,08854,VetCor,Harvest Partners
Point Pleasant Veterinary Hospital,Point Pleasant,NJ,08742,EverVet Partners,Freeman Spogli and Tailwind Capital
Banfield Princeton,Princeton,NJ,08540,Banfield,Mars
Lawrence Animal Hospital,Princeton,NJ,08540,VetCor,Harvest Partners
Princeton Animal Hospital & Carnegie Cat Clinic,Princeton,NJ,08540,NVA,JAB Holdings
VCA County Veterinary Hospital,Princeton,NJ,08540,VCA,Mars
VEG Princeton,Princeton,NJ,08540,VEG (Veterinary Emergency Group),D1 Capital & Fidelity
Ramsey Veterinary Hospital,Ramsey,NJ,07446,VetCor,Harvest Partners
Ramsey Veterinary Hospital,Ramsey,NJ,07446,VetCor,Harvest Partners
Animal Dermatology Clinic Raritan,Raritan,NJ,08869,Animal Dermatology Clinic,Percheron Capital
AnimERge,Raritan,NJ,08869,PetVet Care Centers,KKR
Red Bank Veterinary Hospitals – Red Bank,Red Bank,NJ,07701,Ethos Veterinary Health,JAB Holdings
VCA Ridgewood Veterinary Hospital,Ridgewood,NJ,07450,VCA,Mars
Ringwood Animal Hospital,Ringwood,NJ,07456,VetCor,Harvest Partners
Animal Care Center of North Jersey,Riverdale,NJ,07457,Veterinary Innovative Partners,Health Enterprise Partners
Animal Dermatology Clinic Robbinsville,Robbinsville Twp,NJ,08691,Animal Dermatology Clinic,Percheron Capital
PetCure Oncology Robbinsville - Advanced Cancer Treatments for Cats & Dogs,Robbinsville Twp,NJ,08691,Thrive Pet Healthcare,TSG Consumer Partners
Banfield Rockaway,Rockaway,NJ,07866,Banfield,Mars
Rockaway Animal Hospital,Rockaway,NJ,07866,Suveto,Levine Leichtman Capital
VCA Rutherford Animal Hospital,Rutherford,NJ,07070,VCA,Mars
Sea Girt Animal Hospital,Sea Girt,NJ,08750,Mission Pet Health,Silver Lake and Shore Capital Partners
Banfield Secaucus,Secaucus,NJ,07094,Banfield,Mars
Banfield Secaucus S,Secaucus,NJ,07094,Banfield,Mars
Banfield Mantua,Sewell,NJ,08080,Banfield,Mars
PetCheck Urgent Care Sewell,Sewell,NJ,08080,Heartland Veterinary Partners,Gryphon Investors
Washington Township,Sewell,NJ,08080,Heart + Paw,Waud Capital Partners
Happy Tails Veterinary Hospital,Shrewsbury,NJ,07702,VetCor,Harvest Partners
Cedar Brook Animal Hospital,Sicklerville,NJ,08081,VetCor,Harvest Partners
Thrive Sicklerville,Sicklerville,NJ,08012,Thrive Pet Healthcare,TSG Consumer Partners
VCA Winslow Animal Hospital,Sicklerville,NJ,08081,VCA,Mars
Mainland Veterinary Hospital,Somers Point,NJ,08244,Heartland Veterinary Partners,Gryphon Investors
South Orange Animal Hospital,South Orange Village,NJ,07079,VetCor,Harvest Partners
Oak Tree Animal Clinic,South Plainfield,NJ,07080,VetCor,Harvest Partners
Plainfield Animal Hospital,South Plainfield,NJ,07080,PetVet Care Centers,KKR
Saint Francis Veterinary Center of South Jersey,Swedesboro,NJ,08085,Thrive Pet Healthcare,TSG Consumer Partners
Bende Equine Associates,Tabernacle,NJ,08088,PetVet Care Centers,KKR
VCA Woodview Animal Hospital CLOSED,Tabernacle,NJ,08088,VCA,Mars
Tenafly Veterinary Center,Tenafly,NJ,07670,Veterinary Practice Partners,Audax Private Equity
Vetco Total Care - Teterboro,Teterboro,NJ,07608,Vetco Total Care,Petco
Animal Dermatology Clinic Tinton Falls,Tinton Falls,NJ,07753,Animal Dermatology Clinic,Percheron Capital
Bayview Animal Hospital,Toms River,NJ,08753,VCA,Mars
Calling All Creatures Veterinary Hospital,Toms River,NJ,08753,VetCor,Harvest Partners
Coastal Veterinary,Toms River,NJ,08753,AmeriVet,AEA Investors and Abu Dhabi Investment Authority (ADIA)
GSVS Veterinary Emergency Care Toms River,Toms River,NJ,08753,Veritas Veterinary Partners,Percheron Capital
Toms River Animal Hospital,Toms River,NJ,08755,VCA,Mars
VCA Fischer Animal Hospital,Toms River,NJ,08753,VCA,Mars
Vetco Total Care - Toms River,Toms River,NJ,08753,Vetco Total Care,Petco
Vetco Total Care - Totowa,Totowa,NJ,07512,Vetco Total Care,Petco
Hamilton Veterinary Hospital,Trenton,NJ,08610,VetCor,Harvest Partners
Banfield Turnersville,Turnersville,NJ,08012,Banfield,Mars
Thrive Pet Healthcare Urgent Care - Turnersville,Turnersville,NJ,08012,Thrive Pet Healthcare,TSG Consumer Partners
Banfield Union,Union,NJ,07083,Banfield,Mars
Bond Vet - Union,Union,NJ,07083,Bond Vet,Warburg Pincus
Voorhees Animal Hospital,Voorhees,NJ,08043,PetVet Care Centers,KKR
Banfield Watchung,Watchung,NJ,07069,Banfield,Mars
Animal Dermatology Clinic Wayne,Wayne,NJ,07470,Animal Dermatology Clinic,Percheron Capital
Companion Veterinary Hospital of Wayne,Wayne,NJ,07470,Veterinary Innovative Partners,Health Enterprise Partners
North Jersey Animal Hospital,Wayne,NJ,07470,Suveto,Levine Leichtman Capital
Wishing Well Veterinary Hospital,Wayne,NJ,07470,Suveto,Levine Leichtman Capital
Animal Emergency & Referral Associates,West Caldwell,NJ,07006,Ethos Veterinary Health,JAB Holdings
West Caldwell Animal Hospital,West Caldwell,NJ,07006,Blue River PetCare,Partners Group
VCA Eagle Rock Animal Hospital,West Orange,NJ,07052,VCA,Mars
West Trenton Animal Hospital,West Trenton,NJ,08628,VetCor,Harvest Partners
Westfield Animal Hospital,Westfield,NJ,07090,PetVet Care Centers,KKR
Westfield Veterinary Group - Union,Westfield,NJ,07090,Community Veterinary Partners,OMERS
Banfield Woodbridge,Woodbridge,NJ,07095,Banfield,Mars
Garden State Veterinary Services Woodbridge,Woodbridge,NJ,07095,Veritas Veterinary Partners,Percheron Capital
Woodbridge Veterinary Group,Woodbridge Township,NJ,07095,VetCor,Harvest Partners
Banfield Deptford,Woodbury,NJ,08096,Banfield,Mars
Alamogordo Animal Hospital,Alamogordo,NM,88310,AmeriVet,AEA Investors and Abu Dhabi Investment Authority (ADIA)
4 Paws Pet Hospital,Albuquerque,NM,87113,Thrive Pet Healthcare,TSG Consumer Partners
ABQ Pet Care Hospital,Albuquerque,NM,87112,NVA,JAB Holdings
Acequia Animal Hospital,Albuquerque,NM,87114,AmeriVet,AEA Investors and Abu Dhabi Investment Authority (ADIA)
Banfield Albuquerque,Albuquerque,NM,87107,Banfield,Mars
Banfield Albuquerque NE,Albuquerque,NM,87111,Banfield,Mars
Banfield Albuquerque NW,Albuquerque,NM,87114,Banfield,Mars
Bolton Animal Hospital,Albuquerque,NM,87106,NVA,JAB Holdings
Canine Country Club - Westside,Albuquerque,NM,87114,NVA,JAB Holdings
Del Norte Animal Clinic,Albuquerque,NM,87110,Western Veterinary Partners,Tyree & D'Angelo Partners
Dermatology for Animals - Albuquerque,Albuquerque,NM,87109,Thrive Pet Healthcare,TSG Consumer Partners
Eye Care for Animals - Albuquerque,Albuquerque,NM,87113,Thrive Pet Healthcare,TSG Consumer Partners
Malaherd Veterinary Hospital,Albuquerque,NM,87120,Western Veterinary Partners,Tyree & D'Angelo Partners
Manzano Animal Clinic,Albuquerque,NM,87112,NVA,JAB Holdings
Northview Animal Hospital,Albuquerque,NM,87122,Heartland Veterinary Partners,Gryphon Investors
Route 66 Veterinary Emergency & Critical Care Center,Albuquerque,NM,87108,Ethos Veterinary Health,JAB Holdings
Thrive Albuquerque,Albuquerque,NM,87109,Thrive Pet Healthcare,TSG Consumer Partners
VCA Ventana Animal Hospital,Albuquerque,NM,87114,VCA,Mars
VCA Veterinary Care Animal Hospital and Referral Center,Albuquerque,NM,87122,VCA,Mars
VCA West Mesa Animal Hospital,Albuquerque,NM,87120,VCA,Mars
VCA Wyoming Animal Hospital,Albuquerque,NM,87111,VCA,Mars
VEG Albuquerque,Albuquerque,NM,87110,VEG (Veterinary Emergency Group),D1 Capital & Fidelity
Veterinary Dentistry & Oral Surgery of NM LLC,Albuquerque,NM,87109,Animal Outpatient Specialty Network (AOSN),Percheron Capital
Taylor Ranch Veterinary Hospital,Alburquerque,NM,87114,NVA,JAB Holdings
Village Vet Hospital,Bosque Farms,NM,87068,AmeriVet,AEA Investors and Abu Dhabi Investment Authority (ADIA)
Carlsbad Animal Clinic,Carlsbad,NM,88220,NVA,JAB Holdings
Western Trails Veterinary Hospital,Edgewood,NM,87015,Heartland Veterinary Partners,Gryphon Investors
Valley Veterinary Pet Lodge and Salon,Farmington,NM,87402,NVA,JAB Holdings
Cedar Animal Medical Center,Gallup,NM,87301,PetVet Care Centers,KKR
Animal Hospital of Las Cruces,Las Cruces,NM,88001,Thrive Pet Healthcare,TSG Consumer Partners
Jornada Veterinary Clinic,Las Cruces,NM,88012,Thrive Pet Healthcare,TSG Consumer Partners
Animal Clinic of Los Alamos,Los Alamos,NM,87544,Thrive Pet Healthcare,TSG Consumer Partners
Los Lunas Animal Clinic,Los Lunas,NM,87031,Western Veterinary Partners,Tyree & D'Angelo Partners
Canine Country Club - North Valley,Los Ranchos de Albuquerque,NM,87107,NVA,JAB Holdings
VCA Town and Country Animal Hospital,Los Ranchos de Albuquerque,NM,87114,VCA,Mars
Cottonwood Animal Clinic - CLOSED,Rio Rancho,NM,87124,NVA,JAB Holdings
Cielo Grande Veterinary Center,Roswell,NM,88201,Heartland Veterinary Partners,Gryphon Investors
College Garden Animal Hospital,Roswell,NM,88201,NVA,JAB Holdings
Cedarwood Veterinary Clinic,Santa Fe,NM,87505,NVA,JAB Holdings
Eldorado Animal Clinic,Santa Fe,NM,87508,Destination Pet,L1 Health
Paws Plaza,Santa Fe,NM,87505,Destination Pet,L1 Health
Smith Veterinary Hospital,Santa Fe,NM,87505,Thrive Pet Healthcare,TSG Consumer Partners
VCA Arrighetti Animal Hospital,Santa Fe,NM,87505,VCA,Mars
Southwest Animal Care Complex,Sunland Park,NM,88008,Blue River PetCare,Partners Group
Salazar Road Veterinary Hospital,Taos,NM,87571,Western Veterinary Partners,Tyree & D'Angelo Partners
Quail Ridge Animal Hospital,Carson City,NV,89705,CareVet,Compass Group Equity Partners
Elko Veterinary Clinic,Elko,NV,89801,AmeriVet,AEA Investors and Abu Dhabi Investment Authority (ADIA)
Carson Valley Veterinary Hospital,Gardnerville,NV,89410,NVA,JAB Holdings
A Cat Hospital,Henderson,NV,89014,AmeriVet,AEA Investors and Abu Dhabi Investment Authority (ADIA)
Animal Focus Vet - Marks,Henderson,NV,89014,Mission Pet Health,Silver Lake and Shore Capital Partners
Banfield Henderson,Henderson,NV,89014,Banfield,Mars
Banfield Henderson S,Henderson,NV,89015,Banfield,Mars
Canyon Ridge Animal Hospital,Henderson,NV,98002,Mission Pet Health,Silver Lake and Shore Capital Partners
Legacy Animal Hospital,Henderson,NV,89074,Western Veterinary Partners,Tyree & D'Angelo Partners
Sunridge Animal Hospital,Henderson,NV,89052,VetCor,Harvest Partners
UrgentVet Henderson,Henderson,NV,89074,American Veterinary Group,Oak Hill Capital
VCA Black Mountain Animal Hospital,Henderson,NV,89015,VCA,Mars
VEG Henderson,Henderson,NV,89014,VEG (Veterinary Emergency Group),D1 Capital & Fidelity
Vetco Total Care - Henderson,Henderson,NV,89014,Vetco Total Care,Petco
Warm Hearts Pet Hospital,Henderson,NV,89014,Companion Pet Partners,Cortec Group
Aloha Animal Hospital,Las Vegas,NV,89139,NVA,JAB Holdings
American Pet Hospital,Las Vegas,NV,89120,NVA,JAB Holdings
Animal Dermatology Clinic Las Vegas,Las Vegas,NV,89123,Animal Dermatology Clinic,Percheron Capital
Animal Dermatology Clinic Las Vegas (North),Las Vegas,NV,89108,Animal Dermatology Clinic,Percheron Capital
Animal Kindness Veterinary Hospital,Las Vegas,NV,89110,AmeriVet,AEA Investors and Abu Dhabi Investment Authority (ADIA)
Banfield Gentle Doctor,Las Vegas,NV,89146,Banfield,Mars
Banfield Las Vegas Durango,Las Vegas,NV,89149,Banfield,Mars
Banfield Las Vegas Nellis,Las Vegas,NV,89110,Banfield,Mars
Banfield Las Vegas Rainbow,Las Vegas,NV,89108,Banfield,Mars
Banfield Las Vegas Silverado,Las Vegas,NV,89183,Banfield,Mars
Banfield Spring Valley,Las Vegas,NV,89113,Banfield,Mars
Banfield Summerlin,Las Vegas,NV,89117,Banfield,Mars
Boca Park Animal Hospital,Las Vegas,NV,89145,United Veterinary Care,Nordic Capital
Cheyenne Tonopah Animal Hospital,Las Vegas,NV,89130,NVA,JAB Holdings
Cheyenne West Animal Hospital,Las Vegas,NV,89129,Thrive Pet Healthcare,TSG Consumer Partners
Creature Comforts Animal Hospital,Las Vegas,NV,89130,VetCor,Harvest Partners
Desert Pines Equine Medical and Surgical Center,Las Vegas,NV,89130,Altano Group,Ufenau Capital Partners
Doggie District - Craig Road,Las Vegas,NV,89129,NVA,JAB Holdings
Doggie District - Grand Canyon,Las Vegas,NV,89147,NVA,JAB Holdings
Doggie District - Silverado,Las Vegas,NV,89183,NVA,JAB Holdings
Eye Care for Animals - Las Vegas,Las Vegas,NV,89146,Thrive Pet Healthcare,TSG Consumer Partners
Eye Care for Animals Henderson CLOSED,Las Vegas,NV,89120,Thrive Pet Healthcare,TSG Consumer Partners
Gateway Pet Hospital,Las Vegas,NV,89149,Curo Pet Care,Privately owned corporate consolidator
Island Pet Hospital,Las Vegas,NV,89130,PetVet Care Centers,KKR
Mauer Animal Clinic,Las Vegas,NV,89146,AmeriVet,AEA Investors and Abu Dhabi Investment Authority (ADIA)
Rainbow Animal Hospital,Las Vegas,NV,89145,NVA,JAB Holdings
Rhodes Ranch Animal Hospital,Las Vegas,NV,89113,Curo Pet Care,Privately owned corporate consolidator
Sahara Pines Animal Hospital,Las Vegas,NV,89146,Suveto,Levine Leichtman Capital
South Shores Animal Hospital,Las Vegas,NV,89128,Western Veterinary Partners,Tyree & D'Angelo Partners
Spencer Springs Animal Hospital,Las Vegas,NV,89119,Companion Pet Partners,Cortec Group
UrgentVet Las Vegas West,Las Vegas,NV,89117,American Veterinary Group,Oak Hill Capital
VCA Blue Cross Animal Hospital,Las Vegas,NV,89117,VCA,Mars
VCA Decatur Animal Hospital,Las Vegas,NV,89108,VCA,Mars
VCA Desert Inn Animal Hospital,Las Vegas,NV,89121,VCA,Mars
VCA Hualapai Animal Hospital,Las Vegas,NV,89117,VCA,Mars
VCA Mountain Vista Animal Hospital,Las Vegas,NV,89121,VCA,Mars
VCA Nellis Animal Hospital,Las Vegas,NV,89110,VCA,Mars
VCA Spring Mountain Animal Hospital,Las Vegas,NV,89146,VCA,Mars
VCA Warm Springs Animal Hospital,Las Vegas,NV,89119,VCA,Mars
VEG Las Vegas,Las Vegas,NV,89145,VEG (Veterinary Emergency Group),D1 Capital & Fidelity
Vegas Valley Pet Hospital,Las Vegas,NV,89135,Curo Pet Care,Privately owned corporate consolidator
Vetco Total Care - Las Vegas,Las Vegas,NV,89117,Vetco Total Care,Petco
Vetco Total Care - Las Vegas,Las Vegas,NV,89123,Vetco Total Care,Petco
Vetco Total Care - Las Vegas,Las Vegas,NV,89103,Vetco Total Care,Petco
Vetco Total Care - Las Vegas,Las Vegas,NV,89139,Vetco Total Care,Petco
Vetco Total Care - Las Vegas,Las Vegas,NV,89130,Vetco Total Care,Petco
Vetco Total Care - Las Vegas,Las Vegas,NV,89113,Vetco Total Care,Petco
Veterinary Cancer Group Las Vegas,Las Vegas,NV,89146,Thrive Pet Healthcare,TSG Consumer Partners
Veterinary Emergency + Critical Care North Rainbow (coming soon),Las Vegas,NV,89108,Veritas Veterinary Partners,Percheron Capital
Banfield Deer Springs,North Las Vegas,NV,89084,Banfield,Mars
Animal Care Center Of Pahrump,Pahrump,NV,89060,AmeriVet,AEA Investors and Abu Dhabi Investment Authority (ADIA)
Banfield Reno W,Reno,NV,89523,Banfield,Mars
BluePearl Pet Hospital Reno,Reno,NV,89512,BluePearl Pet Hospital,Mars
Dermatology for Animals Reno,Reno,NV,89502,Thrive Pet Healthcare,TSG Consumer Partners
Eye Care for Animals - Reno,Reno,NV,89511,Thrive Pet Healthcare,TSG Consumer Partners
Fairgrounds Animal Hospital,Reno,NV,89512,Western Veterinary Partners,Tyree & D'Angelo Partners
Kings Row Pet Hospital,Reno,NV,89503,NVA,JAB Holdings
Peavine Animal Hospital,Reno,NV,89506,Companion Pet Partners,Cortec Group
VCA A Plus Animal Hospital,Reno,NV,89511,VCA,Mars
VCA Feline Medical Center,Reno,NV,89519,VCA,Mars
VCA Lakeside Animal Hospital,Reno,NV,89523,VCA,Mars
Banfield Sparks,Sparks,NV,89436,Banfield,Mars
VCA Baring Boulevard Animal Hospital,Sparks,NV,89434,VCA,Mars
In the Comfort of Home,Albany,NY,00000,Blue River PetCare,Partners Group
Parkside Veterinary Hospital,Albany,NY,12202,VetCor,Harvest Partners
Petmedic Albany,Albany,NY,12205,PetMedic Urgent Care,Undisclosed
Sand Creek Animal Hospital,Albany,NY,12205,EverVet Partners,Freeman Spogli and Tailwind Capital
Guilderland Animal Hospital,Altamont,NY,12009,VetCor,Harvest Partners
Banfield Amherst,Amherst,NY,14228,Banfield,Mars
Killewald Small Animal Hospital,Amherst,NY,14228,VetCor,Harvest Partners
VCA Blue Cross Animal Hospital of Amherst,Amherst,NY,14226,VCA,Mars
Amsterdam Animal Hospital,Amsterdam,NY,12010,VetCor,Harvest Partners
Dove Creek Animal Hospital,Amsterdam,NY,12010,VetCor,Harvest Partners
Ardsley Veterinary Associates,Ardsley,NY,10502,Alliance Animal Health,L Catterton and LightBay Capital
Astoria Veterinary Group,Astoria,NY,11105,Thrive Pet Healthcare,TSG Consumer Partners
Bond Vet - Astoria,Astoria,NY,11103,Bond Vet,Warburg Pincus
Veterinary Care Group - Astoria,Astoria,NY,11103,NVA,JAB Holdings
Brookside Veterinary Clinic,Auburn,NY,13021,VetCor,Harvest Partners
Cayuga Veterinary Services,Auburn,NY,13021,NVA,JAB Holdings
Baldwin Harbor Animal Hospital,Baldwin,NY,11510,VetCor,Harvest Partners
Vetco Total Care - Baldwin,Baldwin,NY,11510,Vetco Total Care,Petco
VCA Ballston Spa Animal Hospital,Ballston Spa,NY,12020,VCA,Mars
Vetco Total Care - Bay Shore,Bay Shore,NY,11706,Vetco Total Care,Petco
Blue Point-Bayport Animal Hospital,Bayport,NY,11705,VCA,Mars
UrgentVet Bayport,Bayport,NY,11705,American Veterinary Group,Oak Hill Capital
"Bayside Animal Hospital, A PetOne Veterinary Hospital",Bayside,NY,11361,NVA,JAB Holdings
North Shore Animal Hospital,Bayside,NY,11361,Destination Pet,L1 Health
Beacon Veterinary Associates,Beacon,NY,12508,PetVet Care Centers,KKR
Hudson Highlands Veterinary Medical Group - Beacon,Beacon,NY,12508,Veterinary Practice Partners,Audax Private Equity
Bedford Greenwich Animal Hospital,Bedford,NY,10506,VetCor,Harvest Partners
Fine Animal Hospital,Bedford Hills,NY,10507,PetVet Care Centers,KKR
Katonah Bedford Veterinary Center,Bedford Hills,NY,10507,VCA,Mars
Atlantic Coast New York Veterinary Specialists,Bohemia,NY,11716,PetVet Care Centers,KKR
Lancaster Small Animal Hospital,Bowmansville,NY,14026,VetCor,Harvest Partners
Cicero Animal Clinic,Brewerton,NY,13029,Western Veterinary Partners,Tyree & D'Angelo Partners
Roosevelt Veterinary Center,Brewster,NY,10509,EverVet Partners,Freeman Spogli and Tailwind Capital
Clarkson Veterinary Hospital,Brockport,NY,14420,VetCor,Harvest Partners
Broadway Animal Hospital of Riverdale,Bronx,NY,10463,Veterinary Innovative Partners,Health Enterprise Partners
Middletown Animal Clinic,Bronx,NY,10461,Veterinary Innovative Partners,Health Enterprise Partners
Animal Hospital of Brooklyn,Brooklyn,NY,11234,CareVet,Compass Group Equity Partners
Animal Kind Veterinary Hospital,Brooklyn,NY,11215,NVA,JAB Holdings
Banfield Brooklyn,Brooklyn,NY,11201,Banfield,Mars
Bensonhurst Veterinary Care,Brooklyn,NY,11204,Alliance Animal Health,L Catterton and LightBay Capital
BluePearl Pet Hospital Brooklyn,Brooklyn,NY,11217,BluePearl Pet Hospital,Mars
Bond Vet - Bed-Stuy,Brooklyn,NY,11216,Bond Vet,Warburg Pincus
Bond Vet - Clinton Hill,Brooklyn,NY,11205,Bond Vet,Warburg Pincus
Bond Vet - Cobble Hill,Brooklyn,NY,11201,Bond Vet,Warburg Pincus
Bond Vet - Ditmas Park,Brooklyn,NY,11218,Bond Vet,Warburg Pincus
Bond Vet - Park Slope,Brooklyn,NY,11217,Bond Vet,Warburg Pincus
Bond Vet - Williamsburg,Brooklyn,NY,11211,Bond Vet,Warburg Pincus
Carroll Gardens Veterinary Group,Brooklyn,NY,11231,United Veterinary Care,Nordic Capital
GoodVets Brooklyn Heights,Brooklyn,NY,11201,GoodVets,General Atlantic
GoodVets Downtown Brooklyn,Brooklyn,NY,11201,GoodVets,General Atlantic
GoodVets Gowanus,Brooklyn,NY,11231,GoodVets,General Atlantic
Greenwood Veterinary Care,Brooklyn,NY,11215,Alliance Animal Health,L Catterton and LightBay Capital
Heart of Brooklyn Veterinary Hospital - Fort Greene,Brooklyn,NY,11217,PetVet Care Centers,KKR
Heart of Brooklyn VH - Flatbush,Brooklyn,NY,11226,PetVet Care Centers,KKR
Heart of Chelsea - Greenpoint,Brooklyn,NY,11222,Suveto,Levine Leichtman Capital
Heart of Chelsea Veterinary Group - Park Slope,Brooklyn,NY,11217,Suveto,Levine Leichtman Capital
Heart of Chelsea Veterinary Group - Prospect Heights,Brooklyn,NY,11217,Suveto,Levine Leichtman Capital
Hope Animal Hospital,Brooklyn,NY,11217,VCA,Mars
Northside Veterinary Clinic,Brooklyn,NY,11249,Veterinary Practice Partners,Audax Private Equity
Pawsitive Veterinary of New York,Brooklyn,NY,11218,Alliance Animal Health,L Catterton and LightBay Capital
Pure Paws Veterinary Care of Clinton Hill,Brooklyn,NY,11238,Veterinary Practice Partners,Audax Private Equity
Small Door Park Slope (NY),Brooklyn,NY,11215,Small Door,Valspring Capital
Small Door Williamsburg (NY),Brooklyn,NY,11249,Small Door,Valspring Capital
Vetco Total Care - Brooklyn,Brooklyn,NY,11235,Vetco Total Care,Petco
Vetco Total Care - Brooklyn,Brooklyn,NY,11232,Vetco Total Care,Petco
Veterinary Care Group - Greenpoint,Brooklyn,NY,11222,NVA,JAB Holdings
Williamsburg Animal Clinic,Brooklyn,NY,11211,Veterinary Innovative Partners,Health Enterprise Partners
Williamsburg Veterinary Clinic,Brooklyn,NY,11249,Encore Vet Group,North Castle Partners
Buffalo Small Animal Hospital,Buffalo,NY,14209,NVA,JAB Holdings
City Creatures Animal Hospital,Buffalo,NY,14216,NVA,JAB Holdings
Ellicott Street Animal Hospital,Buffalo,NY,14203,Veterinary Practice Partners,Audax Private Equity
Nickel City Animal Hospital,Buffalo,NY,14201,VetCor,Harvest Partners
North Buffalo Animal Hospital,Buffalo,NY,14216,Veterinary Practice Partners,Audax Private Equity
Summer Street Cat Clinic P.C.,Buffalo,NY,14209,NVA,JAB Holdings
VCA Sheridan Animal Hospital,Buffalo,NY,14223,VCA,Mars
West Side Pet Clinic,Buffalo,NY,14213,Veterinary Practice Partners,Audax Private Equity
Hamptonburgh Animal Hospital,Cambell Hall,NY,10916,AmeriVet,AEA Investors and Abu Dhabi Investment Authority (ADIA)
Queen Village Animal Hospital,Camden,NY,13316,VCA,Mars
Canandaigua Animal Hospital,Canandaigua,NY,14424,Thrive Pet Healthcare,TSG Consumer Partners
Finger Lakes Animal Hospital,Canandaigua,NY,14424,VetCor,Harvest Partners
VEG Carle Place,Carle Place,NY,11514,VEG (Veterinary Emergency Group),D1 Capital & Fidelity
Companion Pet Hospital of Carmel,Carmel,NY,10512,Alliance Animal Health,L Catterton and LightBay Capital
Middlebranch Veterinary,Carmel Hamlet,NY,10512,VetCor,Harvest Partners
Drumm Veterinary Hospital,Castleton-On-Hudson,NY,12033,Rarebreed Veterinary Partners,Revelstoke Capital Partners
Catskill Animal Hospital,Catskill,NY,12414,Rarebreed Veterinary Partners,Revelstoke Capital Partners
VCA Cazenovia Animal Hospital,Cazenovia,NY,13035,VCA,Mars
Centereach,Centereach,NY,11720,Heart + Paw,Waud Capital Partners
New Castle Veterinary Hospital,Chappaqua,NY,10514,Veterinary Innovative Partners,Health Enterprise Partners
BluePearl Pet Hospital Buffalo Cheektowaga,Cheektowaga,NY,14225,BluePearl Pet Hospital,Mars
VEG Chelsea,Chelsea,NY,10010,VEG (Veterinary Emergency Group),D1 Capital & Fidelity
Total Veterinary Care Cicero,Cicero,NY,13039,Mission Pet Health,Silver Lake and Shore Capital Partners
Towne & Country Veterinary Hospital,City of Corning,NY,14830,Blue River PetCare,Partners Group
Countryside Veterinary Clinic,City of Lockport,NY,14094,Blue River PetCare,Partners Group
Animal Health Center,Clifton Park,NY,12065,VCA,Mars
Banfield Clifton Park,Clifton Park,NY,12065,Banfield,Mars
Paris Hill Cat Hospital,Clinton,NY,13323,NVA,JAB Holdings
Banfield Commack,Commack,NY,11725,Banfield,Mars
Peace Love Pets Veterinary Care,Commack,NY,11725,Thrive Pet Healthcare,TSG Consumer Partners
VEG Commack,Commack,NY,11725,VEG (Veterinary Emergency Group),D1 Capital & Fidelity
Southgate Animal Hospital,Copiague,NY,11726,VCA,Mars
Corfu Veterinary Clinic,Corfu,NY,14036,Alliance Animal Health,L Catterton and LightBay Capital
Corning Animal Hospital,Corning,NY,14830,Heartland Veterinary Partners,Gryphon Investors
Crossroads Veterinary Clinic,Cortland,NY,13045,CareVet,Compass Group Equity Partners
North Westchester Veterinary Office,Cortlandt Manor,NY,10567,Mission Pet Health,Silver Lake and Shore Capital Partners
Peekskill-Cortlandt Veterinary Hospital,Cortlandt Manor,NY,10567,VetCor,Harvest Partners
Taconic Veterinary Center,Cortlandt Manor,NY,10567,Suveto,Levine Leichtman Capital
Deer Park Animal Hospital,Deer Park,NY,11729,PetVet Care Centers,KKR
Park Hills Animal Hospital,Deer Park,NY,11729,NVA,JAB Holdings
All Creatures Animal Hospital,East Amherst,NY,14051,NVA,JAB Holdings
East Greenbush Animal Hospital,East Greenbush,NY,12061,Veterinary Practice Partners,Audax Private Equity
East Hampton Veterinary Group,East Hampton,NY,11937,Veterinary Practice Partners,Audax Private Equity
Oath Animal Hospital,East Meadow,NY,11554,Veterinary Practice Partners,Audax Private Equity
VCA East Meadow Animal Hospital,East Meadow,NY,11554,VCA,Mars
Animal General of East Norwich,East Norwich,NY,11732,VCA,Mars
Veterinary Medical Center of CNY,East Syracuse,NY,13057,Suveto,Levine Leichtman Capital
VCA Broadway Animal Hospital,Elmira,NY,14904,VCA,Mars
VCA Chemung Valley Animal Hospital,Elmira,NY,14903,VCA,Mars
Quality Veterinary Care,Elmont,NY,11003,Alliance Animal Health,L Catterton and LightBay Capital
Fairview Veterinary Hospital,Fairport,NY,14450,Thrive Pet Healthcare,TSG Consumer Partners
Banfield Farmingdale,Farmingdale,NY,11735,Banfield,Mars
Nassau-Suffolk Animal Hospital,Farmingdale,NY,11735,VCA,Mars
VCA Farmingville Animal Hospital,Farmingville,NY,11738,VCA,Mars
Companion Pet Hospital - Fishkill,Fishkill,NY,12524,Alliance Animal Health,L Catterton and LightBay Capital
the Pet Doctor - Flushing,Flushing,NY,11358,Alliance Animal Health,L Catterton and LightBay Capital
Austin Veterinary Care,Forest Hills,NY,11375,AmeriVet,AEA Investors and Abu Dhabi Investment Authority (ADIA)
BluePearl Pet Hospital Queens Forest Hills,Forest Hills,NY,11375,BluePearl Pet Hospital,Mars
Bond Vet - Forest Hills,Forest Hills,NY,11375,Bond Vet,Warburg Pincus
Premier Veterinary Medical Group - Forest Hills,Forest Hills,NY,11375,NVA,JAB Holdings
Veterinary Care Group - Forest Hills,Forest Hills,NY,11375,NVA,JAB Holdings
Fort Plain Animal Hospital,Fort Plain,NY,13339,VetCor,Harvest Partners
Adana Veterinary Clinic,Freeville,NY,13068,CareVet,Compass Group Equity Partners
Bond Vet - Garden City,Garden City,NY,11530,Bond Vet,Warburg Pincus
Banfield Crawford,Garden City Park,NY,11040,Banfield,Mars
Garden City Park Animal Hospital,Garden City Park,NY,11040,Rarebreed Veterinary Partners,Revelstoke Capital Partners
Millersport Small Animal Clinic,Getzville,NY,14068,Mission Pet Health,Silver Lake and Shore Capital Partners
Summer Street Cat Clinic,Getzville,NY,14068,NVA,JAB Holdings
Station Plaza Veterinary Group,Glen Head,NY,11545,Innovetive Pet Care,Metalmark Capital
Veterinary Care Group - Glen Oaks,Glen Oaks,NY,11004,NVA,JAB Holdings
Bethlehem Veterinary Hospital,Glenmont,NY,12077,Heart + Paw,Waud Capital Partners
Glove Cities Veterinary Hospital,Gloversville,NY,12078,VetCor,Harvest Partners
VCA Orange County Veterinary Hospital,Goshen,NY,10924,VCA,Mars
VCA Hamilton Animal Hospital,Hamilton,NY,13346,VCA,Mars
Shinnecock Animal Hospital,Hampton Bays,NY,11946,NVA,JAB Holdings
Hauppauge Animal Hospital,Hauppauge,NY,11788,VCA,Mars
Animal Medical Hospital,Hempstead,NY,11550,Destination Pet,L1 Health
Ark Veterinary Hospital and Urgent Care,Henrietta,NY,14467,Veterinary Practice Partners,Audax Private Equity
Island Trees Veterinary Hospital,Hicksville,NY,11801,AmeriVet,AEA Investors and Abu Dhabi Investment Authority (ADIA)
Mid Island Animal Hospital,Hicksville,NY,11801,United Veterinary Care,Nordic Capital
Hilton Veterinary Hospital,Hilton,NY,14468,Mission Pet Health,Silver Lake and Shore Capital Partners
A.C.E. Veterinary Hospital,Hopewell Junction,NY,12533,Alliance Animal Health,L Catterton and LightBay Capital
East Fishkill Animal Hospital,Hopewell Junction,NY,12533,VetCor,Harvest Partners
Hudson Highlands- Hopewell Junction,Hopewell Junction,NY,12533,Veterinary Practice Partners,Audax Private Equity
Howes Cave Animal Hospital,Howes Cave,NY,12092,CareVet,Compass Group Equity Partners
Commack Animal Hospital,Huntington,NY,11743,VCA,Mars
Dix Hills Animal Hospital,Huntington,NY,11743,Suveto,Levine Leichtman Capital
Gold Coast Center for Veterinary Care,Huntington,NY,11743,Innovetive Pet Care,Metalmark Capital
West Hills Animal Hospital & Emergency Center,Huntington,NY,11743,Innovetive Pet Care,Metalmark Capital
West Hills North Veterinary Clinic,Huntington,NY,11743,Innovetive Pet Care,Metalmark Capital
Hurley Veterinary Hospital,Hurley,NY,12443,Mission Pet Health,Silver Lake and Shore Capital Partners
East Islip Animal Hospital,Islip,NY,11751,VCA,Mars
VCA Colonial Animal Hospital,Ithaca,NY,14850,VCA,Mars
Jamestown Veterinary Hospital,Jamestown,NY,14701,VetCor,Harvest Partners
Lakeside Veterinary Medicine,Jamestown,NY,14701,VetCor,Harvest Partners
Quarryside Animal Hospital,Jamesville,NY,13078,Mission Pet Health,Silver Lake and Shore Capital Partners
Jeffersonville Animal Hospital,Jeffersonville,NY,12748,VetCor,Harvest Partners
Village Animal Hospital,Jericho,NY,11753,AmeriVet,AEA Investors and Abu Dhabi Investment Authority (ADIA)
Kenmore Animal Hospital,Kenmore,NY,14217,NVA,JAB Holdings
Animal Emergency Clinic of the Hudson Valley,Kingston,NY,12401,Rarebreed Veterinary Partners,Revelstoke Capital Partners
Kingston Animal Hospital,Kingston,NY,12401,Veterinary Innovative Partners,Health Enterprise Partners
Vetco Total Care - Kingston,Kingston,NY,12401,Vetco Total Care,Petco
Community Pet Care Hospital,Lackawanna,NY,14218,VetCor,Harvest Partners
Banfield Pet Hospital - Lake Grove Commons,Lake Grove,NY,11755,Banfield,Mars
Lake Placid Animal Hospital,Lake Placid,NY,12946,Rarebreed Veterinary Partners,Revelstoke Capital Partners
Village Animal Hospital,Larchmont,NY,10538,VCA,Mars
Banfield Latham,Latham,NY,12110,Banfield,Mars
Capital District Veterinary Referral Hospital,Latham,NY,12110,Ethos Veterinary Health,JAB Holdings
Latham Animal Hospital,Latham,NY,12110,Rarebreed Veterinary Partners,Revelstoke Capital Partners
VCA Shaker Animal Hospital,Latham,NY,12110,VCA,Mars
Mattituck-Laurel Veterinary Hospital,Laurel,NY,11948,NVA,JAB Holdings
Banfield Levittown,Levittown,NY,11756,Banfield,Mars
Veterinary Care Group - Little Neck,Little Neck,NY,11362,NVA,JAB Holdings
Liverpool Village Animal Hospital,Liverpool,NY,13088,NVA,JAB Holdings
Liverpoool Animal Health Center,Liverpool,NY,13090,Community Veterinary Partners,OMERS
Livonia Veterinary Hospital,Livonia,NY,14487,Blue River PetCare,Partners Group
Wright's Corners Animal Care Center,Lockport,NY,14094,VetCor,Harvest Partners
Locust Valley Veterinary Clinic,Locust Valley,NY,11560,Innovetive Pet Care,Metalmark Capital
Court Square Animal Hospital,Long Island City,NY,11101,Innovetive Pet Care,Metalmark Capital
Long Island City (LIC) Veterinary Center,Long Island City,NY,11101,Alliance Animal Health,L Catterton and LightBay Capital
Steinway Court Veterinarian,Long Island City,NY,11103,PetVet Care Centers,KKR
the Veterinarians at Court Square - Long Island City,Long Island City,NY,11101,Alliance Animal Health,L Catterton and LightBay Capital
Hilton Hospital for Animals,Lynbrook,NY,11563,VetCor,Harvest Partners
Lyons Veterinary Clinic,Lyons,NY,14489,Thrive Pet Healthcare,TSG Consumer Partners
Macedon Veterinary Care,Macedon,NY,14502,NVA,JAB Holdings
Mahopac Animal Hospital,Mahopac,NY,10541,PetVet Care Centers,KKR
Mamaroneck Veterinary Hospital,Mamaroneck,NY,10543,PetVet Care Centers,KKR
Miller-Clark Animal Hospital,Mamaroneck,NY,10543,PetVet Care Centers,KKR
Bond Vet - Upper West Side at 112th Street,Manhattan,NY,10025,Bond Vet,Warburg Pincus
Manlius Veterinary Hospital,Manlius,NY,13104,EverVet Partners,Freeman Spogli and Tailwind Capital
Lake Country Veterinary Care,Marcellus,NY,13108,Veterinary Practice Partners,Audax Private Equity
Dermatology for Animals - Long Island,Massapequa,NY,11758,Thrive Pet Healthcare,TSG Consumer Partners
Massapequa Hospital for Animals,Massapequa,NY,11758,Thrive Pet Healthcare,TSG Consumer Partners
Town & Country NY – Massena,Massena,NY,13662,Alliance Animal Health,L Catterton and LightBay Capital
Long Island Spay & Neuter,Medford,NY,11763,CareVet,Compass Group Equity Partners
Bond Vet - Merrick,Merrick,NY,11566,Bond Vet,Warburg Pincus
Forest Hills Cat Hospital,Middle Village,NY,11379,AmeriVet,AEA Investors and Abu Dhabi Investment Authority (ADIA)
Veterinary Care Group - Middle Village,Middle Village,NY,11379,NVA,JAB Holdings
Ridge Animal Hospital,Middleport,NY,14105,VetCor,Harvest Partners
Ani-Mall Pet Hospital,Middletown,NY,10940,VetCor,Harvest Partners
Banfield Middletown,Middletown,NY,10940,Banfield,Mars
Middletown Veterinary Hospital,Middletown,NY,10940,VetCor,Harvest Partners
Monhagen Veterinary Hospital,Middletown,NY,10940,VetCor,Harvest Partners
Millerton Veterinary Practice,Millerton,NY,12546,Blue River PetCare,Partners Group
Millwood Animal Hospital,Millwood,NY,10546,NVA,JAB Holdings
Best In Show Pet Resort,Mineola,NY,11501,NVA,JAB Holdings
Garden City Veterinary Care,Mineola,NY,11501,AmeriVet,AEA Investors and Abu Dhabi Investment Authority (ADIA)
Mineola Animal Hospital,Mineola,NY,11501,Rarebreed Veterinary Partners,Revelstoke Capital Partners
Premier Veterinary Medical Group - Mineola,Mineola,NY,11501,NVA,JAB Holdings
Banfield Cortlandt,Mohegan Lake,NY,10547,Banfield,Mars
Goosepond Animal Hospital,Monroe,NY,10950,VetCor,Harvest Partners
VCA Mount Kisco Veterinary Clinic,Mt Kisco,NY,10549,VCA,Mars
Vetco Total Care - Mt Vernon,Mt Vernon,NY,10550,Vetco Total Care,Petco
Banfield Nanuet,Nanuet,NY,10954,Banfield,Mars
VEG Nanuet,Nanuet,NY,10954,VEG (Veterinary Emergency Group),D1 Capital & Fidelity
Nassau Veterinary Clinic,Nassau,NY,12123,Community Veterinary Partners,OMERS
Best Friends Veterinary Care,Nesconset,NY,11767,Suveto,Levine Leichtman Capital
Animal Medical of New City,New City,NY,10956,Blue River PetCare,Partners Group
VCA Burrstone Animal Hospital,New Hartford,NY,13413,VCA,Mars
VCA New Hartford Animal Hospital,New Hartford,NY,13413,VCA,Mars
Banfield New Hyde Park CLOSED,New Hyde Park,NY,11040,Banfield,Mars
New Hyde Park Animal Hospital,New Hyde Park,NY,11040,Rarebreed Veterinary Partners,Revelstoke Capital Partners
The Cat Doctor,New Hyde Park,NY,11040,Rarebreed Veterinary Partners,Revelstoke Capital Partners
All Creatures Veterinary Hospital,New Paltz,NY,12561,Innovetive Pet Care,Metalmark Capital
New Paltz Animal Hospital,New Paltz,NY,12561,VetCor,Harvest Partners
VCA Flannery Animal Hospital,New Windsor,NY,12553,VCA,Mars
Animal General,New York,NY,10024,Thrive Pet Healthcare,TSG Consumer Partners
Banfield Uptown Manhattan CLOSED,New York,NY,10026,Banfield,Mars
Battery Park Veterinary Hospital,New York,NY,10280,NVA,JAB Holdings
BluePearl Pet Hospital Downtown NYC New York,New York,NY,10011,BluePearl Pet Hospital,Mars
BluePearl Pet Hospital Midtown NYC New York,New York,NY,10019,BluePearl Pet Hospital,Mars
Bond Vet - Chelsea,New York,NY,10011,Bond Vet,Warburg Pincus
Bond Vet - East Village,New York,NY,10009,Bond Vet,Warburg Pincus
Bond Vet - Financial District,New York,NY,10038,Bond Vet,Warburg Pincus
Bond Vet - Hell's Kitchen,New York,NY,10036,Bond Vet,Warburg Pincus
Bond Vet - Kips Bay,New York,NY,10016,Bond Vet,Warburg Pincus
Bond Vet - Lower East Side,New York,NY,10002,Bond Vet,Warburg Pincus
Bond Vet - NoHo,New York,NY,10012,Bond Vet,Warburg Pincus
Bond Vet - Upper East Side at 62nd Street,New York,NY,10065,Bond Vet,Warburg Pincus
Bond Vet - Upper East Side at 86th Street,New York,NY,10028,Bond Vet,Warburg Pincus
Bond Vet - Upper West Side at 77th Street,New York,NY,10024,Bond Vet,Warburg Pincus
Bond Vet - Upper West Side at 91st Street,New York,NY,10025,Bond Vet,Warburg Pincus
Carnegie Hill Veterinarians,New York,NY,10128,Veterinary Innovative Partners,Health Enterprise Partners
Center for Avian and Exotic Medicine,New York,NY,10024,Thrive Pet Healthcare,TSG Consumer Partners
Center for Veterinary Care,New York,NY,10021,Thrive Pet Healthcare,TSG Consumer Partners
City Veterinary Care,New York,NY,10023,Alliance Animal Health,L Catterton and LightBay Capital
East Side Animal Hospital,New York,NY,10022,Alliance Animal Health,L Catterton and LightBay Capital
East Village Animal Clinic,New York,NY,10003,Veterinary Innovative Partners,Health Enterprise Partners
First Avenue Veterinary Hospital,New York,NY,10003,NVA,JAB Holdings
Greenwich Village Animal Hospital,New York,NY,10014,Rarebreed Veterinary Partners,Revelstoke Capital Partners
Heart of Chelsea - West Village,New York,NY,10014,Suveto,Levine Leichtman Capital
Heart of Chelsea Veterinary Group - Chelsea,New York,NY,10011,Suveto,Levine Leichtman Capital
Heart of Chelsea Veterinary Group - Hell's Kitchen,New York,NY,10036,Suveto,Levine Leichtman Capital
Heart of Chelsea Veterinary Group - Lower East Side,New York,NY,10002,Suveto,Levine Leichtman Capital
Inwood Animal Clinic,New York,NY,10034,Alliance Animal Health,L Catterton and LightBay Capital
Lincoln Square Veterinary Hospital,New York,NY,10023,VetCor,Harvest Partners
Manhattan Veterinary Group,New York,NY,10075,VCA,Mars
Murray Hill Pet Hospital,New York,NY,10010,Destination Pet,L1 Health
New York Cat Hospital,New York,NY,10069,VetCor,Harvest Partners
New York Dog Spa & Hotel,New York,NY,10011,Destination Pet,L1 Health
Noah’s Ark Veterinary Practice,New York,NY,11229,Blue River PetCare,Partners Group
Pure Paws Veterinary Care of Hell's Kitchen,New York,NY,10036,Veterinary Practice Partners,Audax Private Equity
Pure Paws Veterinary Care of Hudson Square,New York,NY,10014,Veterinary Practice Partners,Audax Private Equity
Reade Street Animal Hospital,New York,NY,10013,Thrive Pet Healthcare,TSG Consumer Partners
Rivergate Veterinary Clinic,New York,NY,10016,PetVet Care Centers,KKR
Riverside Animal Hospital North,New York,NY,10025,NVA,JAB Holdings
Riverside Veterinary Care on Columbus,New York,NY,10024,NVA,JAB Holdings
Seaport Animal Hospital,New York,NY,10038,NVA,JAB Holdings
Small Door Gramercy (NY),New York,NY,10010,Small Door,Valspring Capital
Small Door Upper East Side (NY),New York,NY,10021,Small Door,Valspring Capital
Small Door Upper West Side North (NY),New York,NY,10025,Small Door,Valspring Capital
Small Door West Village (NY),New York,NY,10011,Small Door,Valspring Capital
Symphony Veterinary Center,New York,NY,10025,NVA,JAB Holdings
Tribeca Soho Animal Hospital,New York,NY,10013,NVA,JAB Holdings
University Animal Hospital,New York,NY,10065,AmeriVet,AEA Investors and Abu Dhabi Investment Authority (ADIA)
VCA Park East Animal Hospital,New York,NY,10021,VCA,Mars
Vetco Total Care - New York,New York,NY,10003,Vetco Total Care,Petco
West Chelsea Veterinary,New York,NY,10001,Encore Vet Group,North Castle Partners
West Village Veterinary Hospital,New York,NY,10014,NVA,JAB Holdings
Abingdon Square Veterinary Clinic,New York City,NY,10011,Veterinary Innovative Partners,Health Enterprise Partners
Eye Care for Animals New York City CLOSED,New York City,NY,10021,Thrive Pet Healthcare,TSG Consumer Partners
Banfield Newburgh,Newburgh,NY,12550,Banfield,Mars
Newburgh Veterinary Hospital,Newburgh,NY,12550,Innovetive Pet Care,Metalmark Capital
West End Veterinary Office,Newburgh,NY,12550,Community Veterinary Partners,OMERS
River Road Animal Hospital,Niskayuna,NY,12309,CareVet,Compass Group Equity Partners
Chathams Small Animal Hospital,North Chatham,NY,12132,AmeriVet,AEA Investors and Abu Dhabi Investment Authority (ADIA)
Pine Woods Animal Hospital,North Tonawanda,NY,14120,Western Veterinary Partners,Tyree & D'Angelo Partners
Pet Street Station Animal Hospital,Norwich,NY,13815,VetCor,Harvest Partners
Animal Surgical Center,Oceanside,NY,11572,Mission Pet Health,Silver Lake and Shore Capital Partners
UrgentVet Oceanside,Oceanside,NY,11572,American Veterinary Group,Oak Hill Capital
Town & Country Veterinary Clinic,Ogdensburg,NY,13669,Alliance Animal Health,L Catterton and LightBay Capital
Wood Hill Veterinary Clinic,Old Chatham,NY,12136,EverVet Partners,Freeman Spogli and Tailwind Capital
Haskell Valley Veterinary Clinic,Olean,NY,14760,CareVet,Compass Group Equity Partners
Oneonta Veterinary Hospital,Oneonta,NY,13820,VetCor,Harvest Partners
Animal Junction Veterinary Clinic,Ontario,NY,14519,Thrive Pet Healthcare,TSG Consumer Partners
County Line Animal Hospital,Ontario,NY,14519,VetCor,Harvest Partners
Palisades Veterinary Hospital,Orangeburg,NY,10962,EverVet Partners,Freeman Spogli and Tailwind Capital
Banfield Orchard Park,Orchard Park,NY,14127,Banfield,Mars
Orchard Park Veterinary Medical Center,Orchard Park,NY,14127,Alliance Animal Health,L Catterton and LightBay Capital
Family Vet Care of Ossining,Ossining,NY,10562,Alliance Animal Health,L Catterton and LightBay Capital
North Country Veterinary Services,Oswego,NY,13126,NVA,JAB Holdings
Oyster Bay Animal Hospital,Oyster Bay,NY,11771,Innovetive Pet Care,Metalmark Capital
Vetco Total Care - Patchogue,Patchogue,NY,11772,Vetco Total Care,Petco
Banfield Pelham,Pelham,NY,10803,Banfield,Mars
Clark Animal Care Center,Penfield,NY,14526,NVA,JAB Holdings
VCA Pine Bush Animal Hospital,Pine Bush,NY,12566,VCA,Mars
Pine Plains Veterinary Hospital,Pine Plains,NY,12567,Veterinary Practice Partners,Audax Private Equity
"Canfield Vet, Dog and Cat Hospital",Pittsford,NY,14534,Blue River PetCare,Partners Group
Long Island Veterinary Specialists,Plainview,NY,11803,Ethos Veterinary Health,JAB Holdings
Vetco Total Care - Plainview,Plainview,NY,11803,Vetco Total Care,Petco
Champlain Valley Veterinary Services,Plattsburgh,NY,12901,VetCor,Harvest Partners
Plattsburgh Animal Hospital,Plattsburgh,NY,12901,Rarebreed Veterinary Partners,Revelstoke Capital Partners
All Creatures Great and Small,Pomona,NY,10970,NVA,JAB Holdings
Rockland Veterinary Care - Pomona,Pomona,NY,10970,PetVet Care Centers,KKR
The Dog Spa at All Creatures,Pomona,NY,10970,NVA,JAB Holdings
Countryside Animal Hospital,Port Jefferson,NY,11777,CareVet,Compass Group Equity Partners
Jefferson Animal Hospital,Port Jefferson Station,NY,11776,PetVet Care Centers,KKR
Tri-State Veterinary Hospital,Port Jervis,NY,12771,EverVet Partners,Freeman Spogli and Tailwind Capital
Town & Country Veterinary Clinic,Potsdam,NY,13676,Alliance Animal Health,L Catterton and LightBay Capital
Dutchess County Animal Clinic,Poughkeepsie,NY,12603,Veterinary Innovative Partners,Health Enterprise Partners
Vetco Total Care - Poughkeepsie,Poughkeepsie,NY,12601,Vetco Total Care,Petco
Pound Ridge Veterinary Center,Pound Ridge,NY,10576,Veterinary Practice Partners,Audax Private Equity
North Country Veterinary Services,Pulaski,NY,13142,NVA,JAB Holdings
Bond Vet - Bayside,Queens,NY,11360,Bond Vet,Warburg Pincus
Bond Vet - Long Island City,Queens,NY,11101,Bond Vet,Warburg Pincus
Countryside Veterinary Medical Group,Queensbury,NY,12804,VetCor,Harvest Partners
VCA Adirondack Animal Hospital,Queensbury,NY,12804,VCA,Mars
VEG Ralph Ave,Ralph Ave Brooklyn,NY,11234,VEG (Veterinary Emergency Group),D1 Capital & Fidelity
VCA High Peaks Animal Hospital,Ray Brook,NY,12977,VCA,Mars
Lefferts Animal Hospital,Richmond Hill,NY,11418,Alliance Animal Health,L Catterton and LightBay Capital
East End Veterinary Center,Riverhead,NY,11901,Ethos Veterinary Health,JAB Holdings
Vetco Total Care - Riverhead,Riverhead,NY,11901,Vetco Total Care,Petco
Banfield Henrietta,Rochester,NY,14623,Banfield,Mars
Cats & Critters Veterinary Hospital,Rochester,NY,14607,Thrive Pet Healthcare,TSG Consumer Partners
Chili Animal Care,Rochester,NY,14624,Thrive Pet Healthcare,TSG Consumer Partners
Coldwater Animal Hospital,Rochester,NY,14624,Veterinary Practice Partners,Audax Private Equity
Companion Animal Hospital,Rochester,NY,14623,Thrive Pet Healthcare,TSG Consumer Partners
Dermatology for Animals - Rochester,Rochester,NY,14615,Thrive Pet Healthcare,TSG Consumer Partners
Greece Animal Hospital,Rochester,NY,14612,Thrive Pet Healthcare,TSG Consumer Partners
Irondequoit Animal Hospital,Rochester,NY,14617,Thrive Pet Healthcare,TSG Consumer Partners
Penfield Veterinary Hospital,Rochester,NY,14625,Thrive Pet Healthcare,TSG Consumer Partners
Pittsford Animal Hospital,Rochester,NY,14618,Thrive Pet Healthcare,TSG Consumer Partners
Ridgemont Animal Hospital,Rochester,NY,14626,PetVet Care Centers,KKR
ROC Pet Rehab,Rochester,NY,14623,Thrive Pet Healthcare,TSG Consumer Partners
Rochester Community Animal Clinic,Rochester,NY,14609,Thrive Pet Healthcare,TSG Consumer Partners
South Towne Veterinary Hospital,Rochester,NY,14623,Community Veterinary Partners,OMERS
Stoney Pointe Animal Health Centre,Rochester,NY,14624,PetVet Care Centers,KKR
Suburban Animal Hospital,Rochester,NY,14623,Thrive Pet Healthcare,TSG Consumer Partners
Premier Veterinary Medical Group - Rockville Centre,Rockville Centre,NY,11570,NVA,JAB Holdings
Rocky Point Animal Hospital,Rocky Point,NY,11778,Community Veterinary Partners,OMERS
Rome Animal Hospital,Rome,NY,13440,VCA,Mars
Sachem Animal Hospital,Ronkonkoma,NY,11779,NVA,JAB Holdings
Bond Vet - Roslyn,Roslyn,NY,11576,Bond Vet,Warburg Pincus
Rye Harrison Veterinary Hospital,Rye,NY,10580,Veterinary Practice Partners,Audax Private Equity
Borador Animal Hospital,Salem,NY,12865,Rarebreed Veterinary Partners,Revelstoke Capital Partners
Banfield Saratoga Springs,Saratoga Springs,NY,12866,Banfield,Mars
Saugerties Animal Hospital,Saugerties,NY,12477,Rarebreed Veterinary Partners,Revelstoke Capital Partners
South Peak Veterinary Hospital,Saugerties,NY,12477,Heart + Paw,Waud Capital Partners
Grady Animal Hospital,Sayville,NY,11782,VetCor,Harvest Partners
Sayville Animal Hospital,Sayville,NY,11782,VCA,Mars
Central Animal Hospital,Scarsdale,NY,10583,Mission Pet Health,Silver Lake and Shore Capital Partners
Banfield Niskayuna,Schenectady,NY,12304,Banfield,Mars
Setauket Animal Hospital,Setauket- East Setauket,NY,11733,PetVet Care Centers,KKR
North Fork Animal Hospital Shelter Island Clinic,Shelter Island,NY,11964,NVA,JAB Holdings
Floyd Harbor Animal Hospital,Shirley,NY,11967,VetCor,Harvest Partners
South Salem Animal Hospital,South Salem,NY,10590,PetVet Care Centers,KKR
Olde Towne Animal Hospital,Southampton,NY,11968,Veterinary Practice Partners,Audax Private Equity
North Fork Animal Hospital,Southold,NY,11971,NVA,JAB Holdings
Nachbar Veterinary Hospital,Springville,NY,14141,CareVet,Compass Group Equity Partners
Countryside Animal Hospital,Staatsburg,NY,12580,VetCor,Harvest Partners
Aadobe Animal Hospital,Staten Island,NY,10302,PetVet Care Centers,KKR
Banfield Staten Island,Staten Island,NY,10302,Banfield,Mars
Banfield Staten Island Hylan Plaza,Staten Island,NY,10306,Banfield,Mars
Greater Staten Island Veterinary Services,Staten Island,NY,10314,Veritas Veterinary Partners,Percheron Capital
Northside Animal Hospital,Staten Island,NY,10302,CareVet,Compass Group Equity Partners
Richmond Valley Veterinary Practice,Staten Island,NY,10309,Mission Pet Health,Silver Lake and Shore Capital Partners
South Shore Animal Hospital,Staten Island,NY,10306,VCA,Mars
Staten Island Animal Hospital,Staten Island,NY,10314,VCA,Mars
VEG New Dorp,Staten Island,NY,10306,VEG (Veterinary Emergency Group),D1 Capital & Fidelity
Vetco Total Care - Staten Island,Staten Island,NY,10309,Vetco Total Care,Petco
Marbletown Animal Hospital,Stone Ridge,NY,12484,NVA,JAB Holdings
Rockland Veterinary Care - North Rockland,Stony Point,NY,10980,PetVet Care Centers,KKR
Animal Dermatology Clinic Rockland County,Suffern,NY,10901,Animal Dermatology Clinic,Percheron Capital
Suffern Animal Hospital,Suffern,NY,10901,VetCor,Harvest Partners
Jericho Animal Hospital,Syosset,NY,11791,VCA,Mars
Liverpool Village Animal Wellness,Syracuse,NY,13212,NVA,JAB Holdings
Lyncourt Veterinary Hospital,Syracuse,NY,13208,VetCor,Harvest Partners
Nottingham Pet Clinic,Syracuse,NY,13210,CareVet,Compass Group Equity Partners
Shop City Animal Hospital,Syracuse,NY,13206,VCA,Mars
VCA Fairmount Animal Hospital,Syracuse,NY,13219,VCA,Mars
Brighton Eggert Animal Clinic and Pet Resort,Tonawanda,NY,14150,NVA,JAB Holdings
Mendon Village Animal Hospital,Town of Mendon,NY,14506,Blue River PetCare,Partners Group
Troy Veterinary Hospital,Troy,NY,12180,Rarebreed Veterinary Partners,Revelstoke Capital Partners
Tuckahoe Animal Hospital and Pet Center,Tuckahoe,NY,10707,Veterinary Practice Partners,Audax Private Equity
VEG Upper East Side,Upper East Side,NY,10065,VEG (Veterinary Emergency Group),D1 Capital & Fidelity
Valhalla Animal Hospital,Valhalla,NY,10595,Alliance Animal Health,L Catterton and LightBay Capital
Rockland Veterinary Care - Hudson Valley,Valley Cottage,NY,10989,PetVet Care Centers,KKR
Valley Cottage Animal Hospital,Valley Cottage,NY,10989,NVA,JAB Holdings
Banfield Valley Stream,Valley Stream,NY,11581,Banfield,Mars
VCA Southern Tier Animal Hospital,Vestal,NY,13850,VCA,Mars
Vestal Veterinary Hospital,Vestal,NY,13850,Encore Vet Group,North Castle Partners
Perinton Veterinary Hospital,Victor,NY,14564,Thrive Pet Healthcare,TSG Consumer Partners
Veterinary Medical Center,Village of Endicott,NY,13760,Blue River PetCare,Partners Group
Honeoye Falls Veterinary,Village of Honeoye Falls,NY,14472,Blue River PetCare,Partners Group
Binghamton Animal Clinic,Village of Johnson City,NY,13790,Blue River PetCare,Partners Group
The Village Animal Clinic,Voorheesville,NY,12186,AmeriVet,AEA Investors and Abu Dhabi Investment Authority (ADIA)
South Shore Animal Hospital,Wantagh,NY,11793,NVA,JAB Holdings
VCA North Country Animal Hospital,Watertown,NY,13601,VCA,Mars
Waterville Veterinary Clinic,Waterville,NY,13480,NVA,JAB Holdings
Banfield Webster NY,Webster,NY,14580,Banfield,Mars
Bayview Animal Hospital,Webster,NY,14580,Thrive Pet Healthcare,TSG Consumer Partners
Laurelton Bayside Animal Hospital,Webster,NY,14580,Mission Pet Health,Silver Lake and Shore Capital Partners
Aldrich Animal Hospital,West Babylon,NY,11704,VCA,Mars
New Baltimore Animal Hospital,West Coxsackie,NY,12192,VetCor,Harvest Partners
West Hempstead Animal Hospital,West Hempstead,NY,11552,Alliance Animal Health,L Catterton and LightBay Capital
Sunrise Veterinary Group,West Islip,NY,11795,VCA,Mars
Veterinary Medical Center of Long Island,West Islip,NY,11795,PetVet Care Centers,KKR
Long Island Animal Hospital,Westbury,NY,11590,United Veterinary Care,Nordic Capital
Veterinary Care Group - Westbury,Westbury,NY,11590,NVA,JAB Holdings
Veterinary Referral & Emergency Center of Westbury,Westbury,NY,11590,VCA,Mars
Adirondack Veterinary Hospital,Westport,NY,12993,Rarebreed Veterinary Partners,Revelstoke Capital Partners
Animal Dermatology Clinic White Plains,White Plains,NY,10607,Animal Dermatology Clinic,Percheron Capital
Banfield Greenburgh,White Plains,NY,10607,Banfield,Mars
Bond Animal Hospital,White Plains,NY,10606,VCA,Mars
Dakota Veterinary Center,White Plains,NY,10607,Veterinary Innovative Partners,Health Enterprise Partners
VEG White Plains,White Plains,NY,10607,VEG (Veterinary Emergency Group),D1 Capital & Fidelity
Veterinary Care Group - Whitestone,Whitestone,NY,11357,NVA,JAB Holdings
VEG Williamsburg,Williamsburg,NY,11249,VEG (Veterinary Emergency Group),D1 Capital & Fidelity
Veterinary Care Group - Williamsburg,Williamsburg,NY,11249,NVA,JAB Holdings
Bond Vet - Woodbury,Woodbury,NY,11797,Bond Vet,Warburg Pincus
Woodbury Animal Hospital,Woodbury,NY,11797,Alliance Animal Health,L Catterton and LightBay Capital
Queens Animal Hospital,Woodside,NY,11377,PetVet Care Centers,KKR
4 Paws Veterinary Care,Wynantskill,NY,12198,EverVet Partners,Freeman Spogli and Tailwind Capital
Animal Specialty Center,Yonkers,NY,10701,Ethos Veterinary Health,JAB Holdings
Banfield Yonkers,Yonkers,NY,10710,Banfield,Mars
County Animal Clinic,Yonkers,NY,10710,VCA,Mars
Vetco Total Care - Yonkers,Yonkers,NY,10710,Vetco Total Care,Petco
Yonkers Animal Hospital,Yonkers,NY,10701,Thrive Pet Healthcare,TSG Consumer Partners
Yorktown Animal Hospital,Yorktown Heights,NY,10598,VetCor,Harvest Partners
Yorktown Veterinary Associates,Yorktown Heights,NY,10598,Alliance Animal Health,L Catterton and LightBay Capital
Metz Petz Veterinary Clinics - Ada,Ada,OH,45810,EverVet Partners,Freeman Spogli and Tailwind Capital
Dermatology for Animals - Akron,Akron,OH,44320,Thrive Pet Healthcare,TSG Consumer Partners
Eye Care for Animals - Akron,Akron,OH,44320,Thrive Pet Healthcare,TSG Consumer Partners
MedVet Akron,Akron,OH,44321,MedVet,Minority stake by Leonard Green & Partners
Metropolitan Veterinary Hospital – Akron,Akron,OH,44321,Ethos Veterinary Health,JAB Holdings
Turkeyfoot Family Pet Center,Akron,OH,44319,VetCor,Harvest Partners
Valley Animal Hospital,Akron,OH,44313,Mission Pet Health,Silver Lake and Shore Capital Partners
Banfield Aurora,Aurora,OH,44202,Banfield,Mars
Austinburg Veterinary Clinic,Austinburg,OH,44010,VetCor,Harvest Partners
Avon Animal Hospital,Avon,OH,44011,Blue River PetCare,Partners Group
Avon Lake Animal Clnic,Avon Lake,OH,44012,NVA,JAB Holdings
Hillside Small Animal Hospital,Batavia,OH,45103,Western Veterinary Partners,Tyree & D'Angelo Partners
Banfield Beavercreek,Beavercreek,OH,45431,Banfield,Mars
Livewell Animal Hospital of Beaver Creek (coming soon),Beavercreek,OH,45431,Mission Pet Health,Silver Lake and Shore Capital Partners
VCA Beavercreek Animal Hospital,Beavercreek,OH,45432,VCA,Mars
Covenant Animal Clinic – Bellbrook,Bellbrook,OH,45305,AmeriVet,AEA Investors and Abu Dhabi Investment Authority (ADIA)
Southgate Veterinary Clinic,Bellefontaine,OH,43311,Alliance Animal Health,L Catterton and LightBay Capital
East Holmes Veterinary Clinic,Berlin,OH,44610,VetCor,Harvest Partners
Bethel Community Pet Hospital,Bethel,OH,45106,Heartland Veterinary Partners,Gryphon Investors
Seven Hills Pet Clinic - Blanchester,Blanchester,OH,45107,NVA,JAB Holdings
Mission Vet Urgent Care,Blue Ash,OH,45242,Mission Pet Health,Silver Lake and Shore Capital Partners
Towne Square Animal Clinic,Blue Ash,OH,45242,Heartland Veterinary Partners,Gryphon Investors
Ebert Animal Hospital,Boardman,OH,44512,Mission Pet Health,Silver Lake and Shore Capital Partners
South Mill Veterinary Clinic,Boardman,OH,44512,VetCor,Harvest Partners
Town & Country Veterinary Clinic - Bolivar CLOSED,Bolivar,OH,44612,Blue River PetCare,Partners Group
Animal Hospital at West Ridge,Bowling Green,OH,43402,VetCor,Harvest Partners
Bartels Pet Hospital,Brecksville,OH,44141,VetCor,Harvest Partners
Bartels Pet Hospital,Brecksville,OH,44141,VetCor,Harvest Partners
Apple Hill Animal Hospital,Broadview Heights,OH,44147,VetCor,Harvest Partners
Brookville Animal Hospital,Brookville,OH,45309,CareVet,Compass Group Equity Partners
Brunswick Animal Hospital,Brunswick,OH,44212,Mission Pet Health,Silver Lake and Shore Capital Partners
VCA Burton Animal Hospital,Burton,OH,44021,VCA,Mars
Fulton Animal Hospital,Canal Fulton,OH,44614,Heartland Veterinary Partners,Gryphon Investors
MedVet Diley Hill,Canal Winchester,OH,43110,MedVet,Minority stake by Leonard Green & Partners
Doctors Park Veterinary Clinic,Canfield,OH,44406,VetCor,Harvest Partners
Mellett Animal Hospital,Canton,OH,44708,Mission Pet Health,Silver Lake and Shore Capital Partners
Stark Animal Hospital,Canton,OH,44709,VetCor,Harvest Partners
Alex-Bell Veterinary Clinic,Centerville,OH,45459,VetCor,Harvest Partners
Banfield Dayton Centerville,Centerville,OH,45440,Banfield,Mars
Care Center – Dayton,Centerville,OH,45459,Ethos Veterinary Health,JAB Holdings
Covenant Animal Clinic – Centerville,Centerville,OH,45459,AmeriVet,AEA Investors and Abu Dhabi Investment Authority (ADIA)
Chagrin Animal Clinic,Chagrin Falls,OH,44023,Heartland Veterinary Partners,Gryphon Investors
Chagrin Valley Veterinary Clinic,Chagrin Falls,OH,44022,CareVet,Compass Group Equity Partners
The Barkley Pet Hotel & Day Camp,Chagrin Falls,OH,44022,NVA,JAB Holdings
Anderson Hills Animal Care Hospital,Cincinnati,OH,45244,CareVet,Compass Group Equity Partners
Animal Dermatology Clinic,Cincinnati,OH,45241,Animal Dermatology Clinic,Percheron Capital
Banfield Colerain,Cincinnati,OH,45251,Banfield,Mars
Banfield Eastgate,Cincinnati,OH,45245,Banfield,Mars
Banfield Hyde Park,Cincinnati,OH,45209,Banfield,Mars
Banfield Western Hills,Cincinnati,OH,45211,Banfield,Mars
Beechmont Pet Hospital,Cincinnati,OH,45230,NVA,JAB Holdings
Care Center – Cincinnati,Cincinnati,OH,45249,Ethos Veterinary Health,JAB Holdings
Cherry Grove Animal Hospital,Cincinnati,OH,45255,Western Veterinary Partners,Tyree & D'Angelo Partners
Cincinnati Veterinary Surgical & Wellness Center,Cincinnati,OH,45255,Encore Vet Group,North Castle Partners
Covedale Pet Hospital,Cincinnati,OH,45238,VetCor,Harvest Partners
Eastgate Animal Hospital,Cincinnati,OH,45244,PetVet Care Centers,KKR
Glenway Animal Hospital,Cincinnati,OH,45211,Alliance Animal Health,L Catterton and LightBay Capital
Grady Veterinary Hospital,Cincinnati,OH,45231,Rarebreed Veterinary Partners,Revelstoke Capital Partners
Hyde Park Veterinary Clinic,Cincinnati,OH,45208,PetVet Care Centers,KKR
Kyle Veterinary Hospital,Cincinnati,OH,45249,Veterinary Practice Partners,Audax Private Equity
My Pet's Vet Eastgate,Cincinnati,OH,45245,My Pet's Vet Group,Fulcrum Equity Partners
PetCare Animal Hospital,Cincinnati,OH,45242,Alliance Animal Health,L Catterton and LightBay Capital
PetSuites Sharonville,Cincinnati,OH,45241,NVA,JAB Holdings
VCA College Hill Animal Hospital,Cincinnati,OH,45224,VCA,Mars
VCA Madeira Animal Hospital,Cincinnati,OH,45243,VCA,Mars
VEG Cincinnati,Cincinnati,OH,45209,VEG (Veterinary Emergency Group),D1 Capital & Fidelity
Wyoming Veterinary Clinic,Cincinnati,OH,45215,Heart + Paw,Waud Capital Partners
Clayton Animal Hospital,Clayton,OH,45315,Heartland Veterinary Partners,Gryphon Investors
Banfield South Euclid,Cleveland,OH,44118,Banfield,Mars
Belvoir Pet Hospital,Cleveland,OH,44121,Western Veterinary Partners,Tyree & D'Angelo Partners
Big Creek Pet Hospital,Cleveland,OH,44130,VetCor,Harvest Partners
Gateway Animal Clinic,Cleveland,OH,44113,VetCor,Harvest Partners
MedVet Cleveland,Cleveland,OH,44135,MedVet,Minority stake by Leonard Green & Partners
Pet Palace East Cleveland,Cleveland,OH,44128,Destination Pet,L1 Health
Banfield Columbus NE,Columbus,OH,43219,Banfield,Mars
Banfield Columbus SW,Columbus,OH,43228,Banfield,Mars
Banfield Forest Park,Columbus,OH,43229,Banfield,Mars
Banfield Polaris,Columbus,OH,43240,Banfield,Mars
Beechwold Veterinary Hospital,Columbus,OH,43214,Thrive Pet Healthcare,TSG Consumer Partners
Bethel Animal Hospital,Columbus,OH,43220,Mission Pet Health,Silver Lake and Shore Capital Partners
Care Pet Clinic,Columbus,OH,43205,CareVet,Compass Group Equity Partners
Dermatology for Animals – Columbus,Columbus,OH,43214,Thrive Pet Healthcare,TSG Consumer Partners
German Village Veterinary Hospital,Columbus,OH,43206,Mission Pet Health,Silver Lake and Shore Capital Partners
GoodVets New Albany,Columbus,OH,43230,GoodVets,General Atlantic
Health & Harmony Animal Hospital,Columbus,OH,43212,Mission Pet Health,Silver Lake and Shore Capital Partners
MedVet New Albany,Columbus,OH,43230,MedVet,Minority stake by Leonard Green & Partners
Northarlington Animal Clinic,Columbus,OH,43220,Alliance Animal Health,L Catterton and LightBay Capital
Pet Palace Columbus,Columbus,OH,43219,Destination Pet,L1 Health
PetSuites Gahanna,Columbus,OH,43230,NVA,JAB Holdings
PetSuites Worthington,Columbus,OH,43235,NVA,JAB Holdings
Purrfect Care Feline Medical Center,Columbus,OH,43212,VetCor,Harvest Partners
Suburban Animal Clinic,Columbus,OH,43204,Heartland Veterinary Partners,Gryphon Investors
Upper Arlington Veterinary Hospital,Columbus,OH,43221,Mission Pet Health,Silver Lake and Shore Capital Partners
VCA Sawmill Animal Hospital,Columbus,OH,43235,VCA,Mars
Worthington Woods Animal Care Center,Columbus,OH,43085,Western Veterinary Partners,Tyree & D'Angelo Partners
Big Creek Veterinary Hospital,Concord,OH,44077,Encore Vet Group,North Castle Partners
A1 Vet Care,Coshocton,OH,43812,Heartland Veterinary Partners,Gryphon Investors
Banfield Cuyahoga Falls,Cuyahoga Falls,OH,44221,Banfield,Mars
Cuyahoga Falls Veterinary Clinic,Cuyahoga Falls,OH,44223,Western Veterinary Partners,Tyree & D'Angelo Partners
Airway Animal Clinic,Dayton,OH,45431,VetCor,Harvest Partners
Banfield Dayton,Dayton,OH,45459,Banfield,Mars
Banfield Dayton Mall,Dayton,OH,45459,Banfield,Mars
Huber Heights Animal Hospital,Dayton,OH,45424,CareVet,Compass Group Equity Partners
North Main Animal Clinic,Dayton,OH,45415,Heartland Veterinary Partners,Gryphon Investors
Northgate Animal Hospital,Dayton,OH,45424,AmeriVet,AEA Investors and Abu Dhabi Investment Authority (ADIA)
PetSuites Dayton,Dayton,OH,45449,NVA,JAB Holdings
Defiance Veterinary Clinic,Defiance,OH,43512,CareVet,Compass Group Equity Partners
Pet Palace Delaware/Powell,Delaware,OH,43015,Destination Pet,L1 Health
Delphos Animal Hospital,Delphos,OH,45833,VetCor,Harvest Partners
Kessen Veterinary Clinic,Delphos,OH,45833,AmeriVet,AEA Investors and Abu Dhabi Investment Authority (ADIA)
Northwest Veterinary Hospital,Delta,OH,43515,CareVet,Compass Group Equity Partners
Oak Pointe Veterinary Care,Dover,OH,44622,NVA,JAB Holdings
Sifferlin Animal Clinic,Dover,OH,44622,Blue River PetCare,Partners Group
Riverside Drive Animal Care Center,Dublin,OH,43017,Thrive Pet Healthcare,TSG Consumer Partners
VEG Dublin,Dublin,OH,43017,VEG (Veterinary Emergency Group),D1 Capital & Fidelity
Red Star Veterinary Clinic,East Canton,OH,44730,VetCor,Harvest Partners
VEG Easton,"Easton, Columbus",OH,43230,VEG (Veterinary Emergency Group),D1 Capital & Fidelity
Town and Country Veterinary Clinic,Eaton,OH,45320,VetCor,Harvest Partners
Elyria Animal Hospital,Elyria,OH,44035,Heartland Veterinary Partners,Gryphon Investors
MedVet Cincinnati,Fairfax,OH,45227,MedVet,Minority stake by Leonard Green & Partners
Vetco Total Care - Fairview Park,Fairview Park,OH,44126,Vetco Total Care,Petco
VCA Findlay Animal Care Center,Findlay,OH,45840,VCA,Mars
VCA Findlay Animal Hospital,Findlay,OH,45840,VCA,Mars
CareVet of Middletown,Franklin,OH,45005,CareVet,Compass Group Equity Partners
Hunter PetCare,Franklin,OH,45005,Mission Pet Health,Silver Lake and Shore Capital Partners
Fremont Animal Hospital,Fremont,OH,43420,NVA,JAB Holdings
Animal Care Center at Cherry Way,Gahanna,OH,43230,VetCor,Harvest Partners
Animal Medical Center of Gahanna,Gahanna,OH,43230,NVA,JAB Holdings
Mann Vet Clinic,Galena,OH,43021,Mission Pet Health,Silver Lake and Shore Capital Partners
Family Pet Clinic,Garfield Heights,OH,44125,Blue River PetCare,Partners Group
Countryside Veterinary Service - Garrettsville,Garrettsville,OH,44231,VetCor,Harvest Partners
MedVet Urgent Care - Girard,Girard,OH,44420,MedVet,Minority stake by Leonard Green & Partners
Banfield Grove City,Grove City,OH,43123,Banfield,Mars
Concord Chapel Animal Hospital,Grove City,OH,43123,Alliance Animal Health,L Catterton and LightBay Capital
Grove City Veterinary Hospital,Grove City,OH,43123,Heartland Veterinary Partners,Gryphon Investors
Banfield Bridgewater Falls,Hamilton,OH,45011,Banfield,Mars
West Side Animal Clinic,Hamilton,OH,45013,Western Veterinary Partners,Tyree & D'Angelo Partners
Harrison Animal Hospital,Harrison,OH,45030,Heartland Veterinary Partners,Gryphon Investors
Metropolitan Veterinary Hospital – Cleveland,Highland Heights,OH,44143,Ethos Veterinary Health,JAB Holdings
Avery Animal Hospital,Hilliard,OH,43026,Mission Pet Health,Silver Lake and Shore Capital Partners
Hilliard Veterinary Hospital,Hilliard,OH,45322,Western Veterinary Partners,Tyree & D'Angelo Partners
MedVet Hilliard,Hilliard,OH,43026,MedVet,Minority stake by Leonard Green & Partners
Pet Palace Hilliard,Hilliard,OH,43026,Destination Pet,L1 Health
VCA Mill Run Animal Hospital,Hilliard,OH,43026,VCA,Mars
Banfield Spring Meadows,Holland,OH,43528,Banfield,Mars
Cat Tales,Holland,OH,43528,CareVet,Compass Group Equity Partners
Happy Tails Veterinary Clinic,Johnstown,OH,43031,CareVet,Compass Group Equity Partners
Oates Veterinary Clinic,Kenton,OH,43326,Heartland Veterinary Partners,Gryphon Investors
Bigger Road Veterinary Clinic,Kettering,OH,45440,Mission Pet Health,Silver Lake and Shore Capital Partners
Kettering Animal Hospital,Kettering,OH,45420,NVA,JAB Holdings
Miami Valley Animal Hospital,Kettering,OH,45429,NVA,JAB Holdings
Countryside Veterinary Service - Kinsman,Kinsman,OH,44428,VetCor,Harvest Partners
Roberts & Wendt Animal Hospital,Lakewood,OH,44107,VetCor,Harvest Partners
VCA Lakewood Animal Hospital,Lakewood,OH,44107,VCA,Mars
VCA Fairfield Animal Hospital,Lancaster,OH,43130,VCA,Mars
VCA Morris Animal Hospital,Lancaster,OH,43130,VCA,Mars
Animal Care Center of Polaris,Lewis Center,OH,43035,NVA,JAB Holdings
Heidt Veterinary Hospital,Lima,OH,45805,AmeriVet,AEA Investors and Abu Dhabi Investment Authority (ADIA)
Metz Petz Veterinary Clinics - Shawnee,Lima,OH,45806,EverVet Partners,Freeman Spogli and Tailwind Capital
Hocking Hills Animal Clinic,Logan,OH,43138,AmeriVet,AEA Investors and Abu Dhabi Investment Authority (ADIA)
Sheffield Veterinary Hospital,London,OH,43140,VetCor,Harvest Partners
Kings Veterinary Hospital,Loveland,OH,45140,NVA,JAB Holdings
Loveland Regional Animal Hospital,Loveland,OH,45140,Suveto,Levine Leichtman Capital
Pet Nation Lodge,Loveland,OH,45140,Destination Pet,L1 Health
PetCare Animal Hospital – Loveland,Loveland,OH,45140,Alliance Animal Health,L Catterton and LightBay Capital
Seven Hills Pet Clinic,Loveland,OH,45140,NVA,JAB Holdings
Lyndhurst Animal Clinic,Lyndhurst,OH,44124,Thrive Pet Healthcare,TSG Consumer Partners
VCA North Ridge Animal Hospital,Madison,OH,44057,VCA,Mars
Animal Medical Center of Ontario,Mansfield,OH,44906,VetCor,Harvest Partners
Suburban Veterinary Clinic,Maple Heights,OH,44137,VetCor,Harvest Partners
Banfield Mason,Mason,OH,45040,Banfield,Mars
County Animal Hospital,Mason,OH,45040,Blue River PetCare,Partners Group
Mason Animal Hospital,Mason,OH,45040,Mission Pet Health,Silver Lake and Shore Capital Partners
Mason Family Pet Hospital,Mason,OH,45040,NVA,JAB Holdings
My Pet's Vet Mason,Mason,OH,45249,My Pet's Vet Group,Fulcrum Equity Partners
PetSuites Mason,Mason,OH,45040,NVA,JAB Holdings
Massillon Animal Hospital,Massillon,OH,44646,VetCor,Harvest Partners
Anthony Wayne Animal Hospital,Maumee,OH,43537,Thrive Pet Healthcare,TSG Consumer Partners
High Point Animal Hospital - Maumee,Maumee,OH,43537,Mission Pet Health,Silver Lake and Shore Capital Partners
Veterinary Emergency Center,Maumee,OH,43537,Encore Vet Group,North Castle Partners
Village Veterinary Clinic,Mayfield Village,OH,44143,Encore Vet Group,North Castle Partners
Akron-Medina Veterinary Hospital,Medina,OH,44256,Heartland Veterinary Partners,Gryphon Investors
Animal Medical Centre of Medina,Medina,OH,44256,VetCor,Harvest Partners
Banfield Medina,Medina,OH,44256,Banfield,Mars
Medina Veterinary Clinic,Medina,OH,44256,VetCor,Harvest Partners
Sharon Center Veterinary Hospital,Medina,OH,44256,Encore Vet Group,North Castle Partners
Brightwood Animal Hospital,Mentor,OH,44060,NVA,JAB Holdings
Mentor Animal Hospital,Mentor,OH,44060,NVA,JAB Holdings
UrgentVet Mentor Urgent Vet,Mentor,OH,44060,American Veterinary Group,Oak Hill Capital
VCA Midpark Animal Hospital,Middleburg Heights,OH,44130,VCA,Mars
Countryside Veterinary Service - Middlefield,Middlefield,OH,44062,VetCor,Harvest Partners
Banfield Pet Hospital,Milford,OH,45150,Banfield,Mars
Day Heights Veterinary Clinic,Milford,OH,45150,Suveto,Levine Leichtman Capital
East Holmes Veterinary Clinic,Millersburg,OH,44654,VetCor,Harvest Partners
Red Ruff Ruff Inn,Millersburg,OH,44654,VetCor,Harvest Partners
Mogadore Veterinary Hospital,Mogadore,OH,44260,Blue River PetCare,Partners Group
Puppywood,Montgomery,OH,45242,Destination Pet,L1 Health
MedVet Dayton,Moraine,OH,45439,MedVet,Minority stake by Leonard Green & Partners
Woodland Veterinary Hospital,Moreland Hills,OH,44022,Blue River PetCare,Partners Group
Mount Vernon Animal Hospital,Mt. Vernon,OH,43050,VetCor,Harvest Partners
Town & Country Veterinary Clinic,New Philadelphia,OH,44663,Blue River PetCare,Partners Group
Newark Veterinary Hospital,Newark,OH,43055,Western Veterinary Partners,Tyree & D'Angelo Partners
Newton Falls Animal Hospital,Newton Falls,OH,44444,Heartland Veterinary Partners,Gryphon Investors
Animal Medical Care Center and Cat Hospital,Niles,OH,44446,CareVet,Compass Group Equity Partners
Niles Veterinary Clinic,Niles,OH,44446,NVA,JAB Holdings
Banfield North Canton,North Canton,OH,44720,Banfield,Mars
Aquadale Veterinary Clinic,North Lawrence,OH,44666,Mission Pet Health,Silver Lake and Shore Capital Partners
Animal Clinic Northview,North Ridgeville,OH,44039,COVE Animal Health,Chicago Pacific Founders
Happy Pet Veterinary Hospital,North Ridgeville,OH,44039,Heartland Veterinary Partners,Gryphon Investors
Ridgeville Animal Hospital,North Ridgeville,OH,44039,VetCor,Harvest Partners
VCA York Royalton Animal Hospital,North Royalton,OH,44133,VCA,Mars
Northfield Veterinary Hospital,Northfield,OH,44067,Encore Vet Group,North Castle Partners
East Suburban Animal Clinic,Northwood,OH,43619,NVA,JAB Holdings
The Pet Spot,Norwood,OH,45212,NVA,JAB Holdings
Douds Veterinary Hospital,Oberlin,OH,44074,VetCor,Harvest Partners
Country Squire Animal Hospital,Oregon,OH,43616,Encore Vet Group,North Castle Partners
Banfield Parma,Parma,OH,44129,Banfield,Mars
Kentown Animal Hospital,Parma,OH,44130,Mission Pet Health,Silver Lake and Shore Capital Partners
South Suburban Animal Hospital,Perrysburg,OH,43551,NVA,JAB Holdings
Oakview Veterinary Hospital,Piqua,OH,45356,Alliance Animal Health,L Catterton and LightBay Capital
Banfield Poland,Poland,OH,44514,Banfield,Mars
Poland Veterinary Centre,Poland,OH,44514,Blue River PetCare,Partners Group
Shawnee Animal Clinic,Portsmouth,OH,45662,Alliance Animal Health,L Catterton and LightBay Capital
Animal Hospital of Shawnee Hills,Powell,OH,43065,Encore Vet Group,North Castle Partners
Best Friends Veterinary Hospital,Powell,OH,43065,Blue River PetCare,Partners Group
Liberty Pet Hospital,Powell,OH,43065,AmeriVet,AEA Investors and Abu Dhabi Investment Authority (ADIA)
Banfield Reynoldsburg,Reynoldsburg,OH,43068,Banfield,Mars
Hillcrest Animal Hospital,Richmond Heights,OH,44143,VetCor,Harvest Partners
All Creatures Veterinary Clinic,Rittman,OH,44270,Heartland Veterinary Partners,Gryphon Investors
Rocky River Animal Hospital,Rocky River,OH,44116,CareVet,Compass Group Equity Partners
Banfield Rossford,Rossford,OH,43460,Banfield,Mars
Broadview Animal & Bird Hospital,Seven Hills,OH,44131,EverVet Partners,Freeman Spogli and Tailwind Capital
Solon Animal Hospital,Solon,OH,44139,Mission Pet Health,Silver Lake and Shore Capital Partners
Little Miami Veterinary Service,South Lebanon,OH,45065,PetVet Care Centers,KKR
Bigger Road Veterinary Center,Springboro,OH,45066,Mission Pet Health,Silver Lake and Shore Capital Partners
Springboro Veterinary Hospital,Springboro,OH,45066,VetCor,Harvest Partners
Noll Veterinary Hospital,Springfield,OH,45505,PetVet Care Centers,KKR
Springfield Animal Hospital,Springfield,OH,45503,VetCor,Harvest Partners
VCA Northwood Animal Hospital,Springfield,OH,45502,VCA,Mars
Cornerstone Veterinary Services,St Henry,OH,45883,Heritage Vet Partners,Undisclosed financial sponsor
Primary Pet Care,Stow,OH,44224,VetCor,Harvest Partners
Animal Wellness Center of Strongsville,Strongsville,OH,44136,Mission Pet Health,Silver Lake and Shore Capital Partners
Crossroads Animal Hospital,Strongsville,OH,44136,VetCor,Harvest Partners
Sugarcreek Veterinary Clinic,Sugarcreek,OH,44681,Blue River PetCare,Partners Group
VCA SylvaniaVET Animal Hospital,Sylvania,OH,43560,VCA,Mars
Animal Hospital Of Tiffin,Tiffin,OH,44883,AmeriVet,AEA Investors and Abu Dhabi Investment Authority (ADIA)
Edenwood Veterinary Clinic,Tiffin,OH,44883,CareVet,Compass Group Equity Partners
VCA Dog and Cat Hospital of Tiffin,Tiffin,OH,44883,VCA,Mars
Friendtown Veterinary Clinic,Tipp City,OH,45371,Western Veterinary Partners,Tyree & D'Angelo Partners
Alexis Road Animal Hospital,Toledo,OH,43613,AmeriVet,AEA Investors and Abu Dhabi Investment Authority (ADIA)
Heatherdowns Veterinary Clinic,Toledo,OH,43614,Encore Vet Group,North Castle Partners
MedVet Toledo,Toledo,OH,43606,MedVet,Minority stake by Leonard Green & Partners
Reynolds Road Animal Hospital,Toledo,OH,43615,Western Veterinary Partners,Tyree & D'Angelo Partners
Shoreland Animal Hospital,Toledo,OH,43611,PetVet Care Centers,KKR
VCA Holly Farms Animal Hospital,Toledo,OH,43615,VCA,Mars
West Suburban Animal Hospital,Toledo,OH,43617,Encore Vet Group,North Castle Partners
Stonyridge Veterinary Service,Troy,OH,45373,Thrive Pet Healthcare,TSG Consumer Partners
Troy Animal Hospital,Troy,OH,45373,VetCor,Harvest Partners
PetSuites Twinsburg,Twinsburg,OH,44087,NVA,JAB Holdings
VCA Green Animal Hospital,Uniontown,OH,44685,VCA,Mars
Banfield Upper Arlington,Upper Arlington,OH,43221,Banfield,Mars
Animal Clinic of Van Wert,Van Wert,OH,45891,EverVet Partners,Freeman Spogli and Tailwind Capital
Banfield Vandalia,Vandalia,OH,45377,Banfield,Mars
Vetco Total Care - Wadsworth,Wadsworth,OH,44281,Vetco Total Care,Petco
Champion Animal Hospital,Warren,OH,44483,CareVet,Compass Group Equity Partners
Countryside Veterinary Service - Champion,Warren,OH,44483,VetCor,Harvest Partners
Howland Community Animal Hospital,Warren,OH,44484,Mission Pet Health,Silver Lake and Shore Capital Partners
VCA Great Lakes Veterinary Specialists,Warrensville Heights,OH,44128,VCA,Mars
Wellington Veterinary Clinic,Wellington,OH,44090,VetCor,Harvest Partners
Twin Maples Veterinary Hospital,West Carrollton,OH,45449,NVA,JAB Holdings
Banfield West Chester,West Chester,OH,45069,Banfield,Mars
Pet Palace West Chester,West Chester,OH,45069,Destination Pet,L1 Health
VCA Lakota Hills Animal Hospital,West Chester,OH,45069,VCA,Mars
MedVet West Chester,West Chester Township,OH,45069,MedVet,Minority stake by Leonard Green & Partners
West Jefferson Animal Hospital,West Jefferson,OH,43162,Mission Pet Health,Silver Lake and Shore Capital Partners
Banfield Westerville Plaza,Westerville,OH,43081,Banfield,Mars
GoodVets Polaris (Westerville),Westerville,OH,43082,GoodVets,General Atlantic
My Vet Animal Hospital,Westerville,OH,43081,Mission Pet Health,Silver Lake and Shore Capital Partners
VCA Westerville East Animal Hospital,Westerville,OH,43081,VCA,Mars
Banfield Westlake,Westlake,OH,44145,Banfield,Mars
Detroit Dover Animal Hospital,Westlake,OH,44145,NVA,JAB Holdings
PetSuites Westlake,Westlake,OH,44145,NVA,JAB Holdings
Wheelersburg Animal Hospital,Wheelersburg,OH,45694,Western Veterinary Partners,Tyree & D'Angelo Partners
High Point Animal Hospital - Whitehouse,Whitehouse,OH,43571,Mission Pet Health,Silver Lake and Shore Capital Partners
Banfield Willoughby,Willoughby,OH,44094,Banfield,Mars
Pet Hospital of Willoughby,Willoughby,OH,44094,VetCor,Harvest Partners
Animal Hospital,Willoughby Hills,OH,44092,VetCor,Harvest Partners
Clinton Animal Care Center,Wilmington,OH,45177,AmeriVet,AEA Investors and Abu Dhabi Investment Authority (ADIA)
Ark Veterinary Hospital,Wooster,OH,44691,Encore Vet Group,North Castle Partners
Cleveland Road Animal Hospital,Wooster,OH,44691,Mission Pet Health,Silver Lake and Shore Capital Partners
Wooster Animal Clinic,Wooster,OH,44691,Alliance Animal Health,L Catterton and LightBay Capital
Animal Hospital of Worthington,Worthington,OH,43085,NVA,JAB Holdings
Livewell Animal Urgent Care of Worthington,Worthington,OH,43085,Mission Pet Health,Silver Lake and Shore Capital Partners
MedVet Columbus,Worthington,OH,43085,MedVet,Minority stake by Leonard Green & Partners
The Pony Express Veterinary Hospital,Xenia,OH,45385,InspireVet,Public IPO IVPR
Austintown Veterinary Clinic,Youngstown,OH,44515,VetCor,Harvest Partners
Crago Veterinary Clinic,Youngstown,OH,44512,Blue River PetCare,Partners Group
Brandywine Hospital for Pets,Zanesville,OH,43701,CareVet,Compass Group Equity Partners
Carter County Animal Hospital,Ardmore,OK,73401,Alliance Animal Health,L Catterton and LightBay Capital
Bartlesville Animal Hospital,Bartlesville,OK,74006,Blue River PetCare,Partners Group
Council Veterinary Hospital,Bethany,OK,73008,Western Veterinary Partners,Tyree & D'Angelo Partners
Southside Veterinary Clinic,Bixby,OK,74008,Heartland Veterinary Partners,Gryphon Investors
APC Veterinary,Broken Arrow,OK,74012,VetCor,Harvest Partners
Banfield Broken Arrow,Broken Arrow,OK,74012,Banfield,Mars
Broken Arrow Veterinary Hospital,Broken Arrow,OK,74011,Heartland Veterinary Partners,Gryphon Investors
VCA Woodland Broken Arrow Animal Hospital,Broken Arrow,OK,74012,VCA,Mars
Village Vet Animal Clinic,Broken Arrow,OK,74012,Heartland Veterinary Partners,Gryphon Investors
Animal Medical Center of Claremore,Claremore,OK,74017,Heartland Veterinary Partners,Gryphon Investors
Rogers County Pet Hospital,Claremore,OK,74017,Alliance Animal Health,L Catterton and LightBay Capital
Eastside Veterinary Hospital,Collinsville,OK,74021,Heartland Veterinary Partners,Gryphon Investors
VCA Collinsville Animal Hospital,Collinsville,OK,74021,VCA,Mars
Durant Animal Hospital,Durant,OK,74701,American Veterinary Group,Oak Hill Capital
Animal Medical Center I-35,Edmond,OK,73034,AmeriVet,AEA Investors and Abu Dhabi Investment Authority (ADIA)
Banfield Edmond,Edmond,OK,73013,Banfield,Mars
CityVet - Edmond Veterinary Clinic & Urgent Care,Edmond,OK,73013,CityVet,RiverGlade Capital
Family Pet Hospital,Edmond,OK,73013,NVA,JAB Holdings
Livewell Animal Hospital of Edmond,Edmond,OK,73012,Mission Pet Health,Silver Lake and Shore Capital Partners
Memorial Road Pet Hospital,Edmond,OK,73013,NVA,JAB Holdings
Oakridge Equine Hospital,Edmond,OK,73034,NVA,JAB Holdings
Pet Medical Center of Edmond,Edmond,OK,73013,CareVet,Compass Group Equity Partners
Sunset Veterinary Clinic,Edmond,OK,73003,NVA,JAB Holdings
UrgentVet Edmond,Edmond,OK,73013,American Veterinary Group,Oak Hill Capital
VCA Kickingbird Animal Hospital,Edmond,OK,73034,VCA,Mars
Vetco Total Care - Edmond,Edmond,OK,73034,Vetco Total Care,Petco
Enid Pet Hospital,Enid,OK,73703,NVA,JAB Holdings
Pine Ridge Equine Hospital,Glenpool,OK,74033,NVA,JAB Holdings
Interstate Equine Hospital,Goldsby,OK,73093,Altano Group,Ufenau Capital Partners
Jenks Veterinary Hospital,Jenks,OK,74037,Western Veterinary Partners,Tyree & D'Angelo Partners
Banfield Midwest City,Midwest City,OK,73110,Banfield,Mars
Reno Animal Hospital,Midwest City,OK,73110,CareVet,Compass Group Equity Partners
UrgentVet Moore,Moore,OK,73160,American Veterinary Group,Oak Hill Capital
Honor Heights Veterinary Clinic,Muskogee,OK,74401,CareVet,Compass Group Equity Partners
Banfield Norman,Norman,OK,73072,Banfield,Mars
Sooner Veterinary Hospital,Norman,OK,73071,Western Veterinary Partners,Tyree & D'Angelo Partners
Thunderbird Veterinary Hospital,Norman,OK,73072,Alliance Animal Health,L Catterton and LightBay Capital
University Animal Hospital,Norman,OK,73071,Western Veterinary Partners,Tyree & D'Angelo Partners
Vetco Total Care - Norman,Norman,OK,73069,Vetco Total Care,Petco
Woodlake Animal Hospital,okc,OK,73132,NVA,JAB Holdings
405 Vet Animal Hospital,Oklahoma City,OK,73142,Mission Pet Health,Silver Lake and Shore Capital Partners
Animal Emergency & Surgical Center,Oklahoma City,OK,73139,AmeriVet,AEA Investors and Abu Dhabi Investment Authority (ADIA)
Banfield Oklahoma City N,Oklahoma City,OK,73116,Banfield,Mars
Banfield Oklahoma City NW,Oklahoma City,OK,73132,Banfield,Mars
Banfield Quail Springs,Oklahoma City,OK,73134,Banfield,Mars
Banfield S Oklahoma City,Oklahoma City,OK,73159,Banfield,Mars
BluePearl Pet Hospital Oklahoma City,Oklahoma City,OK,73114,BluePearl Pet Hospital,Mars
CityVet - West Moore Veterinary Clinic & Urgent Care,Oklahoma City,OK,73170,CityVet,RiverGlade Capital
Harvest Hills Veterinary Hospital,Oklahoma City,OK,73162,Mission Pet Health,Silver Lake and Shore Capital Partners
Lakeview Pet Hospital,Oklahoma City,OK,73116,AmeriVet,AEA Investors and Abu Dhabi Investment Authority (ADIA)
Midtown Vets,Oklahoma City,OK,73103,Thrive Pet Healthcare,TSG Consumer Partners
Neel Veterinary Hospital,Oklahoma City,OK,73127,Innovetive Pet Care,Metalmark Capital
Petfolk Veterinary & Urgent Care - Nichols Hills,Oklahoma City,OK,73116,Petfolk,Undisclosed
Putnam North Animal Hospital,Oklahoma City,OK,73142,PetVet Care Centers,KKR
Swaim Serum Co,Oklahoma City,OK,73108,Heartland Veterinary Partners,Gryphon Investors
VEG Oklahoma City,Oklahoma City,OK,73114,VEG (Veterinary Emergency Group),D1 Capital & Fidelity
Banfield Owasso,Owasso,OK,74055,Banfield,Mars
SAHO Owasso Animal Hospital,Owasso,OK,74055,NVA,JAB Holdings
VCA Owasso Animal Medical Center,Owasso,OK,74055,VCA,Mars
Walnut Creek Animal Hospital & Pet Resort,Purcell,OK,73080,CareVet,Compass Group Equity Partners
McKinney Animal Hospital,Sand Springs,OK,74063,Heartland Veterinary Partners,Gryphon Investors
Advanced Care Veterinary Hospital,Sapulpa,OK,74066,VetCor,Harvest Partners
Shawnee Animal Hospital,Shawnee,OK,74804,Veterinary Practice Partners,Audax Private Equity
SAHO Skiatook Animal Hospital,Skiatook,OK,74070,NVA,JAB Holdings
Vetco Total Care - Stillwater,Stillwater,OK,74075,Vetco Total Care,Petco
Performance Equine Associates,Thackerville,OK,73459,Altano Group,Ufenau Capital Partners
Animal Medical & Surgical Hospital,Tulsa,OK,74133,Western Veterinary Partners,Tyree & D'Angelo Partners
Banfield Tulsa (41st),Tulsa,OK,74135,Banfield,Mars
Banfield Tulsa (71st),Tulsa,OK,74133,Banfield,Mars
Banfield Tulsa Hills,Tulsa,OK,74132,Banfield,Mars
Forest Trails Animal Hospital,Tulsa,OK,74133,Blue River PetCare,Partners Group
Heritage Veterinary Hospital,Tulsa,OK,74145,Mission Pet Health,Silver Lake and Shore Capital Partners
Pawsitive Veterinary Care,Tulsa,OK,74127,Western Veterinary Partners,Tyree & D'Angelo Partners
Petfolk Veterinary & Urgent Care - South Tulsa,Tulsa,OK,74137,Petfolk,Undisclosed
PetSuites Tulsa,Tulsa,OK,74133,NVA,JAB Holdings
Sheridan Road Veterinary Clinic,Tulsa,OK,74115,NVA,JAB Holdings
Southern Hills Veterinary Hospital,Tulsa,OK,74105,NVA,JAB Holdings
VCA Woodland Central Animal Hospital,Tulsa,OK,74135,VCA,Mars
VCA Woodland East Animal Hospital,Tulsa,OK,74133,VCA,Mars
VCA Woodland South Animal Hospital,Tulsa,OK,74133,VCA,Mars
Vetco Total Care - Tulsa,Tulsa,OK,74135,Vetco Total Care,Petco
Veterinary Associates,Tulsa,OK,74133,NVA,JAB Holdings
Verden Veterinary Clinic,Verden,OK,73092,Alliance Animal Health,L Catterton and LightBay Capital
Warr Acres Animal Clinic,Warr Acres,OK,73122,Heartland Veterinary Partners,Gryphon Investors
Banfield Yukon,Yukon,OK,73099,Banfield,Mars
Yukon Hills Animal Hospital,Yukon,OK,73099,Mission Pet Health,Silver Lake and Shore Capital Partners
Yukon Veterinary Hospital,Yukon,OK,73099,Alliance Animal Health,L Catterton and LightBay Capital
Aloha Animal Medical Center,Aloha,OR,97007,Western Veterinary Partners,Tyree & D'Angelo Partners
VCA Rock Creek Animal Hospital,Aloha,OR,97006,VCA,Mars
Banfield Beaverton,Beaverton,OR,97005,Banfield,Mars
Banfield Progress Ridge,Beaverton,OR,97007,Banfield,Mars
Beaverton Pet Clinic,Beaverton,OR,97005,Mission Pet Health,Silver Lake and Shore Capital Partners
Canyon Pet Hospital,Beaverton,OR,97007,Lakefield Veterinary Group,Desmarais family and Peloton Capital Management
Cornell Center Animal Hospital,Beaverton,OR,97006,Lakefield Veterinary Group,Desmarais family and Peloton Capital Management
Laurelwood Animal Hospital,Beaverton,OR,97005,NVA,JAB Holdings
Oregon Veterinary Specialty Hospital,Beaverton,OR,97005,NVA,JAB Holdings
The Animal Eye Doctor,Beaverton,OR,97005,Thrive Pet Healthcare,TSG Consumer Partners
VCA Murrayhill Veterinary Hospital,Beaverton,OR,97007,VCA,Mars
Vetco Total Care - Beaverton,Beaverton,OR,97006,Vetco Total Care,Petco
Banfield Bend,Bend,OR,97701,Banfield,Mars
Blue Sky Veterinary Clinic,Bend,OR,97702,VetCor,Harvest Partners
Brookswood Animal Clinic,Bend,OR,97702,NVA,JAB Holdings
Central Oregon Animal Hospital,Bend,OR,97701,NVA,JAB Holdings
East Bend Animal Hospital,Bend,OR,97701,Western Veterinary Partners,Tyree & D'Angelo Partners
Westside Pet Hospital,Bend,OR,97702,Western Veterinary Partners,Tyree & D'Angelo Partners
Town and Country Animal Clinic,Brookings,OR,97415,NVA,JAB Holdings
Sequoia Veterinary Clinic,Canby,OR,97013,NVA,JAB Holdings
Mountain View Veterinary Clinic,Central Point,OR,97502,AmeriVet,AEA Investors and Abu Dhabi Investment Authority (ADIA)
Southern Oregon Veterinary Specialty Center,Central Point,OR,97502,Ethos Veterinary Health,JAB Holdings
Clackamas Pet Clinic,Clackamas,OR,97015,PetVet Care Centers,KKR
VCA Hood View Animal Hospital,Clackamas,OR,97015,VCA,Mars
VCA Northwest Veterinary Specialists,Clackamas,OR,97015,VCA,Mars
Vetco Total Care - Clackamas,Clackamas,OR,97015,Vetco Total Care,Petco
Cornelius Veterinary Clinic,Cornelius,OR,97113,AmeriVet,AEA Investors and Abu Dhabi Investment Authority (ADIA)
Alpine Animal Hospital,Corvallis,OR,97330,VetCor,Harvest Partners
Banfield Corvallis CLOSED,Corvallis,OR,97330,Banfield,Mars
Willamette Veterinary Hospital,Corvallis,OR,97333,Mission Pet Health,Silver Lake and Shore Capital Partners
Forest Valley Veterinary Clinic,Cottage Grove,OR,97424,Western Veterinary Partners,Tyree & D'Angelo Partners
Animal Health Associates,Eugene,OR,97405,Lakefield Veterinary Group,Desmarais family and Peloton Capital Management
Banfield Eugene,Eugene,OR,97408,Banfield,Mars
Banfield South Eugene,Eugene,OR,97405,Banfield,Mars
Bush Animal Hospital,Eugene,OR,97401,NVA,JAB Holdings
Echo Hollow Veterinary Hospital and Urgent Care,Eugene,OR,97401,Western Veterinary Partners,Tyree & D'Angelo Partners
Edgewood Animal Clinic,Eugene,OR,97405,VetCor,Harvest Partners
Santa Clara Animal Hospital,Eugene,OR,97404,NVA,JAB Holdings
The Ark Veterinary Clinic,Eugene,OR,97402,NVA,JAB Holdings
The Veterinary Hospital,Eugene,OR,97404,Western Veterinary Partners,Tyree & D'Angelo Partners
VCA Delta Oaks Animal Hospital,Eugene,OR,97408,VCA,Mars
VCA Westmoreland Animal Hospital,Eugene,OR,97402,VCA,Mars
Willakenzie Animal Clinic,Eugene,OR,97401,AmeriVet,AEA Investors and Abu Dhabi Investment Authority (ADIA)
Pacific Avenue Veterinary Clinic,Forest Grove,OR,97116,AmeriVet,AEA Investors and Abu Dhabi Investment Authority (ADIA)
Town and Country Animal Clinic ‚Äì Gold Beach,Gold Beach,OR,97444,NVA,JAB Holdings
Lincoln Road Veterinary Clinic,Grants Pass,OR,97526,PetVet Care Centers,KKR
Pacific Veterinary Clinic,Grants Pass,OR,97527,Western Veterinary Partners,Tyree & D'Angelo Partners
Banfield Gresham,Gresham,OR,97030,Banfield,Mars
Columbia Equine Hospital,Gresham,OR,97080,PetVet Care Centers,KKR
Gresham Animal Hospital,Gresham,OR,97030,NVA,JAB Holdings
Mt. Hood Pet Medical,Gresham,OR,97030,NVA,JAB Holdings
VCA 12-Mile Animal Hospital,Gresham,OR,97030,VCA,Mars
Vetco Total Care - Gresham,Gresham,OR,97030,Vetco Total Care,Petco
Banfield Happy Valley,Happy Valley,OR,97086,Banfield,Mars
East Hills Animal Clinic,Happy Valley,OR,97015,Blue River PetCare,Partners Group
Banfield Hillsboro,Hillsboro,OR,97124,Banfield,Mars
Banfield Hillsboro Tanasbourne,Hillsboro,OR,97124,Banfield,Mars
Companion Animal Hospital,Hillsboro,OR,97124,NVA,JAB Holdings
Frontier Veterinary Hospital,Hillsboro,OR,97124,Mission Pet Health,Silver Lake and Shore Capital Partners
Hillsboro Veterinary Clinic,Hillsboro,OR,97123,WellHaven Pet Health,Capricorn Healthcare
VEG Beaverton,Hillsboro,OR,97006,VEG (Veterinary Emergency Group),D1 Capital & Fidelity
Del Oeste Equine Hospital LLC,Junction City,OR,97448,Altano Group,Ufenau Capital Partners
VCA Keizer Veterinary Hospital,Keizer,OR,97303,VCA,Mars
VCA River Road Animal Clinic,Keizer,OR,97303,VCA,Mars
Vetco Total Care - Keizer,Keizer,OR,97303,Vetco Total Care,Petco
Companion Pet Clinic,Klamath Falls,OR,97603,NVA,JAB Holdings
East Ridge Animal Hospital,Klamath Falls,OR,97601,Western Veterinary Partners,Tyree & D'Angelo Partners
West Ridge Animal Hospital,Klamath Falls,OR,97601,Western Veterinary Partners,Tyree & D'Angelo Partners
La Pine Animal Hospital,La Pine,OR,97739,PetVet Care Centers,KKR
Animal Care Group of Lake Oswego,Lake Oswego,OR,97035,Mission Pet Health,Silver Lake and Shore Capital Partners
Animal Dermatology Clinic Lake Oswego,Lake Oswego,OR,97035,Animal Dermatology Clinic,Percheron Capital
Banfield Lake Oswego,Lake Oswego,OR,97034,Banfield,Mars
Cat Care Professionals,Lake Oswego,OR,97035,Western Veterinary Partners,Tyree & D'Angelo Partners
Full Circle Veterinary Care,Lake Oswego,OR,97034,VetCor,Harvest Partners
Lake Grove Veterinary Clinic,Lake Oswego,OR,97035,NVA,JAB Holdings
Banfield Medford,Medford,OR,97504,Banfield,Mars
Medford Animal Hospital,Medford,OR,97504,Western Veterinary Partners,Tyree & D'Angelo Partners
Siskiyou Veterinary Hospital,Medford,OR,97501,PetVet Care Centers,KKR
VCA Jackson Animal Hospital,Medford,OR,97504,VCA,Mars
Vetco Total Care - Medford,Medford,OR,97501,Vetco Total Care,Petco
CVCA Cardiac Care for Pets,Milwaukie,OR,97222,Mission Pet Health,Silver Lake and Shore Capital Partners
Linwood Animal Clinic,Milwaukie,OR,97222,Lakefield Veterinary Group,Desmarais family and Peloton Capital Management
Veterinary Cancer & Surgery Specialists,Milwaukie,OR,97222,Animal Outpatient Specialty Network (AOSN),Percheron Capital
Family Pet Clinic of Newberg,Newberg,OR,97132,Western Veterinary Partners,Tyree & D'Angelo Partners
Newberg Veterinary Hospital,Newberg,OR,97132,VetCor,Harvest Partners
Grove Veterinary Clinic,Newport,OR,97365,Western Veterinary Partners,Tyree & D'Angelo Partners
Barclay Hills Animal Clinic,Oregon City,OR,97045,NVA,JAB Holdings
First City Veterinary Hospital,Oregon City,OR,97045,NVA,JAB Holdings
Oregon City Veterinary Clinic - CLOSED,Oregon City,OR,97045,NVA,JAB Holdings
Pioneer Animal Hospital,Oregon City,OR,97045,VetCor,Harvest Partners
Pendleton Veterinary Clinic,Pendleton,OR,97801,Lakefield Veterinary Group,Desmarais family and Peloton Capital Management
Ark Animal Hospital,Philomath,OR,97370,Mission Pet Health,Silver Lake and Shore Capital Partners
Banfield Belmont,Portland,OR,97214,Banfield,Mars
Banfield Burlingame,Portland,OR,97219,Banfield,Mars
Banfield Cedar Mill,Portland,OR,97229,Banfield,Mars
Banfield Clackamas,Portland,OR,97086,Banfield,Mars
Banfield Glisan Street Station,Portland,OR,97220,Banfield,Mars
Banfield Irvington,Portland,OR,97232,Banfield,Mars
Banfield Portland,Portland,OR,97220,Banfield,Mars
Banfield Sellwood-Moreland,Portland,OR,97202,Banfield,Mars
Banfield Washington Square,Portland,OR,97223,Banfield,Mars
Banfield West Hills,Portland,OR,97225,Banfield,Mars
Bethany Family Pet Clinic,Portland,OR,97229,Mission Pet Health,Silver Lake and Shore Capital Partners
BluePearl Pet Hospital Northeast Portland Portland,Portland,OR,97213,BluePearl Pet Hospital,Mars
BluePearl Pet Surgery Portland,Portland,OR,97225,BluePearl Pet Hospital,Mars
Bridgetown Veterinary Emergency & Referral,Portland,OR,97224,Lakefield Veterinary Group,Desmarais family and Peloton Capital Management
Cat & Dog Hospital of Portland,Portland,OR,97202,Lakefield Veterinary Group,Desmarais family and Peloton Capital Management
Cedar Mill Veterinary Hospital,Portland,OR,97229,PetVet Care Centers,KKR
CVCA Cardiac Care for Pets,Portland,OR,97213,Mission Pet Health,Silver Lake and Shore Capital Partners
Hannah Veterinary Hospital - Portland,Portland,OR,97216,Hannah Pet Hospital,Hannah's Inc.
Heartfelt Veterinary Hospital,Portland,OR,97232,VetCor,Harvest Partners
Hillsdale Veterinary Hospital,Portland,OR,97239,Mission Pet Health,Silver Lake and Shore Capital Partners
Irvington Veterinary Clinic,Portland,OR,97227,VetCor,Harvest Partners
Lombard Animal Hospital,Portland,OR,97211,NVA,JAB Holdings
Magnolia Animal Dentistry,Portland,OR,97005,Companion Pet Partners,Cortec Group
Milwaukie Animal Clinic,Portland,OR,97267,WellHaven Pet Health,Capricorn Healthcare
Moreland Veterinary Hospital,Portland,OR,97202,Western Veterinary Partners,Tyree & D'Angelo Partners
Mt. Scott Animal Clinic,Portland,OR,97266,Lakefield Veterinary Group,Desmarais family and Peloton Capital Management
North Beaverton Pet Hospital,Portland,OR,97229,Mission Pet Health,Silver Lake and Shore Capital Partners
OREV Specialty Vet Care,Portland,OR,97219,Animal Outpatient Specialty Network (AOSN),Percheron Capital
Pacific Veterinary Hospital,Portland,OR,97219,NVA,JAB Holdings
Peninsula Pet Clinic,Portland,OR,97217,Western Veterinary Partners,Tyree & D'Angelo Partners
Pet Samaritan Clinic,Portland,OR,97214,NVA,JAB Holdings
Portland Veterinary Wellness Center,Portland,OR,97220,NVA,JAB Holdings
Powell Veterinary Center at Powell Blvd,Portland,OR,97202,Thrive Pet Healthcare,TSG Consumer Partners
Powell Veterinary Center at Westmoreland,Portland,OR,97202,Thrive Pet Healthcare,TSG Consumer Partners
Rose City Veterinary Hospital,Portland,OR,97202,VetCor,Harvest Partners
Roseway Veterinary Hospital,Portland,OR,97213,Mission Pet Health,Silver Lake and Shore Capital Partners
Sorrento Animal Hospital,Portland,OR,97223,VetCor,Harvest Partners
Town & Country Animal Hospital,Portland,OR,97236,Lakefield Veterinary Group,Desmarais family and Peloton Capital Management
VCA Laurelhurst Animal Hospital,Portland,OR,97232,VCA,Mars
VCA North Portland Veterinary Hospital,Portland,OR,97217,VCA,Mars
VCA Raleigh Hills Animal Hospital,Portland,OR,97225,VCA,Mars
VCA Southeast Portland Animal Hospital,Portland,OR,97233,VCA,Mars
VCA Woodstock Animal Hospital,Portland,OR,97206,VCA,Mars
Vista Pet Hospital,Portland,OR,97225,VetCor,Harvest Partners
Wildwood Animal Hospital,Portland,OR,97230,Western Veterinary Partners,Tyree & D'Angelo Partners
HomeTown Animal Hospital,Prineville,OR,97754,VetCor,Harvest Partners
Prineville Veterinary Clinic,Prineville,OR,97754,NVA,JAB Holdings
Cinder Rock Veterinary Clinic,Redmond,OR,97756,PetVet Care Centers,KKR
Bailey Veterinary Clinic,Roseburg,OR,97470,Western Veterinary Partners,Tyree & D'Angelo Partners
Parkway Animal Hospital,Roseburg,OR,97471,Western Veterinary Partners,Tyree & D'Angelo Partners
Banfield Salem N Lancaster,Salem,OR,97305,Banfield,Mars
VCA Salem Animal Hospital,Salem,OR,97302,VCA,Mars
VCA Vitality Animal Hospital,Salem,OR,97302,VCA,Mars
Vetco Total Care - Salem,Salem,OR,97301,Vetco Total Care,Petco
Vetco Total Care - Salem,Salem,OR,97302,Vetco Total Care,Petco
West Salem Animal Clinic,Salem,OR,97304,PetVet Care Centers,KKR
VCA Sandy Animal Hospital,Sandy,OR,97055,VCA,Mars
Scappoose Veterinary Hospital,Scappoose,OR,97056,VetCor,Harvest Partners
Crossroads Veterinary Hospital,Sherwood,OR,97140,VetCor,Harvest Partners
Sherwood Family Pet Clinic,Sherwood,OR,97140,Mission Pet Health,Silver Lake and Shore Capital Partners
Cascade Animal Clinic,Springfield,OR,97477,Western Veterinary Partners,Tyree & D'Angelo Partners
Emergency Veterinary Hospital of Springfield,Springfield,OR,97477,Lakefield Veterinary Group,Desmarais family and Peloton Capital Management
Q Street Animal Hospital,Springfield,OR,97477,VetCor,Harvest Partners
VCA McKenzie Animal Hospital,Springfield,OR,97478,VCA,Mars
Columbia Veterinary Clinic,St. Helens,OR,97051,VetCor,Harvest Partners
Animal Dermatology Clinic Portland,Suite 602,OR,97086,Animal Dermatology Clinic,Percheron Capital
Banfield Tigard,Tigard,OR,97223,Banfield,Mars
Canterbury Animal Hospital,Tigard,OR,97224,NVA,JAB Holdings
Cascade Veterinary Referral Center,Tigard,OR,97223,PetVet Care Centers,KKR
Community Pet Hospital,Tigard,OR,97223,Thrive Pet Healthcare,TSG Consumer Partners
Hannah Veterinary & Emergency Hospital - Tigard,Tigard,OR,97223,Hannah Pet Hospital,Hannah's Inc.
Livewell Animal Hospital of Tigard (coming soon),Tigard,OR,97223,Mission Pet Health,Silver Lake and Shore Capital Partners
Tigard Animal Hospital,Tigard,OR,97224,NVA,JAB Holdings
Paws & Claws Pet Medical Center,Troutdale,OR,97060,Western Veterinary Partners,Tyree & D'Angelo Partners
Banfield Nyberg Rivers,Tualatin,OR,97062,Banfield,Mars
Tualatin Animal Clinic,Tualatin,OR,97062,Western Veterinary Partners,Tyree & D'Angelo Partners
Bayshore Animal Hospital,Warrenton,OR,97146,Western Veterinary Partners,Tyree & D'Angelo Partners
Banfield West Linn,West Linn,OR,97068,Banfield,Mars
VCA West Linn Animal Hospital,West Linn,OR,97068,VCA,Mars
Animal Care Clinic,Wilsonville,OR,97070,Lakefield Veterinary Group,Desmarais family and Peloton Capital Management
Banfield Wilsonville CLOSED,Wilsonville,OR,97070,Banfield,Mars
Banfield Wilsonville Old Town,Wilsonville,OR,97070,Banfield,Mars
Woodburn Veterinary Clinic,Woodburn,OR,97071,NVA,JAB Holdings
VCA Five Points Animal Hospital,Aliquippa,PA,15001,VCA,Mars
Allentown Animal Care,Allentown,PA,18103,Community Veterinary Partners,OMERS
Eastern Pennsylvania Veterinary Medical Center,Allentown,PA,18106,Rarebreed Veterinary Partners,Revelstoke Capital Partners
Hamilton Animal Care,Allentown,PA,18106,Mission Pet Health,Silver Lake and Shore Capital Partners
Hamilton Animal Care of the Lehigh Valley,Allentown,PA,18104,Mission Pet Health,Silver Lake and Shore Capital Partners
Pet Allergy & Dermatology Specialists (Lehigh Valley Vet Dermatology),Allentown,PA,18104,Animal Outpatient Specialty Network (AOSN),Percheron Capital
VCA Duncan Manor Animal Hospital,Allison Park,PA,15101,VCA,Mars
Hickory Veterinary Primary Care,Ambler,PA,19002,COVE Animal Health,Chicago Pacific Founders
Spring House Animal Hospital,Ambler,PA,19002,PetVet Care Centers,KKR
VCA Bakerstown Animal Hospital,Bakerstown,PA,15007,VCA,Mars
Straley Veterinary Clinic,Bellefonte,PA,16823,CareVet,Compass Group Equity Partners
Berwick Veterinary Care Center,Berwick,PA,18603,VetCor,Harvest Partners
Heart + Paw Support Center,Berwyn,PA,19312,Heart + Paw,Waud Capital Partners
Bethel Park Animal Clinic,Bethel Park,PA,15102,Mission Pet Health,Silver Lake and Shore Capital Partners
VCA Northside Animal Hospital,Bethlehem,PA,18020,VCA,Mars
Wright Veterinary Medical Center,Bethlehem,PA,18020,Community Veterinary Partners,OMERS
Boiling Springs Animal Hospital,Boiling Springs,PA,17007,Mission Pet Health,Silver Lake and Shore Capital Partners
Haskell Valley Vets of Bradford,Bradford,PA,16701,CareVet,Compass Group Equity Partners
VEG ER for Pets,Bridgeville,PA,15017,VEG (Veterinary Emergency Group),D1 Capital & Fidelity
Brodheadsville Veterinary Clinic,Brodheadsville,PA,18322,PetVet Care Centers,KKR
Jefferson Animal Clinic,Brookville,PA,15825,CareVet,Compass Group Equity Partners
Livewell Animal Hospital of Bryn Mawr,Bryn Mawr,PA,19010,Mission Pet Health,Silver Lake and Shore Capital Partners
Butler Veterinary Associates and Emergency Center,Butler,PA,16001,NVA,JAB Holdings
UrgentVet Camp Hill,Camp Hill,PA,17011,American Veterinary Group,Oak Hill Capital
Allen Road Veterinary Clinic,Carlisle,PA,17013,Community Veterinary Partners,OMERS
PetWellClinic - Scott Township,Carnegie,PA,15106,PetWellClinic,Westside Franchise Brands / local franchisee
Best Friends Animal Hospital,Chambersburg,PA,17202,NVA,JAB Holdings
Chambersburg Animal Hospital,Chambersburg,PA,17201,NVA,JAB Holdings
Lincoln Way Animal Hospital,Chambersburg,PA,17202,CareVet,Compass Group Equity Partners
Ludwigs Corner Veterinary Hospital,Chester Springs,PA,19425,NVA,JAB Holdings
Clarion Animal Hospital,Clarion,PA,16214,Suveto,Levine Leichtman Capital
Cochranton Veterinary hospital,Cochranton,PA,16314,CareVet,Compass Group Equity Partners
Banfield Conshohocken,Conshohocken,PA,19428,Banfield,Mars
BluePearl Pet Hospital Conshohocken,Conshohocken,PA,19428,BluePearl Pet Hospital,Mars
VEG Cranberry,Cranberry,PA,16066,VEG (Veterinary Emergency Group),D1 Capital & Fidelity
Banfield Cranberry,Cranberry Township,PA,16066,Banfield,Mars
Cranberry Holistic Pet Care,Cranberry Township,PA,16066,VetCor,Harvest Partners
Cranberry Veterinary Hospital,Cranberry Township,PA,16066,Mission Pet Health,Silver Lake and Shore Capital Partners
PetSuites Cranberry Township,Cranberry Township,PA,16066,NVA,JAB Holdings
Windrose Animal Hospital,Cranberry Township,PA,16066,Veterinarian Partners,Tyree & D'Angelo Partners
Devon Veterinary Hospital,Devon,PA,19333,Mission Pet Health,Silver Lake and Shore Capital Partners
Dover Area Animal Hospital,Dover,PA,17315,NVA,JAB Holdings
Banfield Exton,Downingtown,PA,19335,Banfield,Mars
Main Street Animal Hospital,Doylestown,PA,18901,NVA,JAB Holdings
Dravosburg Veterinary Hospital,Dravosburg,PA,15034,CareVet,Compass Group Equity Partners
Banfield Dresher,Dresher,PA,19025,Banfield,Mars
VCA Dunmore Animal Hospital,Dunmore,PA,18512,VCA,Mars
Trooper Veterinary Hospital,Eagleville,PA,19403,PetVet Care Centers,KKR
Creature Comforts Veterinary Hospital,East Norriton,PA,19403,NVA,JAB Holdings
Cummings Veterinary Hospital,Easton,PA,18045,Mission Pet Health,Silver Lake and Shore Capital Partners
Camboro Veterinary Hospital,Edinboro,PA,16412,NVA,JAB Holdings
VCA East Penn Animal Hospital,Emmaus,PA,18049,VCA,Mars
Banfield Pet Hospital,Erie,PA,16509,Banfield,Mars
Glenwood Pet Hospital,Erie,PA,16506,Suveto,Levine Leichtman Capital
Twinbrook Veterinary Hospital,Erie,PA,16510,VetCor,Harvest Partners
Wintergreen Animal Hospital,Erie,PA,16509,VetCor,Harvest Partners
Banfield Fairless Hills,Fairless Hills,PA,19030,Banfield,Mars
Family Pet Clinic - Feasterville,Feasterville,PA,19053,Veterinary Practice Partners,Audax Private Equity
Livewell Animal Hospital of Fishtown (coming soon),Fishtown,PA,19122,Mission Pet Health,Silver Lake and Shore Capital Partners
Clover Farm Veterinary Service,Fredericktown,PA,15333,Heart + Paw,Waud Capital Partners
Affordable Care Veterinary Clinic,Gastonville,PA,15332,Blue River PetCare,Partners Group
Confederate Woods Veterinary Hospital,Gettysburg,PA,17325,NVA,JAB Holdings
"All Pet Animal Hospital, Inc",Gibsonia,PA,15044,EverVet Partners,Freeman Spogli and Tailwind Capital
Gilbertsville Veterinary Hospital,Gilbertsville,PA,19525,NVA,JAB Holdings
Patt Veterinary Hospital,Gilbertsville,PA,19525,EverVet Partners,Freeman Spogli and Tailwind Capital
Heart + Paw - Glen Mills,Glen Mills,PA,19342,Heart + Paw,Waud Capital Partners
VCA Old Trail Animal Hospital,Glen Rock,PA,17327,VCA,Mars
Banfield Greensburg,Greensburg,PA,15601,Banfield,Mars
Greensburg,Greensburg,PA,15601,Heart + Paw,Waud Capital Partners
Pittsburgh East Animal Hospital,Greensburg,PA,15601,VetCor,Harvest Partners
Greenville Veterinary Clinic,Greenville,PA,16125,VetCor,Harvest Partners
Whispering Pines Veterinary Services - Greenville,Greenville,PA,16125,Veterinary Practice Partners,Audax Private Equity
Whispering Pines- Grove City,Grove City,PA,16127,Veterinary Practice Partners,Audax Private Equity
VCA Conewago Animal Hospital,Hanover,PA,17331,VCA,Mars
"Blauner, Buchholz & Associates",Harleysville,PA,19438,NVA,JAB Holdings
Animal Hospital of Dauphin County,Harrisburg,PA,17112,Community Veterinary Partners,OMERS
Banfield Harrisburg Express CLOSED,Harrisburg,PA,17111,Banfield,Mars
Capitol Area Animal Medical Center,Harrisburg,PA,17109,VetCor,Harvest Partners
Colonial Park Animal Clinic,Harrisburg,PA,17109,PetVet Care Centers,KKR
UrgentVet Hatfield,Hatfield,PA,19440,American Veterinary Group,Oak Hill Capital
Keystone Veterinary Emergency & Referral,Havertown,PA,19083,Thrive Pet Healthcare,TSG Consumer Partners
Blair Animal Hospital,Hollidaysburg,PA,16648,NVA,JAB Holdings
World of Animals at Bethayres,Huntingdon Valley,PA,19006,Suveto,Levine Leichtman Capital
Veterinary Clinic of Indiana,Indiana,PA,15701,CareVet,Compass Group Equity Partners
Countryside Veterinary Service - Jamestown,Jamestown,PA,16134,VetCor,Harvest Partners
Banfield King of Prussia,King Of Prussia,PA,19406,Banfield,Mars
Heart + Paw - King of Prussia,King of Prussia,PA,19406,Heart + Paw,Waud Capital Partners
King of Prussia Veterinary Hospital,King of Prussia,PA,19406,NVA,JAB Holdings
Livewell Animal Hospital of King of Prussia (coming soon),King of Prussia,PA,19406,Mission Pet Health,Silver Lake and Shore Capital Partners
Kittanning Veterinary Hospital,Kitttanning,PA,16201,CareVet,Compass Group Equity Partners
Homestead Veterinary Center,Kunkletown,PA,18058,Heart + Paw,Waud Capital Partners
Banfield Lancaster,Lancaster,PA,17601,Banfield,Mars
VCA Bridgeport Animal Hospital,Lancaster,PA,17602,VCA,Mars
VCA Smoketown Animal Hospital,Lancaster,PA,17602,VCA,Mars
Landisville Animal Hospital,Landisville,PA,17538,Innovetive Pet Care,Metalmark Capital
BluePearl Pet Hospital Langhorne,Langhorne,PA,19047,BluePearl Pet Hospital,Mars
VCA Animal Healing Center,Langhorne,PA,19047,VCA,Mars
VCA Delaware Valley Animal Hospital,Langhorne,PA,19047,VCA,Mars
VCA Gwynedd Animal Hospital,Lansdale,PA,19446,VCA,Mars
Leesport Animal Hospital,Leesport,PA,19533,Community Veterinary Partners,OMERS
BluePearl Pet Hospital Levittown,Levittown,PA,19056,BluePearl Pet Hospital,Mars
Pet's Best Friend Veterinary Hospital,Levittown,PA,19057,VetCor,Harvest Partners
The Animals' Hospital of Levittown,Levittown,PA,19057,VetCor,Harvest Partners
Lewisburg Veterinary Hospital,Lewisburg,PA,17837,CareVet,Compass Group Equity Partners
Lewis Veterinary Clinic,Linden,PA,17744,VetCor,Harvest Partners
Littlestown Veterinary Hospital,Littlestown,PA,17340,Heartland Veterinary Partners,Gryphon Investors
VCA Valley Vet Animal Hospital,Lower Burrell,PA,15068,VCA,Mars
Macungie Animal Hospital,Macungie,PA,18062,Blue River PetCare,Partners Group
BluePearl Pet Hospital Malvern,Malvern,PA,19355,BluePearl Pet Hospital,Mars
BluePearl Veterinary CyberKnife Cancer Center Malvern,Malvern,PA,19355,BluePearl Pet Hospital,Mars
Malvern Veterinary Hospital,Malvern,PA,19355,Rarebreed Veterinary Partners,Revelstoke Capital Partners
Veterinary Referral Center (VRC),Malvern,PA,19355,Ethos Veterinary Health,JAB Holdings
Wagsworth Manor,Malvern,PA,19355,Destination Pet,L1 Health
Animal Hospital of Rye,Marysville,PA,17053,VetCor,Harvest Partners
McKean Veterinary Hospital,McKean,PA,16426,Suveto,Levine Leichtman Capital
MedVet Pittsburgh,McMurray,PA,15317,MedVet,Minority stake by Leonard Green & Partners
Banfield Mechanicsburg,Mechanicsburg,PA,17050,Banfield,Mars
Good Hope Animal Hospital,Mechanicsburg,PA,17050,Rarebreed Veterinary Partners,Revelstoke Capital Partners
Lambs Gap Animal Hospital,Mechanicsburg,PA,17050,VetCor,Harvest Partners
Rossmoyne Animal Emergency Trauma Center,Mechanicsburg,PA,17055,PetVet Care Centers,KKR
Silver Springs Animal Clinic,Mechanicsburg,PA,17050,PetVet Care Centers,KKR
VCA Gettysburg Road Animal Hospital,Mechanicsburg,PA,17055,VCA,Mars
VCA Willow Mill Animal Hospital,Mechanicsburg,PA,17050,VCA,Mars
Winding Hill Veterinary Clinic,Mechanicsburg,PA,17055,Community Veterinary Partners,OMERS
Aston Veterinary Hospital,Media,PA,19063,Community Veterinary Partners,OMERS
Media Veterinary Hospital,Media,PA,19063,NVA,JAB Holdings
Vetco Total Care - Media,Media,PA,19063,Vetco Total Care,Petco
Londonderry Animal Hospital,Middletown,PA,17057,Veterinary Practice Partners,Audax Private Equity
Banfield Beaver,Monaca,PA,15061,Banfield,Mars
Avets Specialty & Emergency Trauma Center,Monroeville,PA,15146,Ethos Veterinary Health,JAB Holdings
Banfield Monroeville,Monroeville,PA,15146,Banfield,Mars
BluePearl Pet Hospital Monroeville,Monroeville,PA,15146,BluePearl Pet Hospital,Mars
Murrysville Veterinary Associates,Monroeville,PA,15146,NVA,JAB Holdings
Pittsburgh East Animal Hospital,Monroeville,PA,15146,VetCor,Harvest Partners
HousePaws Mobile Veterinary Service Morrisville,Morrisville,PA,19067,United Veterinary Care,Nordic Capital
Stoney Creek Veterinary Hospital,Morton,PA,19070,PetVet Care Centers,KKR
Companion Animal hospital,Mount Joy,PA,17552,NVA,JAB Holdings
Wolf Run Veterinary Clinic,Muncy,PA,17756,Western Veterinary Partners,Tyree & D'Angelo Partners
Bond Vet - Narberth,Narberth,PA,19072,Bond Vet,Warburg Pincus
Big Rock Veterinary Hospital,New Brighton,PA,15066,Mission Pet Health,Silver Lake and Shore Capital Partners
VCA West Shore Animal Hospital,New Cumberland,PA,17070,VCA,Mars
New Hope Veterinary Hospital,New Hope,PA,18938,United Veterinary Care,Nordic Capital
Indian Walk Veterinary Center,Newtown,PA,18940,VetCor,Harvest Partners
VCA Wellington Animal Hospital and Family Pet Resort,Newtown Square,PA,19073,VCA,Mars
Cats Only Veterinary Hospital,Norristown,PA,19401,CareVet,Compass Group Equity Partners
Metropolitan Veterinary Associates,Norristown,PA,19403,COVE Animal Health,Chicago Pacific Founders
North East Animal Hospital,North East,PA,16428,VetCor,Harvest Partners
St. Francis Animal Hospital,North Huntingdon,PA,15642,VetCor,Harvest Partners
North Versailles Veterinary Care,North Versailles,PA,15137,NVA,JAB Holdings
Banfield Montgomeryville,North Wales,PA,19454,Banfield,Mars
VEG Northern Liberties,Northern Liberties,PA,19123,VEG (Veterinary Emergency Group),D1 Capital & Fidelity
VCA Neshaminy Animal Hospital,Oakford,PA,19053,VCA,Mars
Oley Valley Animal Clinic,Oley,PA,19547,NVA,JAB Holdings
Oxford Veterinary Hospital,Oxford,PA,19363,VetCor,Harvest Partners
World of Animals at Bensalem,PA,PA,19020,Suveto,Levine Leichtman Capital
Palmyra Animal Clinic,Palmyra,PA,17078,PetVet Care Centers,KKR
VCA AVH Animal Hospital,Pen Argyl,PA,18072,VCA,Mars
Dublin Veterinary Hospital,Perkasie,PA,18944,Veterinary Practice Partners,Audax Private Equity
2nd Street Animal Hospital,Philadelphia,PA,19123,Innovetive Pet Care,Metalmark Capital
Banfield South Philly,Philadelphia,PA,19145,Banfield,Mars
BluePearl Pet Hospital Philadelphia,Philadelphia,PA,19147,BluePearl Pet Hospital,Mars
Bond Vet - Rittenhouse,Philadelphia,PA,19103,Bond Vet,Warburg Pincus
Callowhill,Philadelphia,PA,19107,Heart + Paw,Waud Capital Partners
Companion Pet Hospital,Philadelphia,PA,19147,Western Veterinary Partners,Tyree & D'Angelo Partners
East Market,Philadelphia,PA,19107,Heart + Paw,Waud Capital Partners
Eye Care For Animals Philadelphia,Philadelphia,PA,19130,Thrive Pet Healthcare,TSG Consumer Partners
Heart + Paw - Northern Liberties,Philadelphia,PA,19122,Heart + Paw,Waud Capital Partners
Society Hill Veterinary Hospital,Philadelphia,PA,19147,Mission Pet Health,Silver Lake and Shore Capital Partners
The Cat Doctor,Philadelphia,PA,19130,Community Veterinary Partners,OMERS
The Pet Mechanic - Fishtown,Philadelphia,PA,19125,EverVet Partners,Freeman Spogli and Tailwind Capital
VCA Cat Hospital of Philadelphia,Philadelphia,PA,19103,VCA,Mars
VCA Knightswood Animal Hospital,Philadelphia,PA,19154,VCA,Mars
Washington Avenue Animal Hospital,Philadelphia,PA,19146,AmeriVet,AEA Investors and Abu Dhabi Investment Authority (ADIA)
World of Animals at Mayfair,Philadelphia,PA,19135,Suveto,Levine Leichtman Capital
World of Animals at Rittenhouse,Philadelphia,PA,19146,Suveto,Levine Leichtman Capital
World of Animals at South Philadelphia,Philadelphia,PA,19148,Suveto,Levine Leichtman Capital
Phoenixville Animal Hospital,Phoenixville,PA,19460,Mission Pet Health,Silver Lake and Shore Capital Partners
Pine Grove Animal Clinic,Pine Grove,PA,17963,PetVet Care Centers,KKR
Piper Veterinary Clinic,Pipersville,PA,18947,Veterinary Innovative Partners,Health Enterprise Partners
Allegheny Veterinary Associates,Pittsburgh,PA,15237,Western Veterinary Partners,Tyree & D'Angelo Partners
Always Compassionate Veterinary Care,Pittsburgh,PA,15236,VetCor,Harvest Partners
Avalon Veterinary Hospital,Pittsburgh,PA,15237,Mission Pet Health,Silver Lake and Shore Capital Partners
Banfield North Fayette Township,Pittsburgh,PA,15275,Banfield,Mars
Banfield Pittsburgh Caste Village,Pittsburgh,PA,15236,Banfield,Mars
Banfield Pittsburgh Crafton Ingram,Pittsburgh,PA,15205,Banfield,Mars
Banfield Pittsburgh Village,Pittsburgh,PA,15206,Banfield,Mars
Banfield Ross Township,Pittsburgh,PA,15237,Banfield,Mars
BluePearl Pet Hospital Pittsburgh North,Pittsburgh,PA,15237,BluePearl Pet Hospital,Mars
East End Veterinary Medical Centre,Pittsburgh,PA,15232,NVA,JAB Holdings
Harts Run Veterinary Hospital,Pittsburgh,PA,15238,VetCor,Harvest Partners
Holiday Park Animal Hospital,Pittsburgh,PA,15239,NVA,JAB Holdings
Pet Palace Pittsburgh,Pittsburgh,PA,15203,Destination Pet,L1 Health
PetCure Oncology Pittsburgh,Pittsburgh,PA,15237,Thrive Pet Healthcare,TSG Consumer Partners
Pittsburgh Premier Veterinary Care and Rehab,Pittsburgh,PA,15235,NVA,JAB Holdings
Pleasant Hills Pet Hospital,Pittsburgh,PA,15236,VetCor,Harvest Partners
Rivers Veterinary Urgent Care,Pittsburgh,PA,15226,Mission Pet Health,Silver Lake and Shore Capital Partners
South Side Flats Animal Hospital,Pittsburgh,PA,15203,CareVet,Compass Group Equity Partners
UrgentVet McCandless,Pittsburgh,PA,15237,American Veterinary Group,Oak Hill Capital
VCA Castle Shannon Animal Hospital,Pittsburgh,PA,15234,VCA,Mars
VCA Fox Chapel Animal Hospital,Pittsburgh,PA,15238,VCA,Mars
VCA Met Vet West Animal Hospital,Pittsburgh,PA,15205,VCA,Mars
VCA Northview Animal Hospital Specialty Referral Center,Pittsburgh,PA,15237,VCA,Mars
VEG Pittsburgh,Pittsburgh,PA,15206,VEG (Veterinary Emergency Group),D1 Capital & Fidelity
Northeast Veterinary Referral Hospital,Plains,PA,18705,PetVet Care Centers,KKR
Banfield Pleasant Hills,Pleasant Hills,PA,15236,Banfield,Mars
Banfield Plymouth Meeting CLOSED,Plymouth Meeting,PA,19462,Banfield,Mars
Hickory Veterinary and Specialty Hospital,Plymouth Meeting,PA,19462,COVE Animal Health,Chicago Pacific Founders
Coventry Animal Hospital,Pottstown,PA,19465,NVA,JAB Holdings
UrgentVet Pottstown,Pottstown,PA,19465,American Veterinary Group,Oak Hill Capital
VCA French Creek Animal Hospital,Pottstown,PA,19465,VCA,Mars
Lucky Chance Pet Resort & Spa,Quakertown,PA,18951,VetCor,Harvest Partners
Pleasant Valley Animal Hospital,Quakertown,PA,18951,VetCor,Harvest Partners
Quakertown Veterinary Clinic,Quakertown,PA,18951,Community Veterinary Partners,OMERS
Vetco Total Care - Reading,Reading,PA,19606,Vetco Total Care,Petco
Rockledge Veterinary Clinic,Rockledge,PA,19046,Heart + Paw,Waud Capital Partners
Hamilton Animal Hospital,Roslyn,PA,19001,AmeriVet,AEA Investors and Abu Dhabi Investment Authority (ADIA)
Royersford Veterinary Hospital,Royersford,PA,19468,Rarebreed Veterinary Partners,Revelstoke Capital Partners
Russell Veterinary Hospital,Russell,PA,16345,VetCor,Harvest Partners
Mountain Shadow Veterinary Hospital,Schuylkill Haven,PA,17972,VetCor,Harvest Partners
Rockhill Veterinary Associates,Sellersville,PA,18960,Community Veterinary Partners,OMERS
Seven Fields Veterinary Hospital,Seven Fields,PA,16046,Mission Pet Health,Silver Lake and Shore Capital Partners
Mount Rock Animal Hospital,Shippensburg,PA,17257,Community Veterinary Partners,OMERS
Shippensburg Animal Hospital,Shippensburg,PA,17257,Community Veterinary Partners,OMERS
VCA Sinking Spring Animal Hospital,Sinking Spring,PA,19608,VCA,Mars
Skippack Animal Hospital,Skippack,PA,19474,Veterinary Practice Partners,Audax Private Equity
Highland Animal Hospital,Slatington,PA,18080,EverVet Partners,Freeman Spogli and Tailwind Capital
Indian Valley Animal Hospital,Souderton,PA,18964,VetCor,Harvest Partners
Telford Veterinary Hospital,Souderton,PA,18964,Mission Pet Health,Silver Lake and Shore Capital Partners
Family Pet Clinic - Southampton,Southampton,PA,18966,Veterinary Practice Partners,Audax Private Equity
River Valley Veterinary Hospital,Springdale,PA,15144,Western Veterinary Partners,Tyree & D'Angelo Partners
Banfield Springfield S,Springfield,PA,19064,Banfield,Mars
VCA Old Marple Animal Hospital,Springfield,PA,19064,VCA,Mars
Loyalhanna Veterinary Clinic,Stahlstown,PA,15687,VetCor,Harvest Partners
Keystone Veterinary Care,State College,PA,16803,NVA,JAB Holdings
Mt. Nittany Veterinary Hospital,State College,PA,16801,NVA,JAB Holdings
VCA Metzger Animal Hospital,State College,PA,16801,VCA,Mars
Vetco Total Care - State College,State College,PA,16803,Vetco Total Care,Petco
Vetco Total Care - Stowe,Stowe,PA,19464,Vetco Total Care,Petco
Gettysburg Animal Hospital,Straban Township,PA,17325,Blue River PetCare,Partners Group
Banfield Stroudsburg,Stroudsburg,PA,18360,Banfield,Mars
Barton Heights Veterinary Hospital,Stroudsburg,PA,18360,PetVet Care Centers,KKR
Pocono Peak Veterinary Center,Stroudsburg,PA,18360,EverVet Partners,Freeman Spogli and Tailwind Capital
Banfield Pittsburgh Mills,Tarentum,PA,15084,Banfield,Mars
Animal Medical Center,Trappe,PA,19426,Rarebreed Veterinary Partners,Revelstoke Capital Partners
UrgentVet Upper St. Clair,Upper Saint Clair,PA,15241,American Veterinary Group,Oak Hill Capital
Foxfield Veterinary Services,Uwchlan Township,PA,19335,Blue River PetCare,Partners Group
Animal Hospital of Valencia,Valencia,PA,16059,Veterinarian Partners,Tyree & D'Angelo Partners
Beaver Animal Clinic,Vanport Township,PA,15009,Blue River PetCare,Partners Group
Pittsburgh Spay & Vaccination Clinic,Verona,PA,15147,VetCor,Harvest Partners
St. George Hunt Memorial Veterinary Hospital,Villanova,PA,19085,NVA,JAB Holdings
Cherryville Animal Hospital,Walnutport,PA,18088,CareVet,Compass Group Equity Partners
Banfield Warminster,Warminster,PA,18974,Banfield,Mars
Vetco Total Care - Warrington,Warrington,PA,18976,Vetco Total Care,Petco
Banfield Washington,Washington,PA,15301,Banfield,Mars
BluePearl Pet Hospital Pittsburgh South Washington,Washington,PA,15301,BluePearl Pet Hospital,Mars
Meadowlands Veterinary Hospital,Washington,PA,15301,VetCor,Harvest Partners
Animal Emergency Center - Watsontown,Watsontown,PA,17777,Community Veterinary Partners,OMERS
Metropolitan Veterinary Urgent Care and Specialty,Wayne,PA,19087,COVE Animal Health,Chicago Pacific Founders
UrgentVet Wayne,Wayne,PA,19087,American Veterinary Group,Oak Hill Capital
Waynesburg Animal Hospital,Waynesburg,PA,15370,VetCor,Harvest Partners
Banfield West Chester,West Chester,PA,19382,Banfield,Mars
West Chester Veterinary Medical Center,West Chester,PA,19382,PetVet Care Centers,KKR
Larkin Veterinary Center,West Lawn,PA,19609,NVA,JAB Holdings
Banfield Wexford,Wexford,PA,15090,Banfield,Mars
VCA Wexford Animal Hospital,Wexford,PA,15090,VCA,Mars
Banfield Allentown,Whitehall,PA,18052,Banfield,Mars
The Animal Hospital on the Golden Strip,Williamsport,PA,17701,NVA,JAB Holdings
VEG Willow Grove,Willow Grove,PA,19090,VEG (Veterinary Emergency Group),D1 Capital & Fidelity
Willow Run Veterinary Clinic,Willow Street,PA,17584,NVA,JAB Holdings
Conrad Weiser Animal Hospital,Womelsdorf,PA,19567,NVA,JAB Holdings
BluePearl Pet Hospital Wyomissing,Wyomissing,PA,19610,BluePearl Pet Hospital,Mars
Wyomissing Animal Hospital,Wyomissing,PA,19610,Community Veterinary Partners,OMERS
UrgentVet Newtown,Yardley,PA,19067,American Veterinary Group,Oak Hill Capital
Animal Dental Center – York,York,PA,17403,Ethos Veterinary Health,JAB Holdings
Animal Emergency and Referral Center of York,York,PA,17403,Thrive Pet Healthcare,TSG Consumer Partners
East York Veterinary Center,York,PA,17402,Veterinary Innovative Partners,Health Enterprise Partners
Heart + Paw,York,PA,17402,Heart + Paw,Waud Capital Partners
Leader Heights Animal Hospital,York,PA,17402,NVA,JAB Holdings
VCA White Rose Animal Hospital,York,PA,17403,VCA,Mars
Yorkshire Animal Hospital,York,PA,17402,CareVet,Compass Group Equity Partners
Banfield Plaza Rio Hondo-Bayamon,Bayamon,PR,00961,Banfield,Mars
Banfield Plaza Centro Caguas,Caguas,PR,00725,Banfield,Mars
Banfield San Patricio Plaza,Guaynabo,PR,00968,Banfield,Mars
Banfield Senorial Plaza San Juan,South San Juan,PR,00926,Banfield,Mars
Bayside Veterinary Care,Barrington,RI,02806,CareVet,Compass Group Equity Partners
Tiogue Veterinary Clinic,Coventry,RI,02816,VetCor,Harvest Partners
Oaklawn Animal Hospital,Cranston,RI,02920,Rarebreed Veterinary Partners,Revelstoke Capital Partners
VCA Atwood Animal Hospital,Cranston,RI,02920,VCA,Mars
Abbott Valley Veterinary Center,Cumberland,RI,02864,NVA,JAB Holdings
Ocean State Veterinary Specialists,East Greenwich,RI,02818,United Veterinary Care,Nordic Capital
Gansett Animal Hospital,East Providence,RI,02916,Blue River PetCare,Partners Group
VCA Povar Animal Hospital,East Providence,RI,02914,VCA,Mars
Veterinary Urgent Care Center of East Providence,East Providence,RI,02914,Mission Pet Health,Silver Lake and Shore Capital Partners
Northern Rhode Island Animal Hospital,Forestdale,RI,02824,Thrive Pet Healthcare,TSG Consumer Partners
Hope Veterinary Care,Hope,RI,02831,VetCor,Harvest Partners
Jamestown Animal Clinic,Jamestown,RI,02835,NVA,JAB Holdings
Banfield Johnston,Johnston,RI,02919,Banfield,Mars
Lincoln Animal Hospital,Lincoln,RI,02865,VetCor,Harvest Partners
Newport Animal Hospital,Middletown,RI,02842,NVA,JAB Holdings
Newport Animal Clinic,Newport,RI,02840,NVA,JAB Holdings
Ferguson Animal Hospital,North Providence,RI,02911,PetVet Care Centers,KKR
Portsmouth Veterinary Clinic,Portsmouth,RI,02871,NVA,JAB Holdings
City Kitty,Providence,RI,02906,Rarebreed Veterinary Partners,Revelstoke Capital Partners
Eastside Veterinary Clinic,Providence,RI,02906,Blue River PetCare,Partners Group
Providence River Animal Hospital,Providence,RI,02903,Encore Vet Group,North Castle Partners
The Barking Lot,Providence,RI,02905,Destination Pet,L1 Health
Vetco Total Care - Providence,Providence,RI,02904,Vetco Total Care,Petco
Riverside Animal Hospital,Riverside,RI,02915,VetCor,Harvest Partners
UrgentVet Smithfield Urgent Vet,Smithfield,RI,02828,American Veterinary Group,Oak Hill Capital
Vetco Total Care - Smithfield,Smithfield,RI,02917,Vetco Total Care,Petco
Washington County Veterinary Hospital,South Kingstown,RI,02879,AmeriVet,AEA Investors and Abu Dhabi Investment Authority (ADIA)
Sakonnet Veterinary Hospital,Tiverton,RI,02878,VetCor,Harvest Partners
South County Veterinary Hospital,Wakefield,RI,02879,AmeriVet,AEA Investors and Abu Dhabi Investment Authority (ADIA)
Harbor Animal Hospital,Warren,RI,02885,Heart + Paw,Waud Capital Partners
Banfield Warwick,Warwick,RI,02886,Banfield,Mars
Bow Chika Wow Town,Warwick,RI,02886,Destination Pet,L1 Health
Eye Care for Animals - Warwick,Warwick,RI,02886,Thrive Pet Healthcare,TSG Consumer Partners
PetMedic Warwick,Warwick,RI,02886,PetMedic Urgent Care,Undisclosed
VEG Warwick,Warwick,RI,02886,VEG (Veterinary Emergency Group),D1 Capital & Fidelity
Warwick Animal Hospital,Warwick,RI,02888,VetCor,Harvest Partners
West Shore Animal Clinic,Warwick,RI,02889,VetCor,Harvest Partners
Aiken Animal Hospital,Aiken,SC,29803,Mission Pet Health,Silver Lake and Shore Capital Partners
PriorityPet Urgent Care of Aiken,Aiken,SC,29803,Alliance Animal Health,L Catterton and LightBay Capital
Veterinary Services of Aiken,Aiken,SC,29803,VetCor,Harvest Partners
Banfield Anderson Northlake,Anderson,SC,29621,Banfield,Mars
Electric City Animal Clinic,Anderson,SC,29625,Mission Pet Health,Silver Lake and Shore Capital Partners
Magnolia Veterinary Hospital,Anderson,SC,29625,Encore Vet Group,North Castle Partners
Batesburg-Leesville Animal Hospital,Batesburg-Leesville,SC,29070,Alliance Animal Health,L Catterton and LightBay Capital
Animal Medical Center of the Lowcountry,Beaufort,SC,29907,VetCor,Harvest Partners
Animal Medical Center West,Beaufort,SC,29906,VetCor,Harvest Partners
Sea Island Animal Hospital,Beaufort,SC,29907,NVA,JAB Holdings
Banfield Bluffton-Hilton Head,Bluffton,SC,29910,Banfield,Mars
Bluffton Veterinary Hospital,Bluffton,SC,29910,Mission Pet Health,Silver Lake and Shore Capital Partners
Brooke's Bed & Biscuit,Bluffton,SC,29910,Destination Pet,L1 Health
Lowcountry Vets at May River,Bluffton,SC,29910,Alliance Animal Health,L Catterton and LightBay Capital
Lowcountry Vets Mobile,Bluffton,SC,29910,Alliance Animal Health,L Catterton and LightBay Capital
Riverside Animal Hospital,Bluffton,SC,29910,Mission Pet Health,Silver Lake and Shore Capital Partners
DOKO Animal Hospital,Blythewood,SC,29016,Veterinary Practice Partners,Audax Private Equity
Ark Animal Hospital,Boiling Springs,SC,29316,VetCor,Harvest Partners
Heartland Animal Hospital,Boiling Springs,SC,29316,Mission Pet Health,Silver Lake and Shore Capital Partners
South Carolina Equine Associates,Camden,SC,29020,Altano Group,Ufenau Capital Partners
All Creatures Veterinary Clinic,Charleston,SC,29401,VetCor,Harvest Partners
Banfield Charleston N,Charleston,SC,29406,Banfield,Mars
Banfield Citadel,Charleston,SC,29407,Banfield,Mars
Banfield James Island,Charleston,SC,29412,Banfield,Mars
Bees Ferry Veterinary Hospital,Charleston,SC,29414,Mission Pet Health,Silver Lake and Shore Capital Partners
Cainhoy Veterinary Hospital,Charleston,SC,29492,Veterinary Practice Partners,Audax Private Equity
Charleston Veterinary Referral Center,Charleston,SC,29414,Ethos Veterinary Health,JAB Holdings
GoodVets James Island,Charleston,SC,29412,GoodVets,General Atlantic
GoodVets West Ashley,Charleston,SC,29407,GoodVets,General Atlantic
In the Dog House,Charleston,SC,29492,Destination Pet,L1 Health
PawMed Veterinary Urgent Care - Charleston,Charleston,SC,29407,Mission Pet Health,Silver Lake and Shore Capital Partners
VCA Charles Towne Animal Hospital,Charleston,SC,29407,VCA,Mars
West Ashley Veterinary Clinic,Charleston,SC,29407,Mission Pet Health,Silver Lake and Shore Capital Partners
Animal Dermatology Clinic Columbia,Columbia,SC,29223,Animal Dermatology Clinic,Percheron Capital
Banfield Columbia (Harbison),Columbia,SC,29212,Banfield,Mars
Banfield Columbia (Spring Valley),Columbia,SC,29229,Banfield,Mars
Banfield Columbia Garners Ferry,Columbia,SC,29209,Banfield,Mars
BluePearl Pet Hospital Columbia,Columbia,SC,29210,BluePearl Pet Hospital,Mars
Four Paws Animal Clinic,Columbia,SC,29206,Thrive Pet Healthcare,TSG Consumer Partners
Gregg Animal Hospital,Columbia,SC,29223,NVA,JAB Holdings
Midlands Veterinary Practice,Columbia,SC,29210,Destination Pet,L1 Health
Sandhills Veterinary Hospital,Columbia,SC,29229,Western Veterinary Partners,Tyree & D'Angelo Partners
Shandon-Wood Animal Clinic,Columbia,SC,29205,NVA,JAB Holdings
South Carolina Veterinary Specialists & Emergency Care,Columbia,SC,29210,Thrive Pet Healthcare,TSG Consumer Partners
The Cat Clinic,Columbia,SC,29206,Destination Pet,L1 Health
Two Notch Road Animal Clinic,Columbia,SC,29229,VetCor,Harvest Partners
Vetco Total Care - Columbia,Columbia,SC,29212,Vetco Total Care,Petco
Wescott Acres Luxury Pet Resort,Columbia,SC,29212,Destination Pet,L1 Health
Waccamaw Regional Veterinary Center,Conway,SC,29526,Western Veterinary Partners,Tyree & D'Angelo Partners
HealthPointe Veterinary Clinic,Duncan,SC,29334,VetCor,Harvest Partners
Banfield Easley,Easley,SC,29640,Banfield,Mars
KennelCare Pet Resort,Elgin,SC,29045,Destination Pet,L1 Health
Animal Eye Care Associates - Florence,Florence,SC,29501,Community Veterinary Partners,OMERS
Hewitt Animal Hospital,Florence,SC,29501,Thrive Pet Healthcare,TSG Consumer Partners
Palmetto Animal Hospital,Florence,SC,29501,Veterinary Practice Partners,Audax Private Equity
Southern Paws Animal Medical Center,Florence,SC,29501,Alliance Animal Health,L Catterton and LightBay Capital
Petfolk Veterinary & Urgent Care - Fort Mill,Fort Mill,SC,29708,Petfolk,Undisclosed
UrgentVet Fort Mill,Fort Mill,SC,29708,American Veterinary Group,Oak Hill Capital
VCA Indian Land Animal Hospital,Fort Mill,SC,29707,VCA,Mars
Veterinary Medical Center of Fort Mill,Fort Mill,SC,29708,Mission Pet Health,Silver Lake and Shore Capital Partners
Fountain Inn Animal Clinic,Fountain Inn,SC,29644,Mission Pet Health,Silver Lake and Shore Capital Partners
Lake Murray Animal Hospital,Gilbert,SC,29054,Encore Vet Group,North Castle Partners
Goose Creek Veterinary Clinic,Goose Creek,SC,29445,EverVet Partners,Freeman Spogli and Tailwind Capital
All Creatures Great and Small Animal Hospital,Greenville,SC,29607,Mission Pet Health,Silver Lake and Shore Capital Partners
Animal Dermatology Clinic Greenville,Greenville,SC,29607,Animal Dermatology Clinic,Percheron Capital
Banfield Greenville,Greenville,SC,29607,Banfield,Mars
Banfield Woodruff,Greenville,SC,29607,Banfield,Mars
Foothills Veterinary Hospital,Greenville,SC,29609,NVA,JAB Holdings
Integrity Animal Health Group,Greenville,SC,29615,Alliance Animal Health,L Catterton and LightBay Capital
NewDay Veterinary Care Greenville,Greenville,SC,29607,NewDay Veterinary Care / Pet Paradise,Crane Group
North Greenville Animal Hospital,Greenville,SC,29609,Mission Pet Health,Silver Lake and Shore Capital Partners
PetSuites Greenville,Greenville,SC,29615,NVA,JAB Holdings
Pleasantburg Veterinary Clinic,Greenville,SC,29607,American Veterinary Group,Oak Hill Capital
Upstate Vet Emergency + Specialty Care (UVS Greenville),Greenville,SC,29607,Ethos Veterinary Health,JAB Holdings
UrgentVet Greenville,Greenville,SC,29607,American Veterinary Group,Oak Hill Capital
VEG Greenville,Greenville,SC,29607,VEG (Veterinary Emergency Group),D1 Capital & Fidelity
Rocky Creek Veterinary Hospital,Greer,SC,29651,American Veterinary Group,Oak Hill Capital
VCA Blue Ridge Animal Hospital,Greer,SC,29650,VCA,Mars
Best Friends Animal Clinic,Hanahan,SC,29410,Western Veterinary Partners,Tyree & D'Angelo Partners
Hilton Head Veterinary Clinic,Hilton Head Island,SC,29926,AmeriVet,AEA Investors and Abu Dhabi Investment Authority (ADIA)
Plantation Animal Hospital,Hilton Head Island,SC,29926,NVA,JAB Holdings
Petfolk Veterinary & Urgent Care - Indian Land,Indian Land,SC,29707,Petfolk,Undisclosed
Sun City Animal Hospital,Indian Land,SC,29707,Alliance Animal Health,L Catterton and LightBay Capital
Vetco Total Care - Indian Land,Indian Land,SC,29707,Vetco Total Care,Petco
Creature Comforts Animal Emergency Center,Inman,SC,29349,Alliance Animal Health,L Catterton and LightBay Capital
Creature Comforts Veterinary Resort & Suite,Inman,SC,29349,Alliance Animal Health,L Catterton and LightBay Capital
Inman Animal Hospital,Inman,SC,29349,Western Veterinary Partners,Tyree & D'Angelo Partners
Dutch Fork Animal Hospital,Irmo,SC,29063,Mission Pet Health,Silver Lake and Shore Capital Partners
Well Pets Veterinary Clinic,Irmo,SC,29063,Mission Pet Health,Silver Lake and Shore Capital Partners
Animal Eye Care Associates - Johns Island,Johns Island,SC,29455,Community Veterinary Partners,OMERS
Southside Animal Hospital,Johns Island,SC,29455,Mission Pet Health,Silver Lake and Shore Capital Partners
Sun Dog Cat Moon Veterinary Clinic,Johns Island,SC,29455,Innovetive Pet Care,Metalmark Capital
Animal Eye Care Associates - Ladson,Ladson,SC,29456,Community Veterinary Partners,OMERS
College Park Road Veterinary Clinic,Ladson,SC,29456,Mission Pet Health,Silver Lake and Shore Capital Partners
Ladson Veterinary Hospital,Ladson,SC,29456,EverVet Partners,Freeman Spogli and Tailwind Capital
TotalBond Veterinary Hospital at Bethel,Lake Wylie,SC,29710,Veterinary Practice Partners,Audax Private Equity
Faulkner Animal Hospital,Lancaster,SC,29720,Innovetive Pet Care,Metalmark Capital
Landrum Veterinary Hospital,Landrum,SC,29356,EverVet Partners,Freeman Spogli and Tailwind Capital
Banfield Lexington,Lexington,SC,29072,Banfield,Mars
Cherokee Trail Veterinary Hospital,Lexington,SC,29072,Encore Vet Group,North Castle Partners
Grace Animal Hospital,Lexington,SC,29072,Encore Vet Group,North Castle Partners
Millcreek Animal Hospital,Lexington,SC,29072,Thrive Pet Healthcare,TSG Consumer Partners
UrgentVet Lexington Square,Lexington,SC,29072,American Veterinary Group,Oak Hill Capital
Saint Francis Animal Hospital,Little River,SC,29566,Western Veterinary Partners,Tyree & D'Angelo Partners
Waterway Animal Hospital,Little River,SC,29566,Mission Pet Health,Silver Lake and Shore Capital Partners
Animal Eye Care Associates - Mount Pleasant,Mount Pleasant,SC,29466,Community Veterinary Partners,OMERS
Animal Medical Center of Mt. Pleasant,Mount Pleasant,SC,29464,NVA,JAB Holdings
BluePearl Pet Hospital Mount Pleasant,Mount Pleasant,SC,29464,BluePearl Pet Hospital,Mars
Palmetto Veterinary Hospital,Mount Pleasant,SC,29466,Mission Pet Health,Silver Lake and Shore Capital Partners
Park West Veterinary Associates,Mount Pleasant,SC,29466,NVA,JAB Holdings
VEG Mount Pleasant,Mount Pleasant,SC,29466,VEG (Veterinary Emergency Group),D1 Capital & Fidelity
Banfield Mt Pleasant,Mt Pleasant,SC,29464,Banfield,Mars
Animal Dermatology Clinic Mt. Pleasant,Mt. Pleasant,SC,29464,Animal Dermatology Clinic,Percheron Capital
Banfield Mt. Pleasant W,Mt. Pleasant,SC,29464,Banfield,Mars
Animal Dermatology Clinic - Myrtle Beach,Myrtle Beach,SC,29575,Animal Dermatology Clinic,Percheron Capital
Animal Eye Care Associates - Myrtle Beach,Myrtle Beach,SC,29575,Community Veterinary Partners,OMERS
Banfield Myrtle Beach,Myrtle Beach,SC,29577,Banfield,Mars
Carolina Forest Veterinary Hospital,Myrtle Beach,SC,29579,Mission Pet Health,Silver Lake and Shore Capital Partners
K9 Cabana Dog Resort,Myrtle Beach,SC,29588,Destination Pet,L1 Health
Myrtle Beach Animal Hospital,Myrtle Beach,SC,29577,Hometown Veterinary Partners,Briarcliff Capital Partners
VCA Palmetto Animal Hospital,Myrtle Beach,SC,29579,VCA,Mars
Veterinary Clinic of Myrtle Beach,Myrtle Beach,SC,29577,Mission Pet Health,Silver Lake and Shore Capital Partners
Animal Hospital of North Myrtle Beach,North Myrtle Beach,SC,29582,Mission Pet Health,Silver Lake and Shore Capital Partners
Banfield N Myrtle Beach,North Myrtle Beach,SC,29582,Banfield,Mars
Okatie Veterinary Center,Okatie,SC,29909,AmeriVet,AEA Investors and Abu Dhabi Investment Authority (ADIA)
Orangeburg Veterinary Associates,Orangeburg,SC,29115,Heartland Veterinary Partners,Gryphon Investors
Pawleys Veterinary Hospital,Pawleys Island,SC,29585,NVA,JAB Holdings
Foothills Veterinary Hospital - South,Pelzer,SC,29669,NVA,JAB Holdings
Martin Veterinary Services,Pelzer,SC,29669,Alliance Animal Health,L Catterton and LightBay Capital
Pickens Animal Hospital,Pickens,SC,29671,VetCor,Harvest Partners
Lowcountry Vets at Argent,Ridgeland,SC,29936,Alliance Animal Health,L Catterton and LightBay Capital
Lowcountry Vets at Ridgeland,Ridgeland,SC,29936,Alliance Animal Health,L Catterton and LightBay Capital
Riverwalk Animal Hospital,Ridgeland,SC,29936,Western Veterinary Partners,Tyree & D'Angelo Partners
Banfield Rock Hill,Rock Hill,SC,29730,Banfield,Mars
Carolina Veterinary Specialists,Rock Hill,SC,29730,PetVet Care Centers,KKR
Catawba Animal Clinic,Rock Hill,SC,29732,PetVet Care Centers,KKR
Ebenezer Animal Hospital,Rock Hill,SC,29732,Mission Pet Health,Silver Lake and Shore Capital Partners
Newport Veterinary Hospital,Rock Hill,SC,29732,Veterinary Practice Partners,Audax Private Equity
River's Edge Animal Hospital,Rock Hill,SC,29730,Veterinary Practice Partners,Audax Private Equity
Rock Hill Animal Hospital,Rock Hill,SC,29732,VetCor,Harvest Partners
Santee Animal Hospital,Santee,SC,29142,Alliance Animal Health,L Catterton and LightBay Capital
Cleveland Park Hospital,Simpsonville,SC,29681,Community Veterinary Partners,OMERS
Hillcrest Animal Hospital,Simpsonville,SC,29681,Mission Pet Health,Silver Lake and Shore Capital Partners
Integrity Animal Health Group,Simpsonville,SC,29681,Alliance Animal Health,L Catterton and LightBay Capital
Simpsonville Animal Hospital,Simpsonville,SC,29680,Innovetive Pet Care,Metalmark Capital
Woodruff Road Animal Hospital,Simpsonville,SC,29681,Mission Pet Health,Silver Lake and Shore Capital Partners
Banfield Spartanburg Dorman,Spartanburg,SC,29301,Banfield,Mars
Smith Animal Hospital,Spartanburg,SC,29303,Mission Pet Health,Silver Lake and Shore Capital Partners
Spartanburg Animal Clinic,Spartanburg,SC,29302,VetCor,Harvest Partners
UrgentVet Spartanburg,Spartanburg,SC,29301,American Veterinary Group,Oak Hill Capital
Animal Dermatology Clinic Summerville,Summerville,SC,29483,Animal Dermatology Clinic,Percheron Capital
Banfield Summerville,Summerville,SC,29483,Banfield,Mars
Banfield Summerville S,Summerville,SC,29485,Banfield,Mars
BluePearl Pet Hospital Summerville,Summerville,SC,29483,BluePearl Pet Hospital,Mars
GoodVets Summerville,Summerville,SC,29486,GoodVets,General Atlantic
My Pet's Vet Summerville,Summerville,SC,29486,My Pet's Vet Group,Fulcrum Equity Partners
PawMed Veterinary Urgent Care - Summerville,Summerville,SC,29486,Mission Pet Health,Silver Lake and Shore Capital Partners
Sangaree Animal Hospital,Summerville,SC,29486,Veterinary Practice Partners,Audax Private Equity
Sangaree Animal Hospital at Cane Bay,Summerville,SC,29486,Veterinary Practice Partners,Audax Private Equity
VCA Westbury Animal Hospital and Pet Care Center,Summerville,SC,29483,VCA,Mars
VCA Westbury Pet Care Center,Summerville,SC,29483,VCA,Mars
Animal Medical Clinic,Sumter,SC,29150,VetCor,Harvest Partners
Hudson Veterinary Hospital,Sumter,SC,29150,Heartland Veterinary Partners,Gryphon Investors
Peach Orchard Veterinary Clinic,Sumter,SC,29154,VetCor,Harvest Partners
Banfield Greer,Taylors,SC,29687,Banfield,Mars
East Greenville Animal Hospital,Taylors,SC,29687,Mission Pet Health,Silver Lake and Shore Capital Partners
Sunset Animal Clinic,West Columbia,SC,29169,VetCor,Harvest Partners
Dunes Animal Hospital,Dakota Dunes,SD,57049,NVA,JAB Holdings
Animal Clinic of Rapid City,Rapid City,SD,57703,NVA,JAB Holdings
All City Pet Care East,Sioux Falls,SD,57110,NVA,JAB Holdings
All City Pet Care Veterinary Emergency Hospital,Sioux Falls,SD,57105,NVA,JAB Holdings
All City Pet Care West,Sioux Falls,SD,57106,NVA,JAB Holdings
Best Care Pet Hospital,Sioux Falls,SD,57103,Veterinary Practice Partners,Audax Private Equity
Heather Ridge Pet Hospital,Sioux Falls,SD,57108,NVA,JAB Holdings
Sturgis Veterinary Hospital - Equine Center,Sturgis,SD,57785,PetVet Care Centers,KKR
Tazewell Pike Animal Clinic,,TN,37721,VetEvolve,Varsity Healthcare Partners
Banfield Alcoa,Alcoa,TN,37701,Banfield,Mars
PetWellClinic - Midland Plaza Alcoa,Alcoa,TN,37701,PetWellClinic,Westside Franchise Brands / local franchisee
Apache Trail,Antioch,TN,37013,Heart + Paw,Waud Capital Partners
VCA PetMed Animal Hospital,Antioch,TN,37013,VCA,Mars
Arlington Pet Hospital,Arlington,TN,38002,VetCor,Harvest Partners
Arlington Pet Hospital,Arlington,TN,38002,VetCor,Harvest Partners
PetSuites Cordova,Arlington,TN,38002,NVA,JAB Holdings
Animal Clinic of Athens,Athens,TN,37303,VetCor,Harvest Partners
English Veterinary Care,Atoka,TN,38004,Heartland Veterinary Partners,Gryphon Investors
Gentle Care Animal Hospital,Bartlett,TN,38134,NVA,JAB Holdings
PetVax Affordable Care Hospital – Bartlett,Bartlett,TN,38133,PetVet Care Centers,KKR
Bells Animal Clinic,Bells,TN,38006,NVA,JAB Holdings
Airport Pet Emergency Clinic,Blountville,TN,37617,PetVet Care Centers,KKR
Banfield Brentwood,Brentwood,TN,37027,Banfield,Mars
Banfield Brentwood Maryland Farms,Brentwood,TN,37027,Banfield,Mars
BluePearl Pet Hospital Brentwood,Brentwood,TN,37027,BluePearl Pet Hospital,Mars
Bradford Animal Hospital,Brentwood,TN,37027,American Veterinary Group,Oak Hill Capital
Brentwood Veterinary Clinic,Brentwood,TN,37027,PetVet Care Centers,KKR
Carothers Parkway Veterinary Clinic,Brentwood,TN,37027,NVA,JAB Holdings
Ferguson Animal Hospital,Bristol,TN,37620,VetEvolve,Varsity Healthcare Partners
Animal Clinic Downtown,Chattanooga,TN,37407,United Veterinary Care,Nordic Capital
Animal Clinic East,Chattanooga,TN,37421,United Veterinary Care,Nordic Capital
Animal Emergency & Specialty Center of Chattanooga,Chattanooga,TN,37421,Innovetive Pet Care,Metalmark Capital
Banfield Chattanooga,Chattanooga,TN,37421,Banfield,Mars
Dentistry and Oral Surgery for Animals Chattanooga,Chattanooga,TN,37408,Thrive Pet Healthcare,TSG Consumer Partners
East Brainerd Animal Hospital,Chattanooga,TN,37421,Mission Pet Health,Silver Lake and Shore Capital Partners
East Ridge Animal Hospital,Chattanooga,TN,37412,Alliance Animal Health,L Catterton and LightBay Capital
Highway 58 Animal Hospital,Chattanooga,TN,37416,Heartland Veterinary Partners,Gryphon Investors
Lookout Valley Veterinary Clinic,Chattanooga,TN,37419,Innovetive Pet Care,Metalmark Capital
Red Bank Animal Hospital,Chattanooga,TN,37415,VetCor,Harvest Partners
Riverview Animal Hospital,Chattanooga,TN,37405,Mission Pet Health,Silver Lake and Shore Capital Partners
Shallowford Animal Hospital,Chattanooga,TN,37421,Mission Pet Health,Silver Lake and Shore Capital Partners
VCA Regional Institute for Vet Emergencies and Referrals,Chattanooga,TN,37406,VCA,Mars
Wolftever Pet Hospital & Inn,Chattanooga,TN,37416,Alliance Animal Health,L Catterton and LightBay Capital
Animal House Veterinary Clinic,Clarksville,TN,37042,NVA,JAB Holdings
Banfield Clarksville North,Clarksville,TN,37040,Banfield,Mars
Eastview Veterinary Clinic,Clarksville,TN,37043,NVA,JAB Holdings
Family Pet Hospital,Clarksville,TN,37043,NVA,JAB Holdings
Nashville Veterinary Specialists – Clarksville,Clarksville,TN,37040,Ethos Veterinary Health,JAB Holdings
Overwatch Animal Hospital,Clarksville,TN,37042,PetVet Care Centers,KKR
Sango Veterinary Hospital,Clarksville,TN,37043,PetVet Care Centers,KKR
Southside Veterinary Clinic,Clarksville,TN,37040,NVA,JAB Holdings
Tiny Town Animal Clinic,Clarksville,TN,37042,NVA,JAB Holdings
Appalachian Animal Clinic,Cleveland,TN,37323,Mission Pet Health,Silver Lake and Shore Capital Partners
Mountainstone Veterinary Hospital,Cleveland,TN,37312,VetCor,Harvest Partners
Taylor Animal Hospital,Cleveland,TN,37312,NVA,JAB Holdings
Banfield Collierville,Collierville,TN,38017,Banfield,Mars
Collierville Animal Clinic,Collierville,TN,38017,CareVet,Compass Group Equity Partners
The Pet Hospitals Collierville,Collierville,TN,38017,Thrive Pet Healthcare,TSG Consumer Partners
Animal Care Center of Carters Creek,Columbia,TN,38401,Western Veterinary Partners,Tyree & D'Angelo Partners
Maury County Veterinary Hospital,Columbia,TN,38401,PetVet Care Centers,KKR
Veterinary Wellness Clinic Of Columbia,Columbia,TN,38401,PetVet Care Centers,KKR
Best Friends Veterinary Hospital,Cookeville,TN,38501,Suveto,Levine Leichtman Capital
Copeland Veterinary Hospital,Cookeville,TN,38501,Innovetive Pet Care,Metalmark Capital
Flatt Veterinary Clinic,Cookeville,TN,38501,Innovetive Pet Care,Metalmark Capital
Germantown Parkway Animal Hospital,Cordova,TN,38018,PetVet Care Centers,KKR
Memphis Veterinary Specialists,Cordova,TN,38018,PetVet Care Centers,KKR
PetVax Affordable Care Hospital – Cordova,Cordova,TN,38018,PetVet Care Centers,KKR
The Pet Hospitals Houston Levee & Macon,Cordova,TN,38018,Thrive Pet Healthcare,TSG Consumer Partners
Dandridge Animal Hospital,Dandridge,TN,37725,Western Veterinary Partners,Tyree & D'Angelo Partners
Cornerstone Animal Hospital,Dickson,TN,37055,Heartland Veterinary Partners,Gryphon Investors
North Stewart Veterinary Clinic,Dover,TN,37058,NVA,JAB Holdings
Dyer County Animal Hospital,Dyersburg,TN,38024,Heartland Veterinary Partners,Gryphon Investors
VCA Eads Animal Hospital,Eads,TN,38028,VCA,Mars
Houston County Animal Clinic,Erin,TN,37061,PetVet Care Centers,KKR
Greymont Kennel,Fairview,TN,37062,Destination Pet,L1 Health
Concord Veterinary Hospital,Farragut,TN,37934,Mission Pet Health,Silver Lake and Shore Capital Partners
Banfield Franklin,Franklin,TN,37064,Banfield,Mars
Beauchamp Animal Hospital,Franklin,TN,37069,Mission Pet Health,Silver Lake and Shore Capital Partners
Clovercroft Veterinary Hospital,Franklin,TN,37067,Heartland Veterinary Partners,Gryphon Investors
My Second Home,Franklin,TN,37067,NVA,JAB Holdings
Pet Vet Battlewood,Franklin,TN,37069,PetVet Care Centers,KKR
VCA McKay's Mill Animal Hospital,Franklin,TN,37064,VCA,Mars
VEG Franklin,Franklin,TN,37067,VEG (Veterinary Emergency Group),D1 Capital & Fidelity
VIPets Franklin Animal Clinic,Franklin,TN,37067,Veterinary Innovative Partners,Health Enterprise Partners
Critter Clinic,Gallatin,TN,37066,United Veterinary Care,Nordic Capital
Forest Hill Animal Hospital,Germantown,TN,38138,NVA,JAB Holdings
PriorityPet Urgent Care of Germantown,Germantown,TN,38138,Alliance Animal Health,L Catterton and LightBay Capital
The Pet Hospitals Germantown,Germantown,TN,38139,Thrive Pet Healthcare,TSG Consumer Partners
Goodlettsville Animal Hospital,Goodlettsville,TN,37072,Heartland Veterinary Partners,Gryphon Investors
North Nashville Animal Hospital,Goodlettsville,TN,37072,CareVet,Compass Group Equity Partners
Animal Medical Center of Greeneville,Greeneville,TN,37745,NVA,JAB Holdings
Roane Veterinary Hospital,Harriman,TN,37748,Heartland Veterinary Partners,Gryphon Investors
Russell Veterinary Services,Harrogate,TN,37752,Heartland Veterinary Partners,Gryphon Investors
The Animal Clinic,Hendersonville,TN,37075,Mission Pet Health,Silver Lake and Shore Capital Partners
UrgentVet Hendersonville,Hendersonville,TN,37075,American Veterinary Group,Oak Hill Capital
Banfield Hermitage,Hermitage,TN,37076,Banfield,Mars
Hermitage Animal Clinic,Hermitage,TN,37076,PetVet Care Centers,KKR
Hermitage Pet Inn,Hermitage,TN,37076,PetVet Care Centers,KKR
PriorityPet Urgent Care of Hermitage,Hermitage,TN,37076,Alliance Animal Health,L Catterton and LightBay Capital
Banfield Chattanooga N,Hixson,TN,37343,Banfield,Mars
Northgate Animal Hospital,Hixson,TN,37343,Veterinary Practice Partners,Audax Private Equity
Hohenwald Animal Hospital,Hohenwald,TN,38462,PetVet Care Centers,KKR
Jackson Animal Clinic,Jackson,TN,38305,PetVet Care Centers,KKR
North Madison Animal Hospital,Jackson,TN,38305,PetVet Care Centers,KKR
Northside Animal Clinic,Jackson,TN,38305,PetVet Care Centers,KKR
Lakeway Animal Hospital,Jefferson City,TN,37760,NVA,JAB Holdings
New Hope Veterinary Clinic,Joelton,TN,37080,NVA,JAB Holdings
Boones Creek Animal Hospital,Johnson City,TN,37615,Heartland Veterinary Partners,Gryphon Investors
Veterinary Medical Center,Johnson City,TN,37601,Mission Pet Health,Silver Lake and Shore Capital Partners
Colonial Heights Animal Hospital,Kingsport,TN,37663,Mission Pet Health,Silver Lake and Shore Capital Partners
Indian Ridge Animal Hospital,Kingsport,TN,37660,Mission Pet Health,Silver Lake and Shore Capital Partners
Kingsport Veterinary Hospital,Kingsport,TN,37660,Heartland Veterinary Partners,Gryphon Investors
Animal Emergency & Specialty Center of Knoxville,Knoxville,TN,37922,Innovetive Pet Care,Metalmark Capital
Banfield Knoxville,Knoxville,TN,37934,Banfield,Mars
Banfield Knoxville (West Town),Knoxville,TN,37919,Banfield,Mars
Bluegrass Animal Hospital,Knoxville,TN,37922,United Veterinary Care,Nordic Capital
Dermatology for Animals - Knoxville,Knoxville,TN,37934,Thrive Pet Healthcare,TSG Consumer Partners
Fountain City Animal Hospital,Knoxville,TN,37918,Blue River PetCare,Partners Group
Hardin Valley Animal Hospital,Knoxville,TN,37932,Mission Pet Health,Silver Lake and Shore Capital Partners
Karns Animal Clinic,Knoxville,TN,37931,VetCor,Harvest Partners
Knoxville Pet Emergency Clinic,Knoxville,TN,37921,Veterinary Innovative Partners,Health Enterprise Partners
Lange Animal Hospital,Knoxville,TN,37922,Innovetive Pet Care,Metalmark Capital
Lovell Animal Hospital,Knoxville,TN,37932,Heartland Veterinary Partners,Gryphon Investors
Northshore Animal Hospital,Knoxville,TN,37922,Heartland Veterinary Partners,Gryphon Investors
VEG ER for Pets,Knoxville,TN,37919,VEG (Veterinary Emergency Group),D1 Capital & Fidelity
Village Veterinary Medical Center,Knoxville,TN,37934,Thrive Pet Healthcare,TSG Consumer Partners
VIPets Hardin Station Animal Clinic,Knoxville,TN,37932,Veterinary Innovative Partners,Health Enterprise Partners
Macon County Veterinary Hospital,Lafayette,TN,37083,VetCor,Harvest Partners
Banfield Lakeland,Lakeland,TN,38002,Banfield,Mars
The Pet Hospitals Lakeland,Lakeland,TN,38002,Thrive Pet Healthcare,TSG Consumer Partners
Cumberland Animal Hospital,Lebanon,TN,37087,PetVet Care Centers,KKR
Livewell Animal Hospital of Lebanon (coming soon),Lebanon,TN,37090,Mission Pet Health,Silver Lake and Shore Capital Partners
Lenoir City Animal Clinic,Lenoir City,TN,37771,Innovetive Pet Care,Metalmark Capital
VCA Ragland & Riley Animal Hospital,Livingston,TN,38570,VCA,Mars
Banfield Madison North Nashville,Madison,TN,37115,Banfield,Mars
Animal Health Clinic,Manchester,TN,37355,PetVet Care Centers,KKR
Big Springs Veterinary Hospital,Maryville,TN,37801,American Veterinary Group,Oak Hill Capital
Blount Veterinary Clinic,Maryville,TN,37804,Heartland Veterinary Partners,Gryphon Investors
Chilhowee Veterinary Clinic,Maryville,TN,37803,Heartland Veterinary Partners,Gryphon Investors
Fairview Animal Hospital,Maryville,TN,37801,Heartland Veterinary Partners,Gryphon Investors
Animal Emergency Center,Memphis,TN,38122,PetVet Care Centers,KKR
Banfield Memphis,Memphis,TN,38125,Banfield,Mars
Banfield Memphis-Wolf Chase CLOSED,Memphis,TN,38133,Banfield,Mars
Berclair Animal Hospital,Memphis,TN,38117,Alliance Animal Health,L Catterton and LightBay Capital
BrownDog Lodge,Memphis,TN,38117,Destination Pet,L1 Health
Cordova Station Animal Hospital,Memphis,TN,38018,American Veterinary Group,Oak Hill Capital
Hillcrest Animal Hospital,Memphis,TN,38134,PetVet Care Centers,KKR
McGehee Clinic For Animals,Memphis,TN,38117,Suveto,Levine Leichtman Capital
Memphis Animal Clinic,Memphis,TN,38104,Mission Pet Health,Silver Lake and Shore Capital Partners
PetSuites Collierville,Memphis,TN,38125,NVA,JAB Holdings
PetVax Affordable Care Hospital – East Memphis,Memphis,TN,38117,PetVet Care Centers,KKR
PetVax Affordable Care Hospital – Germantown,Memphis,TN,38125,PetVet Care Centers,KKR
PetVax Affordable Care Hospital – Midtown,Memphis,TN,38104,PetVet Care Centers,KKR
Shelby Center Hospital for Animals,Memphis,TN,38133,VetCor,Harvest Partners
Southwind Animal Hospital,Memphis,TN,38125,PetVet Care Centers,KKR
Taming the Wild,Memphis,TN,38133,Destination Pet,L1 Health
The Pet Hospitals Downtown,Memphis,TN,38105,Thrive Pet Healthcare,TSG Consumer Partners
The Pet Hospitals Midtown,Memphis,TN,38112,Thrive Pet Healthcare,TSG Consumer Partners
The Pet Hospitals Poplar at Massey,Memphis,TN,38119,Thrive Pet Healthcare,TSG Consumer Partners
Morristown Animal Hospital,Morristown,TN,37813,NVA,JAB Holdings
Moyers Veterinary Hospital,Morristown,TN,37814,Alliance Animal Health,L Catterton and LightBay Capital
Mount Carmel Pet Hospital,Mount Carmel,TN,37645,Heartland Veterinary Partners,Gryphon Investors
Banfield Mt Juliet,Mount Juliet,TN,37122,Banfield,Mars
Village Veterinary Hospital,Mount Juliet,TN,37122,Mission Pet Health,Silver Lake and Shore Capital Partners
VCA Animal Care Center of Mt. Juliet,Mt. Juliet,TN,37122,VCA,Mars
Animal Care Veterinary Hospital,Murfreesboro,TN,37128,Mission Pet Health,Silver Lake and Shore Capital Partners
Animal Medical Center,Murfreesboro,TN,37128,PetVet Care Centers,KKR
Banfield Murfreesboro,Murfreesboro,TN,37129,Banfield,Mars
Brogli Lane Weaver & Alexander Animal Hospital,Murfreesboro,TN,37129,PetVet Care Centers,KKR
PetSuites Murfreesboro,Murfreesboro,TN,37129,NVA,JAB Holdings
VCA Creekside Animal Hospital,Murfreesboro,TN,37130,VCA,Mars
VEG Murfreesboro,Murfreesboro,TN,37129,VEG (Veterinary Emergency Group),D1 Capital & Fidelity
Veterinary Associates of Murfreesboro,Murfreesboro,TN,37129,VetCor,Harvest Partners
5 Points Animal Hospital,Nashville,TN,37206,Mission Pet Health,Silver Lake and Shore Capital Partners
Animal Dermatology Clinic Nashville,Nashville,TN,37211,Animal Dermatology Clinic,Percheron Capital
Banfield Music City,Nashville,TN,37204,Banfield,Mars
Banfield Nashville W,Nashville,TN,37209,Banfield,Mars
Belle Forest Animal Hospital,Nashville,TN,37221,PetVet Care Centers,KKR
Belle Meade Animal Hospital,Nashville,TN,37205,Community Veterinary Partners,OMERS
Belmont Animal Hospital,Nashville,TN,37212,Mission Pet Health,Silver Lake and Shore Capital Partners
Bloom Veterinary Hospital,Nashville,TN,37209,Blue River PetCare,Partners Group
BluePearl Pet Hospital Nashville,Nashville,TN,37212,BluePearl Pet Hospital,Mars
GoodVets Germantown,Nashville,TN,37208,GoodVets,General Atlantic
GoodVets The Gulch,Nashville,TN,37203,GoodVets,General Atlantic
Hillsboro Animal Hospital,Nashville,TN,37215,NVA,JAB Holdings
Livewell Animal Urgent Care of East Nashville,Nashville,TN,37216,Mission Pet Health,Silver Lake and Shore Capital Partners
Livewell Animal Urgent Care of Midtown (coming soon),Nashville,TN,37203,Mission Pet Health,Silver Lake and Shore Capital Partners
McCormick Animal Clinic,Nashville,TN,37214,Alliance Animal Health,L Catterton and LightBay Capital
Mobley Veterinary Clinic,Nashville,TN,37216,Mission Pet Health,Silver Lake and Shore Capital Partners
Nashville Veterinary Specialists,Nashville,TN,37204,Ethos Veterinary Health,JAB Holdings
Nippers Corner Pet Medical Center,Nashville,TN,37211,Mission Pet Health,Silver Lake and Shore Capital Partners
Richland Animal Clinic,Nashville,TN,37209,Mission Pet Health,Silver Lake and Shore Capital Partners
Southside Animal Hospital,Nashville,TN,37211,Mission Pet Health,Silver Lake and Shore Capital Partners
Thrive Pet Healthcare Wedgewood,Nashville,TN,37203,Thrive Pet Healthcare,TSG Consumer Partners
VCA Murphy Road Animal Hospital,Nashville,TN,37209,VCA,Mars
Rowland Veterinary Services,New Tazewell,TN,37825,Western Veterinary Partners,Tyree & D'Angelo Partners
Appalachian Veterinary Hospital,Newport,TN,37821,NVA,JAB Holdings
Nolensville Veterinary Hospital,Nolensville,TN,37135,NVA,JAB Holdings
Ideal Veterinary Hospital,Oak Ridge,TN,37830,Heartland Veterinary Partners,Gryphon Investors
Jackson Square Animal Clinic,Oak Ridge,TN,37830,VetEvolve,Varsity Healthcare Partners
Oak Ridge Veterinary Hospital,Oak Ridge,TN,37830,Heartland Veterinary Partners,Gryphon Investors
Animal Care Hospital,Oakland,TN,38060,Heartland Veterinary Partners,Gryphon Investors
Main Street Animal Clinic,Oakland,TN,38060,Western Veterinary Partners,Tyree & D'Angelo Partners
Powell Animal Hospital,Powell,TN,37849,Thrive Pet Healthcare,TSG Consumer Partners
Hardin County Veterinary Clinic,Savannah,TN,38372,Heartland Veterinary Partners,Gryphon Investors
Smoky Dog Lodge,Sevierville,TN,37862,Destination Pet,L1 Health
Tri-County Veterinary Clinic,Sevierville,TN,37876,VetEvolve,Varsity Healthcare Partners
Seymour Veterinary Clinic,Seymour,TN,37865,VetEvolve,Varsity Healthcare Partners
Animal Hospital of Signal Mountain,Signal Mountain,TN,37377,NVA,JAB Holdings
DeKalb Animal Clinic,Smithville,TN,37166,Heartland Veterinary Partners,Gryphon Investors
Banfield Smyrna,Smyrna,TN,37167,Banfield,Mars
Southern Veterinary Center,Smyrna,TN,37167,NVA,JAB Holdings
Agape Pet Hospital,Spring Hill,TN,37174,Mission Pet Health,Silver Lake and Shore Capital Partners
All Pets Health Center,Spring Hill,TN,37174,Mission Pet Health,Silver Lake and Shore Capital Partners
Greenbrier-Springfield Animal Hospital,Springfield,TN,37172,PetVet Care Centers,KKR
Pet Medical Center,Tullahoma,TN,37388,Heartland Veterinary Partners,Gryphon Investors
Reelfoot Animal Hospital,Union City,TN,38261,PetVet Care Centers,KKR
Tellico Bay Animal Hospital,Vonore,TN,37885,Heartland Veterinary Partners,Gryphon Investors
Waverly Animal Clinic,Waverly,TN,37185,Heartland Veterinary Partners,Gryphon Investors
VEG West Nashville,West Nashville,TN,37209,VEG (Veterinary Emergency Group),D1 Capital & Fidelity
White House Animal Hospital,White House,TN,37188,PetVet Care Centers,KKR
White Pine Veterinary Practice,White Pine,TN,37890,NVA,JAB Holdings
Town and Country Veterinary Hospital,Winchester,TN,37398,Heartland Veterinary Partners,Gryphon Investors
Abilene Veterinary Clinic,Abilene,TX,79605,VetCor,Harvest Partners
Chimney Rock Animal Hospital,Abilene,TX,79606,Western Veterinary Partners,Tyree & D'Angelo Partners
Frontier Veterinary Clinic,Abilene,TX,79602,Alliance Animal Health,L Catterton and LightBay Capital
Frontier Veterinary Express,Abilene,TX,79605,Alliance Animal Health,L Catterton and LightBay Capital
Key City Veterinary Clinic,Abilene,TX,79602,Mission Pet Health,Silver Lake and Shore Capital Partners
Banfield Addison,Addison,TX,75001,Banfield,Mars
The Yard Dog,Addison,TX,75001,Destination Pet,L1 Health
Wilkinson Veterinary Clinic – Alice,Alice,TX,78332,Alliance Animal Health,L Catterton and LightBay Capital
Allen,Allen,TX,75013,Petfolk,Undisclosed
Allen Family Vet,Allen,TX,75013,Heartland Veterinary Partners,Gryphon Investors
Banfield Allen,Allen,TX,75002,Banfield,Mars
VEG Allen,Allen,TX,75013,VEG (Veterinary Emergency Group),D1 Capital & Fidelity
Vetco Total Care - Allen,Allen,TX,75013,Vetco Total Care,Petco
Alvin Animal Clinic,Alvin,TX,77511,Veterinary Innovative Partners,Health Enterprise Partners
Animal Medical Center,Amarillo,TX,79106,NVA,JAB Holdings
Coulter Animal Hospital,Amarillo,TX,79119,AmeriVet,AEA Investors and Abu Dhabi Investment Authority (ADIA)
Tails Inn - CLOSED,Amarillo,TX,79106,NVA,JAB Holdings
Andrews Veterinary Clinic,Andrews,TX,79714,AmeriVet,AEA Investors and Abu Dhabi Investment Authority (ADIA)
Cold Springs Animal Hospital,Anna,TX,75409,VetCor,Harvest Partners
VEG Arboretum,Arboretum Austin,TX,78759,VEG (Veterinary Emergency Group),D1 Capital & Fidelity
American Pet Spa,Argyle,TX,76226,Destination Pet,L1 Health
Argyle Veterinary Hospital,Argyle,TX,76226,PetVet Care Centers,KKR
Livewell Animal Hospital of Argyle (coming soon),Argyle,TX,76226,Mission Pet Health,Silver Lake and Shore Capital Partners
Arlington South Veterinary Hospital,Arlington,TX,76018,NVA,JAB Holdings
Arlington Veterinary Center,Arlington,TX,76013,Western Veterinary Partners,Tyree & D'Angelo Partners
Banfield Arlington N,Arlington,TX,76011,Banfield,Mars
Banfield Arlington S,Arlington,TX,76018,Banfield,Mars
Creature Comfort Animal Clinic,Arlington,TX,76017,NVA,JAB Holdings
Creekside Animal Hospital,Arlington,TX,76018,VetCor,Harvest Partners
Crossroads Animal Clinic,Arlington,TX,76012,PetVet Care Centers,KKR
Farrell Animal Hospital,Arlington,TX,76013,Mission Pet Health,Silver Lake and Shore Capital Partners
Green Oaks North Pet Hospital,Arlington,TX,76006,Heartland Veterinary Partners,Gryphon Investors
I-20 Animal Medical Center,Arlington,TX,76017,NVA,JAB Holdings
Penny Paws Animal Hospital  -  Arlington,Arlington,TX,76001,VetCor,Harvest Partners
Pet Hospital at South Collins,Arlington,TX,76018,Thrive Pet Healthcare,TSG Consumer Partners
PetSuites Arlington,Arlington,TX,76017,NVA,JAB Holdings
Sanford Oaks Animal Clinic,Arlington,TX,76012,Western Veterinary Partners,Tyree & D'Angelo Partners
South Arlington Animal Clinic,Arlington,TX,76014,Western Veterinary Partners,Tyree & D'Angelo Partners
Athens Animal Clinic,Athens,TX,75752,Heartland Veterinary Partners,Gryphon Investors
Hooves and Paws Pet Hospital,Aubrey,TX,76227,Mission Pet Health,Silver Lake and Shore Capital Partners
Animal Dermatology Clinic Austin,Austin,TX,78745,Animal Dermatology Clinic,Percheron Capital
Austin Animal Medical Center,Austin,TX,78752,Innovetive Pet Care,Metalmark Capital
Austin Pet & Exotic Hospital,Austin,TX,78756,Thrive Pet Healthcare,TSG Consumer Partners
Austin Urban Veterinary Center,Austin,TX,78701,Innovetive Pet Care,Metalmark Capital
Austin Vet Care - Metric,Austin,TX,78758,Thrive Pet Healthcare,TSG Consumer Partners
Austin Vet Hospital,Austin,TX,78722,NVA,JAB Holdings
Austin Veterinary Diagnostic Hospital,Austin,TX,78736,VetCor,Harvest Partners
Austin Veterinary Emergency & Specialty Center,Austin,TX,78730,Ethos Veterinary Health,JAB Holdings
Banfield Austin NE,Austin,TX,78753,Banfield,Mars
Banfield Austin Saltillo CLOSED,Austin,TX,78702,Banfield,Mars
Banfield Austin SE,Austin,TX,78748,Banfield,Mars
Banfield Austin-Mueller,Austin,TX,78723,Banfield,Mars
Banfield Balcones,Austin,TX,78759,Banfield,Mars
Brodie Animal Hospital,Austin,TX,78745,Mission Pet Health,Silver Lake and Shore Capital Partners
Brykerwood Veterinary Clinic,Austin,TX,78703,NVA,JAB Holdings
Central Texas Veterinary Speciality and Emergency Hospital- South,Austin,TX,78745,United Veterinary Care,Nordic Capital
Century Animal Hospital,Austin,TX,78745,NVA,JAB Holdings
Chewy Vet Care The Triangle,Austin,TX,78751,Chewy Vet Care,"Chewy, Inc."
Circle C Animal Hospital,Austin,TX,78749,Heartland Veterinary Partners,Gryphon Investors
CityVet - Central Austin,Austin,TX,78705,CityVet,RiverGlade Capital
CityVet - Mueller Coming Soon!,Austin,TX,78722,CityVet,RiverGlade Capital
CityVet - South Austin,Austin,TX,78745,CityVet,RiverGlade Capital
CityVet - Steiner Ranch,Austin,TX,78732,CityVet,RiverGlade Capital
Crestview Veterinary Clinic,Austin,TX,78757,Mission Pet Health,Silver Lake and Shore Capital Partners
Crestview Veterinary Clinic at Tech Ridge,Austin,TX,78753,Mission Pet Health,Silver Lake and Shore Capital Partners
Crestview Veterinary Clinic on Airport Blvd,Austin,TX,78751,Mission Pet Health,Silver Lake and Shore Capital Partners
CVCA Cardiac Care for Pets,Austin,TX,78757,Mission Pet Health,Silver Lake and Shore Capital Partners
CVCA Cardiac Care For Pets,Austin,TX,78731,Mission Pet Health,Silver Lake and Shore Capital Partners
Eye Care for Animals - Austin,Austin,TX,78758,Thrive Pet Healthcare,TSG Consumer Partners
Eye Care For Animals Far West Blvd Austin,Austin,TX,78731,Thrive Pet Healthcare,TSG Consumer Partners
GoodVets East Austin,Austin,TX,78702,GoodVets,General Atlantic
Griffith Small Animal Hospital,Austin,TX,78731,Mission Pet Health,Silver Lake and Shore Capital Partners
Hill Country Animal Hospital,Austin,TX,78746,NVA,JAB Holdings
Livewell Animal Hospital of Austin,Austin,TX,78703,Mission Pet Health,Silver Lake and Shore Capital Partners
Love Pet Hospital,Austin,TX,78745,NVA,JAB Holdings
Manchaca Village Veterinary Care,Austin,TX,78748,Mission Pet Health,Silver Lake and Shore Capital Partners
MedVet Austin,Austin,TX,78753,MedVet,Minority stake by Leonard Green & Partners
Modern Animal - Mueller,Austin,TX,78723,Modern Animal,"Chewy, Inc. (NYSE: CHWY)"
Modern Animal - South Lamar,Austin,TX,78704,Modern Animal,"Chewy, Inc. (NYSE: CHWY)"
North Austin Animal Hospital,Austin,TX,78756,VetCor,Harvest Partners
Northwest Austin Veterinary Center,Austin,TX,78759,PetVet Care Centers,KKR
Northwest Veterinary Hospital,Austin,TX,78731,VetCor,Harvest Partners
NVA,Austin,TX,78704,NVA,JAB Holdings
Pathway Vet Alliance,Austin,TX,78701,Thrive Pet Healthcare,TSG Consumer Partners
PAZ Veterinary East,Austin,TX,78702,Innovetive Pet Care,Metalmark Capital
PAZ Veterinary North,Austin,TX,78757,Innovetive Pet Care,Metalmark Capital
PAZ Veterinary South,Austin,TX,78704,Innovetive Pet Care,Metalmark Capital
PAZ Veterinary West,Austin,TX,78746,Innovetive Pet Care,Metalmark Capital
Pet Specialists of Austin,Austin,TX,78751,Thrive Pet Healthcare,TSG Consumer Partners
Research Boulevard Pet and Bird Hospital CLOSED,Austin,TX,78759,Thrive Pet Healthcare,TSG Consumer Partners
Rosedale Veterinary Clinic,Austin,TX,78756,VetCor,Harvest Partners
South Park Animal Hospital,Austin,TX,78748,NVA,JAB Holdings
Southwest Vet,Austin,TX,78735,NVA,JAB Holdings
Taurus Academy Burnet,Austin,TX,78757,NVA,JAB Holdings
Taurus Academy Lake Travis,Austin,TX,78734,NVA,JAB Holdings
Taurus Academy Lamar,Austin,TX,78704,NVA,JAB Holdings
Taurus Academy McNeil,Austin,TX,78729,NVA,JAB Holdings
Taurus Academy: Bark & Zoom,Austin,TX,78617,NVA,JAB Holdings
Tech Ridge Pet Hospital,Austin,TX,78753,VetCor,Harvest Partners
Thrive Pet Healthcare - South Lamar,Austin,TX,78704,Thrive Pet Healthcare,TSG Consumer Partners
Thrive Pet Healthcare East Austin,Austin,TX,78702,Thrive Pet Healthcare,TSG Consumer Partners
Thrive Pet Healthcare Manchaca,Austin,TX,78748,Thrive Pet Healthcare,TSG Consumer Partners
Travis Country Veterinary Hospital,Austin,TX,78735,NVA,JAB Holdings
UrgentVet Belterra,Austin,TX,78737,American Veterinary Group,Oak Hill Capital
UrgentVet Crestview,Austin,TX,78757,American Veterinary Group,Oak Hill Capital
VCA Anderson Mill Animal Hospital,Austin,TX,78750,VCA,Mars
VCA Arbor Animal Hospital,Austin,TX,78757,VCA,Mars
VCA Ben White Animal Hospital,Austin,TX,78704,VCA,Mars
VCA Capital Area Veterinary Specialists,Austin,TX,78757,VCA,Mars
VCA Lakeline Animal Hospital,Austin,TX,78750,VCA,Mars
VCA Northwest Hills Animal Hospital,Austin,TX,78731,VCA,Mars
VCA Tanglewood Animal Hospital,Austin,TX,78748,VCA,Mars
Vetco Total Care - Austin,Austin,TX,78751,Vetco Total Care,Petco
Vetco Total Care - Austin,Austin,TX,78759,Vetco Total Care,Petco
Westgate Pet & Bird Hospital,Austin,TX,78745,Mission Pet Health,Silver Lake and Shore Capital Partners
Westlake Animal Hospital,Austin,TX,78746,Thrive Pet Healthcare,TSG Consumer Partners
ZippiVet - Arboretum,Austin,TX,78759,VetCor,Harvest Partners
ZippiVet - South Austin,Austin,TX,78704,VetCor,Harvest Partners
Bandera Veterinary Clinic,Bandera,TX,78003,Blue River PetCare,Partners Group
Bastrop Veterinary Hospital,Bastrop,TX,78602,Innovetive Pet Care,Metalmark Capital
Crossroads Animal Hospital,Bastrop,TX,78602,VetCor,Harvest Partners
Vetco Total Care - Bastrop,Bastrop,TX,78602,Vetco Total Care,Petco
Abshier-Meuth Animal Hospital,Baytown,TX,77523,Mission Pet Health,Silver Lake and Shore Capital Partners
Animal Medical Center of Baytown,Baytown,TX,77521,Mission Pet Health,Silver Lake and Shore Capital Partners
Bedford Oaks Family Vet,Bedford,TX,76021,Heartland Veterinary Partners,Gryphon Investors
Brown Trail Animal Hospital,Bedford,TX,76021,NVA,JAB Holdings
CityVet - Mid-Cities & Ruffit,Bedford,TX,76021,CityVet,RiverGlade Capital
VCA Advanced Care Animal Hospital,Bedford,TX,76021,VCA,Mars
VCA Bedford Meadows Animal Hospital,Bedford,TX,76021,VCA,Mars
Banfield Bee Cave,Bee Cave,TX,78738,Banfield,Mars
South Texas Veterinary Clinic,Beeville,TX,78102,Western Veterinary Partners,Tyree & D'Angelo Partners
Livewell Animal Hospital of Bellaire,Bellaire,TX,77401,Mission Pet Health,Silver Lake and Shore Capital Partners
Southwest Animal Clinic,Bellaire,TX,77401,NVA,JAB Holdings
Belton Small Animal Clinic,Belton,TX,76513,Innovetive Pet Care,Metalmark Capital
VCA Mercedes Place Animal Hospital,Benbrook,TX,76126,VCA,Mars
Highland Animal Hospital,Big Spring,TX,79720,Heartland Veterinary Partners,Gryphon Investors
Cibolo Creek Veterinary Hospital,Boerne,TX,78006,Mission Pet Health,Silver Lake and Shore Capital Partners
Herbst Veterinary Hospital,Boerne,TX,78006,Mission Pet Health,Silver Lake and Shore Capital Partners
Kendall County Veterinary Center,Boerne,TX,78006,Mission Pet Health,Silver Lake and Shore Capital Partners
Bridge City Animal Hospital,Bridge City,TX,77611,Community Veterinary Partners,OMERS
Boca Chica Animal Hospital,Brownsville,TX,78520,Veterinary Innovative Partners,Health Enterprise Partners
CityVet - Buda Coming Soon!,Buda,TX,78610,CityVet,RiverGlade Capital
Cornerstone Animal Hospital,Buda,TX,78610,Mission Pet Health,Silver Lake and Shore Capital Partners
Our Family Vet,Bullard,TX,75757,CareVet,Compass Group Equity Partners
CityVet - Country Hills Veterinary Clinic,Bulverde,TX,78163,CityVet,RiverGlade Capital
Banfield Alsbury,Burleson,TX,76028,Banfield,Mars
Banfield Burleson,Burleson,TX,76028,Banfield,Mars
VEG Camp Bowie,Camp Bowie Fort Worth,TX,76116,VEG (Veterinary Emergency Group),D1 Capital & Fidelity
Palo Duro Animal Hospital,Canyon,TX,79015,Mission Pet Health,Silver Lake and Shore Capital Partners
CanyonVet Canyon Lake,Canyon Lake,TX,78133,Thrive Pet Healthcare,TSG Consumer Partners
Startz Veterinary,Canyon Lake,TX,78133,Western Veterinary Partners,Tyree & D'Angelo Partners
Banfield Josey Oaks,Carrollton,TX,75007,Banfield,Mars
Josey Ranch Pet Hospital,Carrollton,TX,75006,VetCor,Harvest Partners
Man's Best Friend,Carrollton,TX,75006,Destination Pet,L1 Health
North Carrollton Veterinary Hospital,Carrollton,TX,75007,VetCor,Harvest Partners
Vetsavers Pet Hospital,Carrollton,TX,75010,VetCor,Harvest Partners
Alamo Area Vet Clinic,Castroville,TX,78009,AmeriVet,AEA Investors and Abu Dhabi Investment Authority (ADIA)
CityVet - Cedar Hill Veterinary Clinic & Urgent Care,Cedar Hill,TX,75104,CityVet,RiverGlade Capital
Vetco Total Care - Cedar Hill,Cedar Hill,TX,75104,Vetco Total Care,Petco
Avery Ranch Animal Hospital,Cedar Park,TX,78613,Mission Pet Health,Silver Lake and Shore Capital Partners
Banfield Cedar Park,Cedar Park,TX,78613,Banfield,Mars
Banfield Cedar Park N,Cedar Park,TX,78613,Banfield,Mars
Block House Creek Animal Hospital,Cedar Park,TX,78613,Mission Pet Health,Silver Lake and Shore Capital Partners
Buttercup Veterinary Hospital,Cedar Park,TX,78613,Mission Pet Health,Silver Lake and Shore Capital Partners
Cedar Park Animal Clinic,Cedar Park,TX,78613,Alliance Animal Health,L Catterton and LightBay Capital
Cypress Creek Pet Care,Cedar Park,TX,78613,Thrive Pet Healthcare,TSG Consumer Partners
Happy Tails Pet Resort,Cedar Park,TX,78613,NVA,JAB Holdings
New Hope Animal Hospital,Cedar Park,TX,78613,Mission Pet Health,Silver Lake and Shore Capital Partners
NewDay Veterinary Care Cedar Park,Cedar Park,TX,78613,NewDay Veterinary Care / Pet Paradise,Crane Group
Parmer Lane Pet Hospital,Cedar Park,TX,78613,Mission Pet Health,Silver Lake and Shore Capital Partners
Thrive Pet Healthcare Cedar Park,Cedar Park,TX,78613,Thrive Pet Healthcare,TSG Consumer Partners
VCA Premier Animal Hospital and Pet Resort,Cedar Park,TX,78613,VCA,Mars
VEG Cedar Park,Cedar Park,TX,78613,VEG (Veterinary Emergency Group),D1 Capital & Fidelity
Animal Hospital of Celina,Celina,TX,75009,VetCor,Harvest Partners
Livewell Animal Hospital of Celina (coming soon),Celina,TX,75009,Mission Pet Health,Silver Lake and Shore Capital Partners
Cibolo Small Animal Hospital,Cibolo,TX,78108,NVA,JAB Holdings
CityVet - Cibolo Crossing,Cibolo,TX,78108,CityVet,RiverGlade Capital
Lazy 3 Animal Care,Cisco,TX,76437,AmeriVet,AEA Investors and Abu Dhabi Investment Authority (ADIA)
Northside Animal Clinic,Cleburne,TX,76033,American Veterinary Group,Oak Hill Capital
Banfield College Station,College Station,TX,77840,Banfield,Mars
Banfield South College Station,College Station,TX,77845,Banfield,Mars
Highway 30 Vet Clinic,College Station,TX,77845,Heartland Veterinary Partners,Gryphon Investors
Shenandoah Veterinary Clinic,College Station,TX,77845,VetCor,Harvest Partners
Vetco Total Care - College Station,College Station,TX,77840,Vetco Total Care,Petco
Boulevard Animal Hospital,Colleyville,TX,76034,VetCor,Harvest Partners
Colleyville Animal Clinic,Colleyville,TX,76034,VetCor,Harvest Partners
Tara Animal Hospital,Colleyville,TX,76034,VetCor,Harvest Partners
The Posh Paw Resort,Colleyville,TX,76034,Destination Pet,L1 Health
Animal Hospital of Conroe,Conroe,TX,77304,Lakefield Veterinary Group,Desmarais family and Peloton Capital Management
Banfield Conroe,Conroe,TX,77303,Banfield,Mars
Banfield The Woodlands,Conroe,TX,77385,Banfield,Mars
Livewell Animal Hospital at Harper’s Preserve,Conroe,TX,77385,Mission Pet Health,Silver Lake and Shore Capital Partners
Pine Forest Animal Clinic,Conroe,TX,77385,Western Veterinary Partners,Tyree & D'Angelo Partners
Stone Ridge Veterinary Medical Center & Pet Resort,Conroe,TX,77304,Mission Pet Health,Silver Lake and Shore Capital Partners
Tender Paws Animal Hospital,Conroe,TX,77303,Mission Pet Health,Silver Lake and Shore Capital Partners
Triangle Animal Clinic,Conroe,TX,77384,Suveto,Levine Leichtman Capital
Vetco Total Care - Conroe,Conroe,TX,77304,Vetco Total Care,Petco
West Davis Veterinary Clinic,Conroe,TX,77304,NVA,JAB Holdings
All Care Veterinary Hospital,Coppell,TX,75019,VetCor,Harvest Partners
CityVet - Coppell,Coppell,TX,75019,CityVet,RiverGlade Capital
Riverchase Animal Hospital,Coppell,TX,75019,Mission Pet Health,Silver Lake and Shore Capital Partners
VCA Sandy Lake Animal Hospital,Coppell,TX,75019,VCA,Mars
Animal Medical Center Copperas Cove,Copperas Cove,TX,76522,NVA,JAB Holdings
Crossroads Veterinary Hospital,Copperas Cove,TX,76522,Mission Pet Health,Silver Lake and Shore Capital Partners
Corinth Animal Hospital,Corinth,TX,76210,VetCor,Harvest Partners
Animal Hospital of Padre Island,Corpus Christi,TX,78418,Veterinary Innovative Partners,Health Enterprise Partners
Banfield Corpus Christi,Corpus Christi,TX,78411,Banfield,Mars
Doddridge Animal Clinic,Corpus Christi,TX,78411,NVA,JAB Holdings
Everhart Animal Hospital,Corpus Christi,TX,78411,PetVet Care Centers,KKR
Riverside Veterinary Clinic,Corpus Christi,TX,78410,PetVet Care Centers,KKR
Southside Animal Hospital,Corpus Christi,TX,78412,Heartland Veterinary Partners,Gryphon Investors
VCA Oso Creek Animal Hospital & Emergency Center,Corpus Christi,TX,78413,VCA,Mars
Rogers Animal Hospital,Corsicana,TX,75110,AmeriVet,AEA Investors and Abu Dhabi Investment Authority (ADIA)
Crosby Veterinary Clinic,Crosby,TX,77532,Mission Pet Health,Silver Lake and Shore Capital Partners
Village Veterinary Center,Cross Roads,TX,76227,Mission Pet Health,Silver Lake and Shore Capital Partners
VCA Deer Creek Animal Hospital,Crowley,TX,76036,VCA,Mars
Banfield Houston NW,Cypress,TX,77429,Banfield,Mars
Cy-Fair Animal Hospital -Louetta,Cypress,TX,77429,Alliance Animal Health,L Catterton and LightBay Capital
Cypress Fairhaven Animal Hospital,Cypress,TX,77433,Mission Pet Health,Silver Lake and Shore Capital Partners
Cypress Veterinary Hospital,Cypress,TX,77429,Blue River PetCare,Partners Group
Fairfield Animal Hospital,Cypress,TX,77433,Alliance Animal Health,L Catterton and LightBay Capital
Glenwood Falls Animal Hospital,Cypress,TX,77429,Blue River PetCare,Partners Group
Livewell Animal Hospital of Cypress,Cypress,TX,77433,Mission Pet Health,Silver Lake and Shore Capital Partners
Longwood Animal Hospital and Pet Resort,Cypress,TX,77429,NVA,JAB Holdings
PetSuites Cypress Springs,Cypress,TX,77433,NVA,JAB Holdings
UrgentVet Cypress,Cypress,TX,77429,American Veterinary Group,Oak Hill Capital
VCA Telge Road Animal Hospital,Cypress,TX,77429,VCA,Mars
A&B Animal Clinic,Dallas,TX,75218,NVA,JAB Holdings
Abrams Forest Veterinary Clinic,Dallas,TX,75243,Thrive Pet Healthcare,TSG Consumer Partners
Banfield Dallas Forest,Dallas,TX,75230,Banfield,Mars
Banfield Dallas Lake Highlands CLOSED,Dallas,TX,75231,Banfield,Mars
Banfield Dallas N,Dallas,TX,75206,Banfield,Mars
Banfield Duncanville,Dallas,TX,75237,Banfield,Mars
Banfield Lakewood,Dallas,TX,75214,Banfield,Mars
Banfield Richardson,Dallas,TX,75248,Banfield,Mars
Bark and Paw Mobile Grooming,Dallas,TX,75228,Destination Pet,L1 Health
Buckner Animal Clinic,Dallas,TX,75227,NVA,JAB Holdings
Canine Country Club & Wellness Center,Dallas,TX,75205,Innovetive Pet Care,Metalmark Capital
Casa Linda Animal Clinic,Dallas,TX,75218,Mission Pet Health,Silver Lake and Shore Capital Partners
CityVet - Addison,Dallas,TX,75254,CityVet,RiverGlade Capital
CityVet - Bishop Arts Coming Soon!,Dallas,TX,75208,CityVet,RiverGlade Capital
CityVet - Lovers Lane,Dallas,TX,75206,CityVet,RiverGlade Capital
CityVet - Old East Dallas,Dallas,TX,75204,CityVet,RiverGlade Capital
CityVet - Preston Hollow,Dallas,TX,75220,CityVet,RiverGlade Capital
CityVet - Ruffit | Oak Lawn,Dallas,TX,75219,CityVet,RiverGlade Capital
CityVet - Ruffit | Preston Forest,Dallas,TX,75230,CityVet,RiverGlade Capital
CityVet - Uptown & Ruffit,Dallas,TX,75204,CityVet,RiverGlade Capital
CityVet - White Rock Veterinary Clinic & Urgent Care,Dallas,TX,75214,CityVet,RiverGlade Capital
Cornerstone Animal Clinic,Dallas,TX,75230,VetCor,Harvest Partners
Dallas Pet Den,Dallas,TX,75214,Destination Pet,L1 Health
Dallas Veterinary Surgical Center – North Dallas,Dallas,TX,75287,Ethos Veterinary Health,JAB Holdings
GoodVets Dallas Uptown,Dallas,TX,75204,GoodVets,General Atlantic
Highland Park Animal Hospital,Dallas,TX,75205,Innovetive Pet Care,Metalmark Capital
Hillside Veterinary Clinic,Dallas,TX,75214,Thrive Pet Healthcare,TSG Consumer Partners
Holt Veterinary Clinic,Dallas,TX,75206,Mission Pet Health,Silver Lake and Shore Capital Partners
Meadow Central Veterinary Clinic,Dallas,TX,75230,Thrive Pet Healthcare,TSG Consumer Partners
MedVet Dallas,Dallas,TX,75243,MedVet,Minority stake by Leonard Green & Partners
Metro Paws Animal Hospital - Oak Cliff,Dallas,TX,75208,Innovetive Pet Care,Metalmark Capital
Metro Paws Animal Hospital - Skillman,Dallas,TX,75206,Innovetive Pet Care,Metalmark Capital
Metro Paws Animal Hospital - White Rock,Dallas,TX,75214,Innovetive Pet Care,Metalmark Capital
Midway Hollow Pet Clinic,Dallas,TX,75220,Mission Pet Health,Silver Lake and Shore Capital Partners
Modern Animal - Addison,Dallas,TX,75254,Modern Animal,"Chewy, Inc. (NYSE: CHWY)"
Modern Animal - Lakewood,Dallas,TX,75214,Modern Animal,"Chewy, Inc. (NYSE: CHWY)"
Modern Animal - Park Cities,Dallas,TX,75209,Modern Animal,"Chewy, Inc. (NYSE: CHWY)"
North Dallas,Dallas,TX,75248,Petfolk,Undisclosed
North Dallas Veterinary Hospital,Dallas,TX,75234,Mission Pet Health,Silver Lake and Shore Capital Partners
North Tollway Pet Hospital,Dallas,TX,75287,PetVet Care Centers,KKR
Pavillion Animal Hospital,Dallas,TX,75248,Western Veterinary Partners,Tyree & D'Angelo Partners
Petfolk Veterinary & Urgent Care - Lakewood,Dallas,TX,75214,Petfolk,Undisclosed
Preston Center Animal Clinic,Dallas,TX,75225,VetCor,Harvest Partners
Preston Road Animal Hospital,Dallas,TX,75240,Western Veterinary Partners,Tyree & D'Angelo Partners
Preston Royal Animal Clinic,Dallas,TX,75230,Thrive Pet Healthcare,TSG Consumer Partners
Prestonwood Pet Clinic,Dallas,TX,75248,Thrive Pet Healthcare,TSG Consumer Partners
ReadiVet Dallas Mobile Vet Services,Dallas,TX,75201,BlueSky At-Home Veterinary Care,"BlueSky At-Home Veterinary Care, Inc."
Summertree Animal & Bird Clinic,Dallas,TX,75244,Mission Pet Health,Silver Lake and Shore Capital Partners
VCA Animal Diagnostic Clinic,Dallas,TX,75287,VCA,Mars
VCA Bent Tree Animal Hospital,Dallas,TX,75287,VCA,Mars
VCA Central Expressway Animal Hospital,Dallas,TX,75243,VCA,Mars
VCA Katy Trail Animal Hospital,Dallas,TX,75204,VCA,Mars
VCA Lakewood Animal Hospital,Dallas,TX,75214,VCA,Mars
VCA Lovers Lane Animal Hospital,Dallas,TX,75209,VCA,Mars
VCA Preston Park Animal Hospital,Dallas,TX,75252,VCA,Mars
VEG Dallas,Dallas,TX,75206,VEG (Veterinary Emergency Group),D1 Capital & Fidelity
Vetco Total Care - Dallas,Dallas,TX,75254,Vetco Total Care,Petco
Vetsavers Pet Hospital,Dallas,TX,75252,VetCor,Harvest Partners
Vickery Place Animal Hospital,Dallas,TX,75206,Innovetive Pet Care,Metalmark Capital
Wise County Animal Clinic,Decatur,TX,76234,Heartland Veterinary Partners,Gryphon Investors
Animal Hospital of Denison,Denison,TX,75021,NVA,JAB Holdings
Morton Street Animal Hospital,Denison,TX,75020,NVA,JAB Holdings
Banfield Denton,Denton,TX,76205,Banfield,Mars
Denton Veterinary Center,Denton,TX,76210,Mission Pet Health,Silver Lake and Shore Capital Partners
Southridge Animal Hospital,Denton,TX,76205,VetCor,Harvest Partners
Penny Paws Animal Hospital - DeSoto,DeSoto,TX,75115,VetCor,Harvest Partners
VCA DeSoto Animal Hospital,DeSoto,TX,75115,VCA,Mars
Dickinson Animal Hospital & Pet Wellness Center,Dickinson,TX,77539,NVA,JAB Holdings
Double Oak Veterinary Medical Center,Double Oak,TX,75077,Mission Pet Health,Silver Lake and Shore Capital Partners
Austin Equine Hospital,Driftwood,TX,78619,PetVet Care Centers,KKR
Dripping Springs Animal Hospital,Dripping Springs,TX,78620,NVA,JAB Holdings
Sunset Canyon Veterinary Clinic,Dripping Springs,TX,78620,Mission Pet Health,Silver Lake and Shore Capital Partners
Adobe Animal Hospital,El Paso,TX,79936,AmeriVet,AEA Investors and Abu Dhabi Investment Authority (ADIA)
Banfield El Paso W,El Paso,TX,79912,Banfield,Mars
Banfield El Paso Zaragosa,El Paso,TX,79936,Banfield,Mars
East El Paso Animal Hospital,El Paso,TX,79925,United Veterinary Care,Nordic Capital
El Paso Animal Emergency Center,El Paso,TX,79925,Veterinary Innovative Partners,Health Enterprise Partners
El Paso Animal Urgent Care West,El Paso,TX,79912,Veterinary Innovative Partners,Health Enterprise Partners
Eye Care for Animals - El Paso,El Paso,TX,79911,Thrive Pet Healthcare,TSG Consumer Partners
Foothills Animal Clinic,El Paso,TX,79912,Heartland Veterinary Partners,Gryphon Investors
Vista Hills Animal Hospital,El Paso,TX,79935,Veterinary Innovative Partners,Health Enterprise Partners
Elgin Veterinary Hospital,Elgin,TX,78621,Thrive Pet Healthcare,TSG Consumer Partners
VCA Elgin Family Pet Center,Elgin,TX,78621,VCA,Mars
Airport Freeway Animal Emergency Hospital,Euless,TX,76040,Veterinary Innovative Partners,Health Enterprise Partners
Banfield Euless,Euless,TX,76039,Banfield,Mars
Stacy Road Pet Hospital,Fairview,TX,75069,VetCor,Harvest Partners
Animal Clinic of Farmers Branch,Farmers Branch,TX,75234,NVA,JAB Holdings
PetSuites Addison,Farmers Branch,TX,75244,NVA,JAB Holdings
Valwood Animal Hospital CLOSED,Farmers Branch,TX,75234,NVA,JAB Holdings
Farmersville Veterinary Clinic,Farmersville,TX,75442,VetCor,Harvest Partners
Flint Veterinary Clinic,Flint,TX,75762,Heartland Veterinary Partners,Gryphon Investors
Kingdom Veterinary Clinic,Flint,TX,75762,Heartland Veterinary Partners,Gryphon Investors
Banfield Flower Mound,Flower Mound,TX,75028,Banfield,Mars
Banfield Flower Mound TC,Flower Mound,TX,75028,Banfield,Mars
CityVet - Flower Mound & Ruffit,Flower Mound,TX,75028,CityVet,RiverGlade Capital
Cross Timbers Animal Medical Center,Flower Mound,TX,75028,VetCor,Harvest Partners
Flower Mound,Flower Mound,TX,75028,Petfolk,Undisclosed
Flower Mound Veterinary Emergency & Specialty Center,Flower Mound,TX,75028,Mission Pet Health,Silver Lake and Shore Capital Partners
Highland Pointe Animal Hospital,Flower Mound,TX,75028,Western Veterinary Partners,Tyree & D'Angelo Partners
Lantana Animal Hospital,Flower Mound,TX,75077,VetCor,Harvest Partners
Main Street Veterinary Hospital,Flower Mound,TX,75028,Mission Pet Health,Silver Lake and Shore Capital Partners
South Flower Mound Animal Hospital,Flower Mound,TX,75028,Mission Pet Health,Silver Lake and Shore Capital Partners
TeleCardiology by CVCA,Flower Mound,TX,75028,Mission Pet Health,Silver Lake and Shore Capital Partners
VCA Angel Animal Hospital,Flower Mound,TX,75022,VCA,Mars
VEG Flower Mound,Flower Mound,TX,75022,VEG (Veterinary Emergency Group),D1 Capital & Fidelity
Veterinary Dentistry and Oral Surgery of North Texas,Flower Mound,TX,75028,Mission Pet Health,Silver Lake and Shore Capital Partners
Animal Medical Center of Forney,Forney,TX,75126,Thrive Pet Healthcare,TSG Consumer Partners
VCA Forney Animal Hospital,Forney,TX,75126,VCA,Mars
Livewell Animal Hospital of Forney (coming soon),"Forney,",TX,75126,Mission Pet Health,Silver Lake and Shore Capital Partners
A-Animal Clinic & Boarding Kennel,Fort Worth,TX,76107,PetVet Care Centers,KKR
Alliance Animal Health Center,Fort Worth,TX,76244,NVA,JAB Holdings
Animal Hospital of Park Glen,Fort Worth,TX,76137,NVA,JAB Holdings
Banfield Fort Worth Downtown,Fort Worth,TX,76107,Banfield,Mars
Banfield Fort Worth Ridge,Fort Worth,TX,76116,Banfield,Mars
Banfield Fort Worth Trinity Commons,Fort Worth,TX,76109,Banfield,Mars
Banfield Hulen,Fort Worth,TX,76132,Banfield,Mars
Banfield Lake Worth,Fort Worth,TX,76135,Banfield,Mars
Banfield N Fort Worth Alliance Town Center,Fort Worth,TX,76177,Banfield,Mars
Bonds Ranch Animal Medical Center,Fort Worth,TX,76131,Mission Pet Health,Silver Lake and Shore Capital Partners
Chewy Vet Care Alliance,Fort Worth,TX,76177,Chewy Vet Care,"Chewy, Inc."
CityVet - Alliance Veterinary Clinic & Urgent Care,Fort Worth,TX,76177,CityVet,RiverGlade Capital
CityVet - South Hulen,Fort Worth,TX,76109,CityVet,RiverGlade Capital
CityVet - West 7th,Fort Worth,TX,76107,CityVet,RiverGlade Capital
Cityview Animal Hospital,Fort Worth,TX,76132,Mission Pet Health,Silver Lake and Shore Capital Partners
Dallas Veterinary Surgical Center – Fort Worth,Fort Worth,TX,76132,Ethos Veterinary Health,JAB Holdings
Harris Parkway Animal Hospital,Fort Worth,TX,76132,PetVet Care Centers,KKR
Mellina Animal Hospital,Fort Worth,TX,76107,AmeriVet,AEA Investors and Abu Dhabi Investment Authority (ADIA)
Penny Paws Animal Hospital - Fort Worth,Fort Worth,TX,76137,VetCor,Harvest Partners
PetSuites Alliance,Fort Worth,TX,76244,NVA,JAB Holdings
PetSuites Chisholm Trail,Fort Worth,TX,76123,NVA,JAB Holdings
South Meadow Animal Clinic,Fort Worth,TX,76133,VetCor,Harvest Partners
Summer Creek Animal Clinic,Fort Worth,TX,76123,Mission Pet Health,Silver Lake and Shore Capital Partners
The PARC Express,Fort Worth,TX,76107,Thrive Pet Healthcare,TSG Consumer Partners
The PARC Grand Resort (boarding only),Fort Worth,TX,76107,Thrive Pet Healthcare,TSG Consumer Partners
Thrive Pet Healthcare Saginaw,Fort Worth,TX,76131,Thrive Pet Healthcare,TSG Consumer Partners
VCA Lakeside Animal Hospital,Fort Worth,TX,76135,VCA,Mars
VCA Westcreek Animal Hospital,Fort Worth,TX,76132,VCA,Mars
VEG Fort Worth,Fort Worth,TX,76177,VEG (Veterinary Emergency Group),D1 Capital & Fidelity
VO Vets,Fort Worth,TX,76244,Suveto,Levine Leichtman Capital
Friendswood Animal Clinic,Friendswood,TX,77546,NVA,JAB Holdings
Parkwood Animal Hospital,Friendswood,TX,77546,Veterinary Practice Partners,Audax Private Equity
VEG ER for Pets,Friendswood,TX,77546,VEG (Veterinary Emergency Group),D1 Capital & Fidelity
121 Animal Hospital,Frisco,TX,75035,Mission Pet Health,Silver Lake and Shore Capital Partners
Animal Hospital of Frisco,Frisco,TX,75035,VetCor,Harvest Partners
Animal Medical & Surgical Hospital of Frisco,Frisco,TX,75034,NVA,JAB Holdings
Banfield Frisco,Frisco,TX,75034,Banfield,Mars
Banfield Frisco Legacy,Frisco,TX,75034,Banfield,Mars
Banfield Frisco North,Frisco,TX,75035,Banfield,Mars
Blackstone Animal Hospital,Frisco,TX,75033,VetCor,Harvest Partners
CityVet - Frisco,Frisco,TX,75034,CityVet,RiverGlade Capital
CityVet - Frisco Lexington,Frisco,TX,75035,CityVet,RiverGlade Capital
CityVet - Phillips Creek,Frisco,TX,75036,CityVet,RiverGlade Capital
Family Pet Center,Frisco,TX,75033,CareVet,Compass Group Equity Partners
Frisco,Frisco,TX,75034,Petfolk,Undisclosed
Frisco West Animal Medical Center,Frisco,TX,75033,VetCor,Harvest Partners
MedVet Frisco,Frisco,TX,75034,MedVet,Minority stake by Leonard Green & Partners
North Dallas VESH,Frisco,TX,75033,Ethos Veterinary Health,JAB Holdings
Phillips Creek Veterinary Hospital,Frisco,TX,75034,VetCor,Harvest Partners
UrgentVet Frisco,Frisco,TX,75036,American Veterinary Group,Oak Hill Capital
VEG Frisco,Frisco,TX,75033,VEG (Veterinary Emergency Group),D1 Capital & Fidelity
Vetco Total Care - Frisco,Frisco,TX,75033,Vetco Total Care,Petco
PetSuites Fulshear,Fulshear,TX,77441,NVA,JAB Holdings
Independence Equine and Small Animal Clinic,Gainesville,TX,76240,VetCor,Harvest Partners
Refinery Road Veterinary Clinic,Gainesville,TX,76240,Heartland Veterinary Partners,Gryphon Investors
Galveston Veterinary Clinic,Galveston,TX,77551,NVA,JAB Holdings
Animal Hospital of Garland,Garland,TX,75041,NVA,JAB Holdings
Banfield Garland,Garland,TX,75040,Banfield,Mars
Campbell Park Animal Hospital,Garland,TX,75044,Blue River PetCare,Partners Group
Club Hill Animal Clinic,Garland,TX,75043,Alliance Animal Health,L Catterton and LightBay Capital
Country Brook Animal Hospital,Garland,TX,75040,Innovetive Pet Care,Metalmark Capital
Georgetown Veterinary Hospital,Georgetown,TX,78626,Mission Pet Health,Silver Lake and Shore Capital Partners
Good Water Animal Hospital,Georgetown,TX,78633,Innovetive Pet Care,Metalmark Capital
NewDay Veterinary Care Georgetown,Georgetown,TX,78628,NewDay Veterinary Care / Pet Paradise,Crane Group
Old Town Veterinary Hospital,Georgetown,TX,78626,Mission Pet Health,Silver Lake and Shore Capital Partners
Vetco Total Care - Georgetown,Georgetown,TX,78633,Vetco Total Care,Petco
Zoot Pet Hospital and Luxury Boarding,Georgetown,TX,78628,Mission Pet Health,Silver Lake and Shore Capital Partners
303 Animal Clinic,Grand Prairie,TX,75051,NVA,JAB Holdings
Animal Clinic of Grand Prairie,Grand Prairie,TX,75050,VetCor,Harvest Partners
Banfield Grand Prairie,Grand Prairie,TX,75052,Banfield,Mars
Carrier Animal Hospital,Grand Prairie,TX,75051,PetVet Care Centers,KKR
Penny Paws Animal Hospital - Grand Prairie,Grand Prairie,TX,75052,VetCor,Harvest Partners
VEG Grand Prairie,Grand Prairie,TX,75052,VEG (Veterinary Emergency Group),D1 Capital & Fidelity
Vetco Total Care - Grand Prairie,Grand Prairie,TX,75052,Vetco Total Care,Petco
Animal Emergency Hospital of North Texas,Grapevine,TX,76051,Ethos Veterinary Health,JAB Holdings
Dallas Veterinary Dentistry & Oral Surgery,Grapevine,TX,76051,Ethos Veterinary Health,JAB Holdings
Dallas Veterinary Surgical Center – Grapevine,Grapevine,TX,76051,Ethos Veterinary Health,JAB Holdings
Family Pet Clinic of Grapevine,Grapevine,TX,76051,NVA,JAB Holdings
MedVet Grapevine,Grapevine,TX,76051,MedVet,Minority stake by Leonard Green & Partners
Pet Medical Center,Harker Heights,TX,76548,Mission Pet Health,Silver Lake and Shore Capital Partners
Altas Palmas Animal Clinic,Harlingen,TX,78552,PetVet Care Centers,KKR
Avondale Haslet Animal Clinic,Haslet,TX,76052,Mission Pet Health,Silver Lake and Shore Capital Partners
Elite Suites Pet Resort - Heath,Heath,TX,75032,NVA,JAB Holdings
Hill Country Animal Hospital,Helotes,TX,78023,Mission Pet Health,Silver Lake and Shore Capital Partners
Judd Veterinary Clinic,Hewitt,TX,76643,Heartland Veterinary Partners,Gryphon Investors
Animal Medical Center of Highland Village,Highland Village,TX,75077,Mission Pet Health,Silver Lake and Shore Capital Partners
Vetco Total Care - Highland Village,Highland Village,TX,75077,Vetco Total Care,Petco
Animal Medical Center of the Village,Houston,TX,77005,Mission Pet Health,Silver Lake and Shore Capital Partners
Banfield Copperfield,Houston,TX,77095,Banfield,Mars
Banfield Eldridge,Houston,TX,77082,Banfield,Mars
Banfield Houston (I-45),Houston,TX,77073,Banfield,Mars
Banfield Houston (Inner Loop),Houston,TX,77098,Banfield,Mars
Banfield Houston Almeda CLOSED,Houston,TX,77075,Banfield,Mars
Banfield Houston E,Houston,TX,77049,Banfield,Mars
Banfield Houston Heights,Houston,TX,77007,Banfield,Mars
Banfield Houston Meyer Park,Houston,TX,77096,Banfield,Mars
Banfield Houston Tanglewood CLOSED,Houston,TX,77057,Banfield,Mars
Banfield Katy-Fwy Rd,Houston,TX,77094,Banfield,Mars
Banfield Old Katy,Houston,TX,77055,Banfield,Mars
Banfield South Loop (Astrodome),Houston,TX,77054,Banfield,Mars
Banfield West Loop,Houston,TX,77081,Banfield,Mars
Banfield Willowbrook,Houston,TX,77064,Banfield,Mars
Bay Glen Animal Hospital,Houston,TX,77062,NVA,JAB Holdings
Beechnut Animal Hospital,Houston,TX,77036,Mission Pet Health,Silver Lake and Shore Capital Partners
Bellaire-Richmond Pet Hospital,Houston,TX,77081,NVA,JAB Holdings
Bissonnet Veterinary Hospital,Houston,TX,77005,Lakefield Veterinary Group,Desmarais family and Peloton Capital Management
Brittmoore Animal Hospital,Houston,TX,77043,VetCor,Harvest Partners
Cat Veterinary Clinic,Houston,TX,77007,Companion Pet Partners,Cortec Group
Central Houston Animal Hospital,Houston,TX,77006,Mission Pet Health,Silver Lake and Shore Capital Partners
Champions Forest Animal Clinic,Houston,TX,77069,NVA,JAB Holdings
Chewy Vet Care Meyerland,Houston,TX,77096,Chewy Vet Care,"Chewy, Inc."
CityVet - River Oaks Veterinary Clinic & Urgent Care,Houston,TX,77019,CityVet,RiverGlade Capital
Clear Lake City Veterinary Clinic,Houston,TX,77062,NVA,JAB Holdings
Crossroads Animal Clinic,Houston,TX,77095,Blue River PetCare,Partners Group
Cy-Fair Animal Hospital - Aldine,Houston,TX,77060,Alliance Animal Health,L Catterton and LightBay Capital
Cypress Falls Animal Hospital,Houston,TX,77095,Mission Pet Health,Silver Lake and Shore Capital Partners
Eye Care for Animals - Houston,Houston,TX,77064,Thrive Pet Healthcare,TSG Consumer Partners
Fairbanks Animal Clinic,Houston,TX,77040,Blue River PetCare,Partners Group
Feline Medical Center,Houston,TX,77062,NVA,JAB Holdings
FM 1960 Animal Hospital,Houston,TX,77069,NVA,JAB Holdings
Garden Oaks Veterinary Center,Houston,TX,77018,Community Veterinary Partners,OMERS
Gulf Coast Veterinary Specialists,Houston,TX,77024,Ethos Veterinary Health,JAB Holdings
Heights Hospital for Animals,Houston,TX,77008,Blue River PetCare,Partners Group
Heights Veterinarian - Urban Animal Veterinary Hospital,Houston,TX,77008,Community Veterinary Partners,OMERS
Heights Veterinary Clinic Northwest,Houston,TX,77092,Blue River PetCare,Partners Group
Houston Cat Hospital,Houston,TX,77042,NVA,JAB Holdings
Jersey Village Animal Hospital,Houston,TX,77040,Mission Pet Health,Silver Lake and Shore Capital Partners
Lakeside Animal Clinic,Houston,TX,77077,Mission Pet Health,Silver Lake and Shore Capital Partners
Long Drive Dog & Cat Hospital,Houston,TX,77087,Blue River PetCare,Partners Group
MedVet Houston Bay Area,Houston,TX,77034,MedVet,Minority stake by Leonard Green & Partners
Memorial Cat Hospital,Houston,TX,77024,NVA,JAB Holdings
Memorial Veterinary Clinic,Houston,TX,77057,Mission Pet Health,Silver Lake and Shore Capital Partners
Memorial Veterinary Pet Care Hospital,Houston,TX,77079,VetCor,Harvest Partners
Modern Animal - Rice Village,Houston,TX,77005,Modern Animal,"Chewy, Inc. (NYSE: CHWY)"
Modern Animal - The Heights,Houston,TX,77008,Modern Animal,"Chewy, Inc. (NYSE: CHWY)"
Neartown Animal Clinic,Houston,TX,77019,Mission Pet Health,Silver Lake and Shore Capital Partners
North Channel Animal Hospital,Houston,TX,77049,NVA,JAB Holdings
North Durham Animal Hospital,Houston,TX,77008,Mission Pet Health,Silver Lake and Shore Capital Partners
Northwest Pet Lodge,Houston,TX,77040,Blue River PetCare,Partners Group
Nottingham Animal Clinic,Houston,TX,77079,CareVet,Compass Group Equity Partners
Petfolk Veterinary & Urgent Care - Vintage Park,Houston,TX,77070,Petfolk,Undisclosed
PetSuites Cypress,Houston,TX,77065,NVA,JAB Holdings
PetSuites Westheimer,Houston,TX,77077,NVA,JAB Holdings
"Rover Oaks Pet Resort, Houston",Houston,TX,77054,NVA,JAB Holdings
South Belt Animal Hospital,Houston,TX,77089,NVA,JAB Holdings
Suburbia North Animal Hospital,Houston,TX,77073,VetCor,Harvest Partners
Sunset Animal Hospital,Houston,TX,77098,Suveto,Levine Leichtman Capital
The KAAWS Clinic,Houston,TX,77095,NVA,JAB Holdings
Thrive Pet Healthcare Eldridge,Houston,TX,77065,Thrive Pet Healthcare,TSG Consumer Partners
Thrive Pet Healthcare Fountainview,Houston,TX,77083,Thrive Pet Healthcare,TSG Consumer Partners
Thrive Pet Healthcare The Heights,Houston,TX,77008,Thrive Pet Healthcare,TSG Consumer Partners
VCA Animal Emergency Hospital Southeast,Houston,TX,77034,VCA,Mars
VCA Ashford Animal Hospital,Houston,TX,77077,VCA,Mars
VCA Jones Road Animal Hospital,Houston,TX,77065,VCA,Mars
VCA Prestonwood Animal Hospital,Houston,TX,77070,VCA,Mars
VCA Spring Branch Animal Hospital,Houston,TX,77043,VCA,Mars
VEG Houston,Houston,TX,77007,VEG (Veterinary Emergency Group),D1 Capital & Fidelity
Vetco Total Care - Houston,Houston,TX,77037,Vetco Total Care,Petco
Vetco Total Care - Houston,Houston,TX,77042,Vetco Total Care,Petco
Vetco Total Care - Houston,Houston,TX,77019,Vetco Total Care,Petco
Vetco Total Care - Houston,Houston,TX,77058,Vetco Total Care,Petco
Veterans Memorial Drive Animal Hospital,Houston,TX,77014,NVA,JAB Holdings
West Houston Veterinary Medical Associates,Houston,TX,77077,Innovetive Pet Care,Metalmark Capital
Wilcrest Animal Hospital,Houston,TX,77042,NVA,JAB Holdings
I-20 Animal Hospital,Hudson Oaks,TX,76087,NVA,JAB Holdings
Aldine Westfield Animal Clinic,Humble,TX,77338,NVA,JAB Holdings
Animal Emergency Clinic NE,Humble,TX,77338,Lakefield Veterinary Group,Desmarais family and Peloton Capital Management
Animal Hospital of Humble,Humble,TX,77338,Veterinary Innovative Partners,Health Enterprise Partners
Atascocita Animal Hospital,Humble,TX,77346,Destination Pet,L1 Health
Banfield Humble,Humble,TX,77338,Banfield,Mars
Lake Parkway Animal Hospital,Humble,TX,77346,VetCor,Harvest Partners
Livewell Animal Hospital of Atascocita,Humble,TX,77396,Mission Pet Health,Silver Lake and Shore Capital Partners
PetSuites Atascocita,Humble,TX,77346,NVA,JAB Holdings
Vetco Total Care - Humble,Humble,TX,77346,Vetco Total Care,Petco
Banfield Hurst,Hurst,TX,76053,Banfield,Mars
Hurst Animal Clinic,Hurst,TX,76053,Mission Pet Health,Silver Lake and Shore Capital Partners
Mayfair Village Animal Hospital,Hurst,TX,76054,NVA,JAB Holdings
Thrive Pet Healthcare Hurst,Hurst,TX,76054,Thrive Pet Healthcare,TSG Consumer Partners
Banfield Hutto,Hutto,TX,78634,Banfield,Mars
Daylily Animal Hospital,Hutto,TX,78634,Mission Pet Health,Silver Lake and Shore Capital Partners
Hutto Veterinary Clinic,Hutto,TX,78634,Blue River PetCare,Partners Group
ZippiVet - Star Ranch,Hutto,TX,78634,VetCor,Harvest Partners
Animal Imaging,Irving,TX,75039,Altano Group,Ufenau Capital Partners
Banfield Irving,Irving,TX,75062,Banfield,Mars
Banfield Las Colinas MacArthur Pointe,Irving,TX,75063,Banfield,Mars
CityVet - Las Colinas,Irving,TX,75039,CityVet,RiverGlade Capital
O'Connor Animal Hospital,Irving,TX,75062,Alliance Animal Health,L Catterton and LightBay Capital
Story Road Animal Hospital,Irving,TX,75061,Destination Pet,L1 Health
Valley Ranch Pet Clinic,Irving,TX,75063,VetCor,Harvest Partners
VCA Metroplex Animal Hospital & Pet Lodge,Irving,TX,75062,VCA,Mars
Our Family Vet,Jacksonville,TX,75766,CareVet,Compass Group Equity Partners
Jarrell Animal Hospital,Jarrell,TX,76537,Mission Pet Health,Silver Lake and Shore Capital Partners
Justin Animal Hospital,Justin,TX,76247,Western Veterinary Partners,Tyree & D'Angelo Partners
All Pets Animal Hospital,Katy,TX,77494,Lakefield Veterinary Group,Desmarais family and Peloton Capital Management
Animal Eye Medical & Surgical Specialists,Katy,TX,77450,AmeriVet,AEA Investors and Abu Dhabi Investment Authority (ADIA)
Banfield Katy,Katy,TX,77494,Banfield,Mars
BluePearl Pet Hospital Katy,Katy,TX,77094,BluePearl Pet Hospital,Mars
Chewy Vet Care Cinco Ranch,Katy,TX,77494,Chewy Vet Care,"Chewy, Inc."
Cinco Ranch Veterinary Hospital,Katy,TX,77494,NVA,JAB Holdings
Highland Knolls Veterinary Hospital,Katy,TX,77450,VetCor,Harvest Partners
Kingsland Blvd Animal Clinic,Katy,TX,77450,Lakefield Veterinary Group,Desmarais family and Peloton Capital Management
Livewell Animal Hospital of Katy,Katy,TX,77493,Mission Pet Health,Silver Lake and Shore Capital Partners
Old Town Animal Hospital,Katy,TX,77493,Lakefield Veterinary Group,Desmarais family and Peloton Capital Management
PawDoc Surgery & Dental,Katy,TX,77494,Lakefield Veterinary Group,Desmarais family and Peloton Capital Management
Pet Medical Center of Katy,Katy,TX,77494,NVA,JAB Holdings
Petfolk Veterinary & Urgent Care - Fulshear,Katy,TX,77494,Petfolk,Undisclosed
"Rover Oaks Pet Resort, Katy",Katy,TX,77494,NVA,JAB Holdings
Spring Green Pet Clinic,Katy,TX,77494,VetCor,Harvest Partners
Thrive Pet Healthcare Falcon,Katy,TX,77494,Thrive Pet Healthcare,TSG Consumer Partners
UrgentVet Katy,Katy,TX,77494,American Veterinary Group,Oak Hill Capital
VCA Kelliwood Animal Hospital,Katy,TX,77450,VCA,Mars
VEG Katy,Katy,TX,77494,VEG (Veterinary Emergency Group),D1 Capital & Fidelity
Vetco Total Care - Katy,Katy,TX,77449,Vetco Total Care,Petco
Kings Creek Animal Hospital,Kaufman,TX,75142,Blue River PetCare,Partners Group
CityVet - Keller,Keller,TX,76248,CityVet,RiverGlade Capital
Creekside Pet Care Center,Keller,TX,76248,Suveto,Levine Leichtman Capital
Keller Animal Clinic,Keller,TX,76248,Mission Pet Health,Silver Lake and Shore Capital Partners
North Texas Veterinary Clinic,Keller,TX,76248,Mission Pet Health,Silver Lake and Shore Capital Partners
Parkside Animal Hospital,Keller,TX,76248,Mission Pet Health,Silver Lake and Shore Capital Partners
Vetco Total Care - Kemah,Kemah,TX,77565,Vetco Total Care,Petco
Hoegemeyer Animal Clinic,Kerrville,TX,78028,Mission Pet Health,Silver Lake and Shore Capital Partners
Our Family Vet,Kilgore,TX,75662,CareVet,Compass Group Equity Partners
Animal Emergency Center of Killeen,Killeen,TX,76543,Veterinary Innovative Partners,Health Enterprise Partners
Banfield Killeen,Killeen,TX,76543,Banfield,Mars
El Centro Pet Medical Center,Killeen,TX,76543,Thrive Pet Healthcare,TSG Consumer Partners
Stagecoach Pet Hospital,Killeen,TX,76542,Mission Pet Health,Silver Lake and Shore Capital Partners
Animal Medical Clinic,Kingsville,TX,78363,NVA,JAB Holdings
Banfield Kingwood,Kingwood,TX,77345,Banfield,Mars
CityVet - Kingwood Veterinary Clinic & Urgent Care,Kingwood,TX,77345,CityVet,RiverGlade Capital
Kings Crossing Animal Hospital,Kingwood,TX,77339,Destination Pet,L1 Health
Northpark Animal Hospital,Kingwood,TX,77339,NVA,JAB Holdings
PetSuites Kingwood,Kingwood,TX,77339,NVA,JAB Holdings
UrgentVet Kingwood,Kingwood,TX,77339,American Veterinary Group,Oak Hill Capital
VCA Kingwood Animal Hospital,Kingwood,TX,77339,VCA,Mars
Kyle Animal Hospital,Kyle,TX,78640,Western Veterinary Partners,Tyree & D'Angelo Partners
Vetco Total Care - Kyle,Kyle,TX,78640,Vetco Total Care,Petco
ZippiVet  -  Kyle,Kyle,TX,78640,VetCor,Harvest Partners
Animal Clinic of La Porte,La Porte,TX,77571,NVA,JAB Holdings
Bay-Porte Animal Hospital,La Porte,TX,77571,Mission Pet Health,Silver Lake and Shore Capital Partners
Lago Vista Animal Clinic,Lago Vista,TX,78645,Western Veterinary Partners,Tyree & D'Angelo Partners
VCA Lake Jackson Animal Hospital,Lake Jackson,TX,77566,VCA,Mars
CityVet - Lake Worth,Lake Worth,TX,76135,CityVet,RiverGlade Capital
Lakeway Veterinary Clinic,Lakeway,TX,78734,VetCor,Harvest Partners
VCA Terrell Animal Hospital,Lakeway,TX,78734,VCA,Mars
Critter Care Veterinary Clinic,Laredo,TX,78041,AmeriVet,AEA Investors and Abu Dhabi Investment Authority (ADIA)
Laredo Animal Clinic,Laredo,TX,78041,NVA,JAB Holdings
Animal Kingdom Pet Hospital,League City,TX,77573,NVA,JAB Holdings
Banfield League City,League City,TX,77573,Banfield,Mars
Magnolia Creek Animal Hospital,League City,TX,77573,Veterinary Innovative Partners,Health Enterprise Partners
Marina Bay Animal Hospital,League City,TX,77573,Lakefield Veterinary Group,Desmarais family and Peloton Capital Management
VCA Animal Emergency Hospital Southeast Calder Road,League City,TX,77573,VCA,Mars
Vetco Total Care - League City,League City,TX,77573,Vetco Total Care,Petco
CityVet - Leander Coming Soon!,Leander,TX,78641,CityVet,RiverGlade Capital
Leonard Animal Clinic,Leonard,TX,75452,VetCor,Harvest Partners
Banfield Lewisville,Lewisville,TX,75067,Banfield,Mars
BluePearl Pet Hospital North Dallas Lewisville,Lewisville,TX,75067,BluePearl Pet Hospital,Mars
Canine Courtyard,Lewisville,TX,75067,Destination Pet,L1 Health
PetSuites Lewisville,Lewisville,TX,75067,NVA,JAB Holdings
Vetco Total Care - Lewisville,Lewisville,TX,75067,Vetco Total Care,Petco
Liberty Hill Veterinary Wellness,Liberty Hill,TX,78642,Heartland Veterinary Partners,Gryphon Investors
Lindale Veterinary Clinic,Lindale,TX,75771,Heartland Veterinary Partners,Gryphon Investors
Banfield Little Elm Marketplace,Little Elm,TX,75068,Banfield,Mars
Healthy Paws Veterinary Center,Little Elm,TX,75068,PetVet Care Centers,KKR
Livewell Animal Hospital of Little Elm,Little Elm,TX,75034,Mission Pet Health,Silver Lake and Shore Capital Partners
Livingston Animal Hospital,Livingston,TX,77351,AmeriVet,AEA Investors and Abu Dhabi Investment Authority (ADIA)
Chisholm Trail Veterinary Clinic of Lockhart,Lockhart,TX,78644,Innovetive Pet Care,Metalmark Capital
East Texas Pet Emergency Clinic,Longview,TX,75604,Veterinary Innovative Partners,Health Enterprise Partners
Judson Road Animal Clinic,Longview,TX,75605,Blue River PetCare,Partners Group
Kimbrough Animal Hospital,Longview,TX,75601,American Veterinary Group,Oak Hill Capital
Little Animal Hospital,Longview,TX,75604,VetCor,Harvest Partners
West Loop Animal Hospital,Longview,TX,75604,Blue River PetCare,Partners Group
Above & Beyond Pet Care Hospital,Lubbock,TX,79423,NVA,JAB Holdings
Animal Hospital of Lubbock,Lubbock,TX,79416,NVA,JAB Holdings
Kingsgate Animal Hospital,Lubbock,TX,79424,VetCor,Harvest Partners
Lubbock Small Animal Emergency Clinic,Lubbock,TX,79424,Alliance Animal Health,L Catterton and LightBay Capital
Angel Parkway Pet Hospital,Lucas,TX,75002,NVA,JAB Holdings
Chisholm Trail Veterinary Clinic of Luling,Luling,TX,78648,Innovetive Pet Care,Metalmark Capital
Banfield Magnolia,Magnolia,TX,77354,Banfield,Mars
Bear Branch Animal Hospital,Magnolia,TX,77354,VetCor,Harvest Partners
Emergency Pet Care of Texas,Magnolia,TX,77354,NVA,JAB Holdings
Shady Brook Animal Hospital,Magnolia,TX,77355,NVA,JAB Holdings
Texas Doghouse,Magnolia,TX,77354,Destination Pet,L1 Health
Woodlands Creek Animal Hospital,Magnolia,TX,77354,Mission Pet Health,Silver Lake and Shore Capital Partners
Banfield Mansfield,Mansfield,TX,76063,Banfield,Mars
CityVet - Mansfield Veterinary Clinic & Urgent Care,Mansfield,TX,76063,CityVet,RiverGlade Capital
Country Club Pet Hospital,Mansfield,TX,76063,CareVet,Compass Group Equity Partners
Mansfield,Mansfield,TX,76063,Petfolk,Undisclosed
Mansfield Animal Clinic,Mansfield,TX,76063,NVA,JAB Holdings
Thrive Mansfield,Mansfield,TX,76063,Thrive Pet Healthcare,TSG Consumer Partners
Vetco Total Care - Mansfield,Mansfield,TX,76063,Vetco Total Care,Petco
Manvel Animal Clinic,Manvel,TX,77578,NVA,JAB Holdings
Highland Lakes Veterinary Clinic,Marble Falls,TX,78654,NVA,JAB Holdings
Hope Animal Clinic,Marble Falls,TX,78654,Destination Pet,L1 Health
Banfield McAllen North,Mc Allen,TX,78504,Banfield,Mars
Banfield McAllen CLOSED,Mcallen,TX,78503,Banfield,Mars
Nolana Animal Hospital,McAllen,TX,78504,PetVet Care Centers,KKR
North 10th Street Animal Hospital,McAllen,TX,78504,NVA,JAB Holdings
380 West Animal Hospital,McKinney,TX,75071,Mission Pet Health,Silver Lake and Shore Capital Partners
Animal Medical Center of McKinney,McKinney,TX,75072,VetCor,Harvest Partners
Banfield McKinney,Mckinney,TX,75070,Banfield,Mars
Banfield McKinney-Custer,Mckinney,TX,75070,Banfield,Mars
Bark Hotel for Dogs,McKinney,TX,75070,Destination Pet,L1 Health
Chewy Vet Care McKinney,McKinney,TX,75071,Chewy Vet Care,"Chewy, Inc."
CityVet - McKinney,McKinney,TX,75071,CityVet,RiverGlade Capital
Cross Timbers Veterinary Center and Boarding Facility,McKinney,TX,75071,VetCor,Harvest Partners
Eldorado Animal Hospital,McKinney,TX,75070,Mission Pet Health,Silver Lake and Shore Capital Partners
Livewell Animal Hospital of McKinney,McKinney,TX,75072,Mission Pet Health,Silver Lake and Shore Capital Partners
Mckinney Animal Hospital,McKinney,TX,75070,Mission Pet Health,Silver Lake and Shore Capital Partners
PetSuites McKinney,McKinney,TX,75070,NVA,JAB Holdings
Rover Resort,McKinney,TX,75071,Destination Pet,L1 Health
Stonebridge Family Vet,McKinney,TX,75072,Heartland Veterinary Partners,Gryphon Investors
Thrive Pet Healthcare McKinney,McKinney,TX,75070,Thrive Pet Healthcare,TSG Consumer Partners
UrgentVet McKinney,McKinney,TX,75069,American Veterinary Group,Oak Hill Capital
Animal Hospital of Melissa,Melissa,TX,75454,Mission Pet Health,Silver Lake and Shore Capital Partners
Banfield Mesquite,Mesquite,TX,75150,Banfield,Mars
Banfield Town East Galloway,Mesquite,TX,75150,Banfield,Mars
BluePearl Pet Hospital East Dallas Mesquite,Mesquite,TX,75150,BluePearl Pet Hospital,Mars
Thrive Pet Healthcare Urgent Care - Mesquite,Mesquite,TX,75149,Thrive Pet Healthcare,TSG Consumer Partners
Vetco Total Care - Mesquite,Mesquite,TX,75150,Vetco Total Care,Petco
Animal Clinic and Hospital,Midland,TX,79703,Heartland Veterinary Partners,Gryphon Investors
Cobb Veterinary Clinic,Midland,TX,79706,Heartland Veterinary Partners,Gryphon Investors
Medical Veterinary Services,Midland,TX,79707,VetCor,Harvest Partners
Mesa Verde Animal Clinic,Midland,TX,79707,Heartland Veterinary Partners,Gryphon Investors
The Animal Clinic at Mission Square,Midland,TX,79705,Heartland Veterinary Partners,Gryphon Investors
VCA Greenbelt Animal Hospital,Midland,TX,79705,VCA,Mars
Midlothian Veterinary Clinic,Midlothian,TX,76065,VetCor,Harvest Partners
Banfield Missouri City,Missouri City,TX,77459,Banfield,Mars
Fondren 5 Star Pet Resort,Missouri City,TX,77489,Destination Pet,L1 Health
Lake Olympia Animal Hospital,Missouri City,TX,77459,Lakefield Veterinary Group,Desmarais family and Peloton Capital Management
Lone Star Pet Lodges,Missouri City,TX,77459,Destination Pet,L1 Health
Petfolk Veterinary & Urgent Care - Missouri City,Missouri City,TX,77459,Petfolk,Undisclosed
Sienna Plantation Animal Hospital,Missouri City,TX,77459,Mission Pet Health,Silver Lake and Shore Capital Partners
Vetco Total Care - Missouri City,Missouri City,TX,77459,Vetco Total Care,Petco
Barbers Hill Animal Hospital,Mont Belvieu,TX,77523,Mission Pet Health,Silver Lake and Shore Capital Partners
Animal Hospital of Montgomery,Montgomery,TX,77356,American Veterinary Group,Oak Hill Capital
Muleshoe Animal Clinic,Muleshoe,TX,79347,Heritage Vet Partners,Undisclosed financial sponsor
CityVet - Murphy,Murphy,TX,75094,CityVet,RiverGlade Capital
PetSuites Murphy,Murphy,TX,75094,NVA,JAB Holdings
Animal Hospital of Mid County,Nederland,TX,77627,CareVet,Compass Group Equity Partners
Banfield New Braunfels,New Braunfels,TX,78130,Banfield,Mars
CanyonVet New Braunfels,New Braunfels,TX,78132,Thrive Pet Healthcare,TSG Consumer Partners
Chisholm Trail Veterinary Clinic of New Braunfels,New Braunfels,TX,78130,Innovetive Pet Care,Metalmark Capital
Comal Pet Hospital & Resort,New Braunfels,TX,78130,Suveto,Levine Leichtman Capital
Thrive Pet Healthcare New Braunfels CLOSED,New Braunfels,TX,78130,Thrive Pet Healthcare,TSG Consumer Partners
Big Thicket Veterinary Clinic,New Caney,TX,77357,Community Veterinary Partners,OMERS
Banfield N Tarrant Pkwy,North Richland Hills,TX,76182,Banfield,Mars
Family Pet Clinic of North Richland Hills,North Richland Hills,TX,76180,NVA,JAB Holdings
Family Pet Clinic of Richland Hills,North Richland Hills,TX,76180,NVA,JAB Holdings
Neighborhood Pet Health Center,North Richland Hills,TX,76182,CareVet,Compass Group Equity Partners
University Small Animal Clinic,Odessa,TX,79762,CareVet,Compass Group Equity Partners
Banfield Pasadena,Pasadena,TX,77505,Banfield,Mars
VCA Animal Medical Center of Pasadena,Pasadena,TX,77505,VCA,Mars
Banfield Pearland,Pearland,TX,77584,Banfield,Mars
Claws & Paws Veterinary Hospital,Pearland,TX,77581,Veterinary Innovative Partners,Health Enterprise Partners
Eye Care for Animals Pearland,Pearland,TX,77584,Thrive Pet Healthcare,TSG Consumer Partners
Pearland,Pearland,TX,77584,Petfolk,Undisclosed
Pearland Pet Health Center,Pearland,TX,77581,Innovetive Pet Care,Metalmark Capital
Shadow Creek Veterinary Clinic,Pearland,TX,77584,United Veterinary Care,Nordic Capital
VCA Westside Animal Hospital,Pearland,TX,77581,VCA,Mars
Vetco Total Care - Pearland,Pearland,TX,77581,Vetco Total Care,Petco
Veterinary Clinic of Pearland,Pearland,TX,77581,Heartland Veterinary Partners,Gryphon Investors
Pfennig Lane Animal Hospital,Pflugerville,TX,78660,PetVet Care Centers,KKR
VCA Hometown Animal Hospital,Pflugerville,TX,78660,VCA,Mars
Vetco Total Care - Pflugerville,Pflugerville,TX,78660,Vetco Total Care,Petco
White Rock Veterinary Hospital,Pflugerville,TX,78660,Mission Pet Health,Silver Lake and Shore Capital Partners
Equine Sports Medicine – Texas,Pilot Point,TX,76258,Altano Group,Ufenau Capital Partners
Pittsburg Veterinary Clinic,Pittsburg,TX,75686,Community Veterinary Partners,OMERS
Animal Medical Center of Plano,Plano,TX,75093,Mission Pet Health,Silver Lake and Shore Capital Partners
Banfield Plano E,Plano,TX,75074,Banfield,Mars
Banfield Plano W,Plano,TX,75093,Banfield,Mars
CityVet - Preston Park,Plano,TX,75093,CityVet,RiverGlade Capital
CityVet - Windhaven,Plano,TX,75093,CityVet,RiverGlade Capital
Custer McDermott Animal Hospital,Plano,TX,75025,VetCor,Harvest Partners
Emergency Animal Hospital of Collin County,Plano,TX,75025,Ethos Veterinary Health,JAB Holdings
Legacy Drive Animal Hospital,Plano,TX,75023,Mission Pet Health,Silver Lake and Shore Capital Partners
Livewell Animal Hospital of Plano (coming soon),Plano,TX,75075,Mission Pet Health,Silver Lake and Shore Capital Partners
Paws and Claws Animal Hospital,Plano,TX,75075,Heartland Veterinary Partners,Gryphon Investors
Plano Animal Hospital,Plano,TX,75025,Veterinarian Partners,Tyree & D'Angelo Partners
Thrive Pet Healthcare Legacy,Plano,TX,75023,Thrive Pet Healthcare,TSG Consumer Partners
UrgentVet West Plano,Plano,TX,75093,American Veterinary Group,Oak Hill Capital
VCA Animal Care Hospital,Plano,TX,75093,VCA,Mars
VCA North Plano Animal Hospital,Plano,TX,75023,VCA,Mars
Vetco Total Care - Plano,Plano,TX,75093,Vetco Total Care,Petco
Windhaven Veterinary Hospital,Plano,TX,75093,NVA,JAB Holdings
Port Isabel Animal Clinic,Port Isabel,TX,78578,Veterinary Innovative Partners,Health Enterprise Partners
All Community Animal Hospital,Porter,TX,77365,Destination Pet,L1 Health
Portland Veterinary Hospital,Portland,TX,78374,Alliance Animal Health,L Catterton and LightBay Capital
Wilkinson Veterinary Clinic,Premont,TX,78375,Alliance Animal Health,L Catterton and LightBay Capital
CityVet - Princeton Coming Soon!,Princeton,TX,75407,CityVet,RiverGlade Capital
Livewell Animal Hospital of Princeton (coming soon),Princeton,TX,75407,Mission Pet Health,Silver Lake and Shore Capital Partners
CityVet - Celina Crossing,Prosper,TX,75078,CityVet,RiverGlade Capital
CityVet - Prosper Windsong Ranch,Prosper,TX,75078,CityVet,RiverGlade Capital
Prosper Dog Retreat,Prosper,TX,75078,Destination Pet,L1 Health
Prosper North Animal Medical Center,Prosper,TX,75078,VetCor,Harvest Partners
Total Care Animal Hospital,Prosper,TX,75078,Mission Pet Health,Silver Lake and Shore Capital Partners
UrgentVet Prosper,Prosper,TX,75078,American Veterinary Group,Oak Hill Capital
Windmill Veterinary Center,Prosper,TX,75078,Destination Pet,L1 Health
CityVet - Providence,Providence Village,TX,76227,CityVet,RiverGlade Capital
Animal Medical Center of Richardson,Richardson,TX,75080,VetCor,Harvest Partners
Arapaho Road Animal Clinic,Richardson,TX,75080,VetCor,Harvest Partners
Breckinridge Park Animal Hospital,Richardson,TX,75082,Mission Pet Health,Silver Lake and Shore Capital Partners
Buckingham-Plano Road Veterinary Clinic,Richardson,TX,75081,Blue River PetCare,Partners Group
Canyon Creek Animal Clinic,Richardson,TX,75080,Thrive Pet Healthcare,TSG Consumer Partners
CityVet - Richardson,Richardson,TX,75082,CityVet,RiverGlade Capital
UrgentVet Richardson,Richardson,TX,75080,American Veterinary Group,Oak Hill Capital
VCA Pet Doctor Animal Hospital,Richardson,TX,75081,VCA,Mars
Penny Paws Animal Hospital - Richland Hills,Richland Hills,TX,76180,VetCor,Harvest Partners
Foster Creek Veterinary Hospital,Richmond,TX,77406,Mission Pet Health,Silver Lake and Shore Capital Partners
PetSuites Long Meadow,Richmond,TX,77407,NVA,JAB Holdings
PetSuites Sugar Land,Richmond,TX,77469,NVA,JAB Holdings
Vetco Total Care - Richmond,Richmond,TX,77407,Vetco Total Care,Petco
Town and Country Veterinary Clinic,River Oaks,TX,76114,VetCor,Harvest Partners
Roanoke Animal Hospital,Roanoke,TX,76262,NVA,JAB Holdings
Bay Breeze Animal Clinic,Rockport,TX,78382,Western Veterinary Partners,Tyree & D'Angelo Partners
Banfield Rockwall,Rockwall,TX,75087,Banfield,Mars
CityVet - Rockwall,Rockwall,TX,75087,CityVet,RiverGlade Capital
Livewell Animal Hospital of Rockwall (coming soon),Rockwall,TX,75032,Mission Pet Health,Silver Lake and Shore Capital Partners
Rockwall County Veterinary Clinic,Rockwall,TX,75087,NVA,JAB Holdings
Rockwall Urgent Vet,Rockwall,TX,75087,Veterinary Innovative Partners,Health Enterprise Partners
Stonebridge Veterinary Hospital,Rockwall,TX,75087,VetCor,Harvest Partners
VCA Ridge Road Animal Hospital,Rockwall,TX,75032,VCA,Mars
Rosenberg Veterinary Clinic,Rosenberg,TX,77471,VetCor,Harvest Partners
Vetco Total Care - Rosenberg,Rosenberg,TX,77471,Vetco Total Care,Petco
Action Pack Dogs,Round Rock,TX,78665,Destination Pet,L1 Health
Animal Care Clinic,Round Rock,TX,78664,Thrive Pet Healthcare,TSG Consumer Partners
Animal Dermatology Clinic Round Rock,Round Rock,TX,78681,Animal Dermatology Clinic,Percheron Capital
Banfield Round Rock,Round Rock,TX,78664,Banfield,Mars
Banfield Round Rock Palm Valley,Round Rock,TX,78664,Banfield,Mars
Central Texas Veterinary Speciality and Emergency Hospital- Round Rock,Round Rock,TX,78681,United Veterinary Care,Nordic Capital
CityVet - Brushy Creek Veterinary Clinic & Urgent Care,Round Rock,TX,78681,CityVet,RiverGlade Capital
CityVet - Round Rock Coming Soon!,Round Rock,TX,78664,CityVet,RiverGlade Capital
Forest Creek Animal Hospital,Round Rock,TX,78664,Mission Pet Health,Silver Lake and Shore Capital Partners
Great Oaks Animal Hospital,Round Rock,TX,78681,NVA,JAB Holdings
Heart of Texas Veterinary Specialty Center,Round Rock,TX,78664,Thrive Pet Healthcare,TSG Consumer Partners
PetSuites Great Oaks,Round Rock,TX,78681,NVA,JAB Holdings
Thrive Pet Healthcare Round Rock,Round Rock,TX,78664,Thrive Pet Healthcare,TSG Consumer Partners
Vista Vet Animal Hospital & Pet Lodge,Round Rock,TX,78665,Western Veterinary Partners,Tyree & D'Angelo Partners
Liberty Grove Animal Hospital,Rowlett,TX,75089,Thrive Pet Healthcare,TSG Consumer Partners
Premier Vet Care Animal Clinic,Rowlett,TX,75088,VetCor,Harvest Partners
Rowlett Veterinary Clinic,Rowlett,TX,75088,Thrive Pet Healthcare,TSG Consumer Partners
Murphy Road Animal Hospital,Sachse,TX,75048,VetCor,Harvest Partners
Chisholm Ridge Pet Hospital,Saginaw,TX,76131,VetCor,Harvest Partners
VCA Saginaw Animal Hospital,Saginaw,TX,76179,VCA,Mars
Salado Equine Medical Center,Salado,TX,76571,Equine Care Group,CNP (lead investor) and Gimv (minority investor)
Los Caballos Veterinary Clinic,San Angelo,TX,76903,Heartland Veterinary Partners,Gryphon Investors
Southside Animal Hospital,San Angelo,TX,76903,NVA,JAB Holdings
Western Veterinary Hospital,San Angelo,TX,76901,PetVet Care Centers,KKR
A Pet's Choice Veterinary Care,San Antonio,TX,78212,Thrive Pet Healthcare,TSG Consumer Partners
Acorn Hill Animal Hospital,San Antonio,TX,78217,Innovetive Pet Care,Metalmark Capital
Alamo Dog & Cat Hospital,San Antonio,TX,78221,Community Veterinary Partners,OMERS
AmeriVet Veterinary Partners,San Antonio,TX,78217,AmeriVet,AEA Investors and Abu Dhabi Investment Authority (ADIA)
Babcock Hills Veterinary Hospital,San Antonio,TX,78240,Lakefield Veterinary Group,Desmarais family and Peloton Capital Management
Banfield Culebra,San Antonio,TX,78253,Banfield,Mars
Banfield San Antonio (De Zavala),San Antonio,TX,78249,Banfield,Mars
Banfield San Antonio Bandera,San Antonio,TX,78250,Banfield,Mars
Banfield San Antonio The Rim,San Antonio,TX,78257,Banfield,Mars
Banfield San Antonio W,San Antonio,TX,78245,Banfield,Mars
Banfield San Antonio-Village Blanco,San Antonio,TX,78248,Banfield,Mars
Banfield San Pedro,San Antonio,TX,78216,Banfield,Mars
Banfield Stone Ridge,San Antonio,TX,78258,Banfield,Mars
Banfield Windcrest,San Antonio,TX,78239,Banfield,Mars
Blue Cross Pet Clinic,San Antonio,TX,78228,Heartland Veterinary Partners,Gryphon Investors
BluePearl Pet Hospital Stone Oak San Antonio,San Antonio,TX,78258,BluePearl Pet Hospital,Mars
Boerne Stage Veterinary Clinic,San Antonio,TX,78255,Mission Pet Health,Silver Lake and Shore Capital Partners
CityVet - Alamo Heights Veterinary Clinic & Urgent Care,San Antonio,TX,78209,CityVet,RiverGlade Capital
CityVet - Alamo Ranch Animal Hospital,San Antonio,TX,78253,CityVet,RiverGlade Capital
CityVet - Bulverde (Formerly River City),San Antonio,TX,78259,CityVet,RiverGlade Capital
CityVet - Castle Hills Veterinary Clinic & Urgent Care,San Antonio,TX,78231,CityVet,RiverGlade Capital
CityVet - Kallison Ranch,San Antonio,TX,78253,CityVet,RiverGlade Capital
CityVet - Leon Springs,San Antonio,TX,78257,CityVet,RiverGlade Capital
CityVet - Southtown,San Antonio,TX,78210,CityVet,RiverGlade Capital
CityVet - Stone Oak Coming Soon!,San Antonio,TX,78258,CityVet,RiverGlade Capital
Community Pet Health Center,San Antonio,TX,78247,Mission Pet Health,Silver Lake and Shore Capital Partners
Covenant Care Animal Hospital,San Antonio,TX,78238,Thrive Pet Healthcare,TSG Consumer Partners
Cowboy Kennels,San Antonio,TX,78212,AmeriVet,AEA Investors and Abu Dhabi Investment Authority (ADIA)
Culebra Creek Veterinary Hospital,San Antonio,TX,78253,Destination Pet,L1 Health
Deerfield Animal Hospital,San Antonio,TX,78216,Mission Pet Health,Silver Lake and Shore Capital Partners
Dodd Animal Hospital,San Antonio,TX,78222,Mission Pet Health,Silver Lake and Shore Capital Partners
Dominion Crossing Veterinary Hospital,San Antonio,TX,78257,Mission Pet Health,Silver Lake and Shore Capital Partners
Eagle Veterinary Hospital,San Antonio,TX,78212,AmeriVet,AEA Investors and Abu Dhabi Investment Authority (ADIA)
Ellison Drive Animal Hospital,San Antonio,TX,78245,Alliance Animal Health,L Catterton and LightBay Capital
Far North Central,San Antonio,TX,78258,Petfolk,Undisclosed
Huebner Oaks Veterinary Hospital,San Antonio,TX,78230,Destination Pet,L1 Health
Kirby Family Vet,San Antonio,TX,78219,Heartland Veterinary Partners,Gryphon Investors
Loop 410 Veterinary Hospital,San Antonio,TX,78217,CareVet,Compass Group Equity Partners
MissionVet Specialty + Emergency,San Antonio,TX,78249,Ethos Veterinary Health,JAB Holdings
My Pet's Vet - San Antonio,San Antonio,TX,78240,My Pet's Vet Group,Fulcrum Equity Partners
My Pet's Vet Wilderness Oaks,San Antonio,TX,78260,My Pet's Vet Group,Fulcrum Equity Partners
NewDay Veterinary Care,San Antonio,TX,78258,NewDay Veterinary Care / Pet Paradise,Crane Group
O'Connor Road Animal Hospital,San Antonio,TX,78233,NVA,JAB Holdings
Penny Paws Animal Clinic  -  San Antonio,San Antonio,TX,78247,VetCor,Harvest Partners
Penny Paws VCO  -  San Antonio,San Antonio,TX,78217,VetCor,Harvest Partners
Pets First Veterinary Center,San Antonio,TX,78213,Blue River PetCare,Partners Group
PetSuites San Antonio Airport,San Antonio,TX,78216,NVA,JAB Holdings
PetSuites Westover Hills,San Antonio,TX,78251,NVA,JAB Holdings
Potranco Veterinary Clinic,San Antonio,TX,78251,Alliance Animal Health,L Catterton and LightBay Capital
Spring Creek Animal Hospital,San Antonio,TX,78247,Mission Pet Health,Silver Lake and Shore Capital Partners
St. Francis Veterinary Hospital,San Antonio,TX,78251,NVA,JAB Holdings
Stone Oak Veterinary Clinic,San Antonio,TX,78258,Destination Pet,L1 Health
Thrive Pet Healthcare Alamo Ranch,San Antonio,TX,78253,Thrive Pet Healthcare,TSG Consumer Partners
Thrive Pet Healthcare Broadway,San Antonio,TX,78217,Thrive Pet Healthcare,TSG Consumer Partners
Thrive Pet Healthcare Specialists San Antonio,San Antonio,TX,78217,Thrive Pet Healthcare,TSG Consumer Partners
Thrive Pet Healthcare Terrell Plaza,San Antonio,TX,78209,Thrive Pet Healthcare,TSG Consumer Partners
Town & Country Veterinary Hospital,San Antonio,TX,78250,Destination Pet,L1 Health
Towne North Animal Hospital,San Antonio,TX,78216,NVA,JAB Holdings
UrgentVet San Antonio,San Antonio,TX,78253,American Veterinary Group,Oak Hill Capital
Vanguard Veterinary Clinic Redland,San Antonio,TX,78232,Thrive Pet Healthcare,TSG Consumer Partners
VCA Animal Hospitals Urgent Care - Northwest San Antonio,San Antonio,TX,78251,VCA,Mars
VCA Becker Animal Hospital,San Antonio,TX,78201,VCA,Mars
VCA Castle Hills Companion Animal Hospital,San Antonio,TX,78231,VCA,Mars
VCA Health Associates Animal Hospital,San Antonio,TX,78217,VCA,Mars
VCA Henderson Pass Animal Hospital,San Antonio,TX,78232,VCA,Mars
VCA Oak Hills Animal Hospital,San Antonio,TX,78229,VCA,Mars
VCA Veterinary Hospital of Leon Springs,San Antonio,TX,78257,VCA,Mars
VEG San Antonio,San Antonio,TX,78216,VEG (Veterinary Emergency Group),D1 Capital & Fidelity
Vetco Total Care - San Antonio,San Antonio,TX,78250,Vetco Total Care,Petco
Vetco Total Care - San Antonio,San Antonio,TX,78216,Vetco Total Care,Petco
Vetco Total Care - San Antonio,San Antonio,TX,78230,Vetco Total Care,Petco
Vetco Total Care - San Antonio,San Antonio,TX,78258,Vetco Total Care,Petco
Vetco Total Care - San Antonio,San Antonio,TX,78223,Vetco Total Care,Petco
Vetco Total Care - San Antonio,San Antonio,TX,78238,Vetco Total Care,Petco
Animal Care Center of Hays County,San Marcos,TX,78666,VetCor,Harvest Partners
Banfield San Marcos,San Marcos,TX,78666,Banfield,Mars
Springtown Veterinary Hospital,San Marcos,TX,78666,Mission Pet Health,Silver Lake and Shore Capital Partners
Tickle-Blagg Animal Hospital,San Marcos,TX,78666,Mission Pet Health,Silver Lake and Shore Capital Partners
Loving Care Pet Hospital,Santa Fe,TX,77510,Lakefield Veterinary Group,Desmarais family and Peloton Capital Management
The Fe Animal Hospital,Santa Fe,TX,77510,AmeriVet,AEA Investors and Abu Dhabi Investment Authority (ADIA)
Friendship Pet Hospital and Wellness Center,Schertz,TX,78154,VetCor,Harvest Partners
Forest Lake Animal Clinic,Seabrook,TX,77586,Mission Pet Health,Silver Lake and Shore Capital Partners
VCA Seguin Animal Hospital,Seguin,TX,78155,VCA,Mars
Banfield San Antonio NE (The Forum),Selma,TX,78154,Banfield,Mars
Bluebonnet Bunk'n Biscuit,Selma,TX,78154,Destination Pet,L1 Health
Canyon Creek Family Vet,Sherman,TX,75092,Heartland Veterinary Partners,Gryphon Investors
Texoma Veterinary Hospital,Sherman,TX,75092,Heartland Veterinary Partners,Gryphon Investors
Parker Animal Care,South Austin,TX,78704,Veterinary Practice Partners,Audax Private Equity
Golden Triangle Animal Hospital,South Lake,TX,76092,Mission Pet Health,Silver Lake and Shore Capital Partners
VEG South Lamar,South Lamar Austin,TX,78704,VEG (Veterinary Emergency Group),D1 Capital & Fidelity
Animal Healthcare Clinic of Southlake,Southlake,TX,76092,NVA,JAB Holdings
Banfield Southlake,Southlake,TX,76092,Banfield,Mars
Livewell Animal Urgent Care of Southlake (coming soon),Southlake,TX,76092,Mission Pet Health,Silver Lake and Shore Capital Partners
Southlake,Southlake,TX,76092,Petfolk,Undisclosed
Southlake Crossing Animal Clinic,Southlake,TX,76092,NVA,JAB Holdings
Spicewood Veterinary Clinic,Spicewood,TX,78669,VetCor,Harvest Partners
Banfield Spring,Spring,TX,77389,Banfield,Mars
Banfield Spring-Market at Springwoods Vlg,Spring,TX,77389,Banfield,Mars
BluePearl Pet Hospital Spring,Spring,TX,77388,BluePearl Pet Hospital,Mars
Champion Wood Animal Hospital,Spring,TX,77379,NVA,JAB Holdings
CityVet - Spring,Spring,TX,77379,CityVet,RiverGlade Capital
Cole Veterinary Hospital at Harmony,Spring,TX,77386,Mission Pet Health,Silver Lake and Shore Capital Partners
Cole Veterinary Hospital at Legends Ranch,Spring,TX,77386,Mission Pet Health,Silver Lake and Shore Capital Partners
My Family Vet,Spring,TX,77379,VetCor,Harvest Partners
North Houston Veterinary Ophthalmology,Spring,TX,77388,AmeriVet,AEA Investors and Abu Dhabi Investment Authority (ADIA)
Oak Ridge Animal Clinic,Spring,TX,77386,American Veterinary Group,Oak Hill Capital
PetSuites Spring Klein,Spring,TX,77379,NVA,JAB Holdings
PetSuites Spring Rayford,Spring,TX,77386,NVA,JAB Holdings
Springwood Veterinary Hospital,Spring,TX,77379,Veterinary Innovative Partners,Health Enterprise Partners
Stuebner Airline Veterinary Hospital,Spring,TX,77379,NVA,JAB Holdings
VCA Champions Northwest Animal Hospital,Spring,TX,77379,VCA,Mars
VCA Four Seasons Animal Hospital,Spring,TX,77388,VCA,Mars
VCA Spring Animal Hospital,Spring,TX,77388,VCA,Mars
VCA Woodlands Animal Hospital,Spring,TX,77386,VCA,Mars
Vetco Total Care - Spring,Spring,TX,77388,Vetco Total Care,Petco
Veterinary Medical Center of Spring,Spring,TX,77379,NVA,JAB Holdings
Veterinary Medical Center of the Woodlands,Spring,TX,77380,Lakefield Veterinary Group,Desmarais family and Peloton Capital Management
The Animal Hospital of Smithson Valley,Spring Branch,TX,78070,United Veterinary Care,Nordic Capital
Walnut Creek Veterinary Hospital,Springtown,TX,76082,Alliance Animal Health,L Catterton and LightBay Capital
VCA Stafford Oaks Animal Hospital,Stafford,TX,77477,VCA,Mars
ABC Animal & Bird Clinic,Sugar Land,TX,77498,VetCor,Harvest Partners
Banfield Sugar Land,Sugar Land,TX,77479,Banfield,Mars
Lighthouse Veterinary Clinic,Sugar Land,TX,77479,American Veterinary Group,Oak Hill Capital
Oyster Creek Animal Hospital,Sugar Land,TX,77479,Mission Pet Health,Silver Lake and Shore Capital Partners
PetCure Oncology at Sugar Land Veterinary Specialists,Sugar Land,TX,77478,Thrive Pet Healthcare,TSG Consumer Partners
Sugar Land,Sugar Land,TX,77478,Petfolk,Undisclosed
Sugar Land Veterinary Specialists,Sugar Land,TX,77478,Lakefield Veterinary Group,Desmarais family and Peloton Capital Management
VCA Lexington Boulevard Animal Hospital,Sugar Land,TX,77479,VCA,Mars
VCA Southwest Freeway Animal Hospital,Sugar Land,TX,77478,VCA,Mars
VEG Sugar Land,Sugar Land,TX,77479,VEG (Veterinary Emergency Group),D1 Capital & Fidelity
Animal Dermatology Clinic Frisco,Suite 100,TX,75033,Animal Dermatology Clinic,Percheron Capital
Animal Dermatology Clinic Rockwall,Suite 100,TX,75032,Animal Dermatology Clinic,Percheron Capital
Animal Dermatology Clinic Dallas,Suite 101,TX,75287,Animal Dermatology Clinic,Percheron Capital
Mira Lagos Animal Clinic,Suite 116,TX,76063,NVA,JAB Holdings
VCA Beltline East Animal Hospital,Sunnyvale,TX,75182,VCA,Mars
Banfield Austin S,Sunset Valley,TX,78745,Banfield,Mars
Vetco Total Care - Sunset Valley,Sunset Valley,TX,78745,Vetco Total Care,Petco
Taylor Animal Hospital,Taylor,TX,76574,Mission Pet Health,Silver Lake and Shore Capital Partners
Animal Emergency Center of Temple-Belton,Temple,TX,76502,Veterinary Innovative Partners,Health Enterprise Partners
Banfield Temple,Temple,TX,76504,Banfield,Mars
Loop 363 Animal Hospital,Temple,TX,76504,Innovetive Pet Care,Metalmark Capital
Risinger Veterinary Hospital,Terrell,TX,75160,Western Veterinary Partners,Tyree & D'Angelo Partners
Vetco Total Care - Terrell,Terrell,TX,75160,Vetco Total Care,Petco
Connie's Grooming @ Westridge Animal Hosp.,Texarkana,TX,75501,NVA,JAB Holdings
Westridge Animal Hospital,Texarkana,TX,75501,NVA,JAB Holdings
VCA Mainland Animal Hospital,Texas City,TX,77591,VCA,Mars
North Colony Animal Clinic,The Colony,TX,75056,Blue River PetCare,Partners Group
Animal Clinic of the Woodlands-Alden Bridge,The Woodlands,TX,77382,Heartland Veterinary Partners,Gryphon Investors
Animal Hospital of the Woodlands,The Woodlands,TX,77382,Mission Pet Health,Silver Lake and Shore Capital Partners
Grogan's Mill Pet Clinic,The Woodlands,TX,77380,VetCor,Harvest Partners
Just Cats Veterinary Services,The Woodlands,TX,77380,Blue River PetCare,Partners Group
Panther Creek Pet Clinic,The Woodlands,TX,77381,VetCor,Harvest Partners
UrgentVet The Woodlands,The Woodlands,TX,77384,American Veterinary Group,Oak Hill Capital
Vetco Total Care - The Woodlands,The Woodlands,TX,77381,Vetco Total Care,Petco
Banfield Tomball,Tomball,TX,77377,Banfield,Mars
Creekside Animal Hospital,Tomball,TX,77375,VetCor,Harvest Partners
PetSuites The Woodlands,Tomball,TX,77375,NVA,JAB Holdings
Spring Creek Animal Hospital,Tomball,TX,77375,VetCor,Harvest Partners
VCA Tomball Veterinary Hospital,Tomball,TX,77375,VCA,Mars
VO Vets - Trophy Club,Trophy Club,TX,76262,Suveto,Levine Leichtman Capital
Animal Medical Center Of Tyler,Tyler,TX,75703,AmeriVet,AEA Investors and Abu Dhabi Investment Authority (ADIA)
Banfield Tyler,Tyler,TX,75703,Banfield,Mars
South Tyler Animal Clinic,Tyler,TX,75703,VetCor,Harvest Partners
Tyler Veterinary Center,Tyler,TX,75703,AmeriVet,AEA Investors and Abu Dhabi Investment Authority (ADIA)
CityVet - Universal City Veterinary Clinic & Urgent Care,Universal City,TX,78148,CityVet,RiverGlade Capital
VCA Park Cities Animal Hospital,University Park,TX,75225,VCA,Mars
VCA Victoria Animal Hospital,Victoria,TX,77904,VCA,Mars
Animal Hospital of Waco,Waco,TX,76706,NVA,JAB Holdings
Banfield Waco,Waco,TX,76710,Banfield,Mars
Northside Animal Hospital,Waco,TX,76710,VetCor,Harvest Partners
Waco Animal Emergency Clinic,Waco,TX,76706,Veterinary Innovative Partners,Health Enterprise Partners
Companion Animal Hospital of Waller,Waller,TX,77484,VetCor,Harvest Partners
Stoneside Veterinary Hospital,Waller,TX,77484,Heartland Veterinary Partners,Gryphon Investors
Waller Equine Hospital,Waller,TX,77484,Lakefield Veterinary Group,Desmarais family and Peloton Capital Management
Banfield Watauga,Watauga,TX,76148,Banfield,Mars
Vetco Total Care - Watauga,Watauga,TX,76148,Vetco Total Care,Petco
CityVet - Waxahachie Coming Soon!,Waxahachie,TX,75165,CityVet,RiverGlade Capital
Banfield Weatherford,Weatherford,TX,76087,Banfield,Mars
Foland Veterinary Services,Weatherford,TX,76086,Western Veterinary Partners,Tyree & D'Angelo Partners
North Texas Veterinary Hospital,Weatherford,TX,76088,AmeriVet,AEA Investors and Abu Dhabi Investment Authority (ADIA)
Banfield Webster,Webster,TX,77598,Banfield,Mars
The Pet Palace Texas,Webster,TX,77598,Destination Pet,L1 Health
UrgentVet Clear Lake,Webster,TX,77598,American Veterinary Group,Oak Hill Capital
Border Animal Hospital,Weslaco,TX,78596,Veterinary Innovative Partners,Health Enterprise Partners
Pet Resort at Border Animal Hospital,Weslaco,TX,78596,Veterinary Innovative Partners,Health Enterprise Partners
Frontier Veterinary Hospital,White Settlement,TX,76108,PetVet Care Centers,KKR
Whitehouse Veterinary Hospital,Whitehouse,TX,75791,Heartland Veterinary Partners,Gryphon Investors
Equine Sports Medicine and Rehabilitation – Texas,Whitesboro,TX,76273,Altano Group,Ufenau Capital Partners
A Caring Heart Veterinary Hospital,Wichita Falls,TX,76306,Heartland Veterinary Partners,Gryphon Investors
VCA Callfield Animal Hospital,Wichita Falls,TX,76308,VCA,Mars
Bed Bath & Biscuit,Willis,TX,77318,Blue River PetCare,Partners Group
North Pines Animal Hospital,Willis,TX,77318,Blue River PetCare,Partners Group
VCA Aledo Animal Hospital,Willow Park,TX,76008,VCA,Mars
Wimberley Veterinary Clinic,Wimberley,TX,78676,Western Veterinary Partners,Tyree & D'Angelo Partners
Pioneer Veterinary Clinic,Winters,TX,79567,Heritage Vet Partners,Undisclosed financial sponsor
Ramsgate Veterinary Clinic,Woodway,TX,76712,Veterinary Innovative Partners,Health Enterprise Partners
Banfield Wylie,Wylie,TX,75098,Banfield,Mars
Parker Road Veterinary Hospital,Wylie,TX,75098,Mission Pet Health,Silver Lake and Shore Capital Partners
Thrive Pet Healthcare Wylie,Wylie,TX,75098,Thrive Pet Healthcare,TSG Consumer Partners
Wylie Veterinary Hospital,Wylie,TX,75098,NVA,JAB Holdings
Highland Hills Veterinary Hospital,Alpine,UT,84004,Hippo Vet Group,DFW & Avante Capital Partners
Banfield American Fork,American Fork,UT,84003,Banfield,Mars
Country View Veterinary Hospital,American Fork,UT,84003,Western Veterinary Partners,Tyree & D'Angelo Partners
Animal Medical Clinic,Bountiful,UT,84010,Thrive Pet Healthcare,TSG Consumer Partners
VCA Lakeview Animal Hospital,Bountiful,UT,84010,VCA,Mars
Color Country Animal Hospital,Cedar City,UT,84720,NVA,JAB Holdings
Parrish Creek Veterinary Hospital,Centerville,UT,84014,Blue River PetCare,Partners Group
Animal Care Clearfield,Clearfield,UT,84015,VetCor,Harvest Partners
Hippo Vet Group Clinton (coming soon),Clinton,UT,84015,Hippo Vet Group,DFW & Avante Capital Partners
Vetco Total Care - Clinton,Clinton,UT,84015,Vetco Total Care,Petco
Canyons Veterinary Clinic,Cottonwood Heights,UT,84121,Western Veterinary Partners,Tyree & D'Angelo Partners
Hillside Veterinary Hospital,Cottonwood Heights,UT,84121,Mission Pet Health,Silver Lake and Shore Capital Partners
Union Park Veterinary Hospital,Cottonwood Heights,UT,84121,Western Veterinary Partners,Tyree & D'Angelo Partners
VCA Willow Creek Pet Center,Cottonwood Heights,UT,84093,VCA,Mars
Banfield Creekside,Draper,UT,84020,Banfield,Mars
Livewell Animal Hospital of Draper (coming soon),Draper,UT,84020,Mission Pet Health,Silver Lake and Shore Capital Partners
South Mountain Pet Care,Draper,UT,84020,VetCor,Harvest Partners
UrgentVet Farmington,Farmington,UT,84025,American Veterinary Group,Oak Hill Capital
Frontier Veterinary Care,Francis,UT,84036,Western Veterinary Partners,Tyree & D'Angelo Partners
Wasatch Animal Clinic,Heber City,UT,84032,VetCor,Harvest Partners
Herriman (coming soon),Herriman,UT,84096,Hippo Vet Group,DFW & Avante Capital Partners
Livewell Animal Hospital of Herriman,Herriman,UT,84096,Mission Pet Health,Silver Lake and Shore Capital Partners
PetSuites Herriman,Herriman,UT,84096,NVA,JAB Holdings
VCA Oquirrh Hills Animal Hospital,Herriman,UT,84096,VCA,Mars
Hippo Vet Group Highland City (coming soon),Highland,UT,84003,Hippo Vet Group,DFW & Avante Capital Partners
Sploot Veterinary Care - Holladay,Holladay,UT,84117,Sploot Veterinary Care,L Catterton
Zion Veterinary Hospital,Hurricane,UT,84737,AmeriVet,AEA Investors and Abu Dhabi Investment Authority (ADIA)
Banfield Layton Midtown,Layton,UT,84041,Banfield,Mars
Canyon View Cares Layton,Layton,UT,84041,Hippo Vet Group,DFW & Avante Capital Partners
Layton Veterinary Hospital,Layton,UT,84041,Thrive Pet Healthcare,TSG Consumer Partners
Hippo Vet Group Lehi (coming soon),Lehi,UT,84048,Hippo Vet Group,DFW & Avante Capital Partners
Family Pet Hospital,Mapleton,UT,84664,Hippo Vet Group,DFW & Avante Capital Partners
BluePearl Pet Hospital Midvale,Midvale,UT,84047,BluePearl Pet Hospital,Mars
Vetco Total Care - Midvale,Midvale,UT,84047,Vetco Total Care,Petco
Brickyard Animal Hospital,Millcreek,UT,84106,Western Veterinary Partners,Tyree & D'Angelo Partners
Coldwater Animal Hospital,North Ogden,UT,84414,Thrive Pet Healthcare,TSG Consumer Partners
Wilson Veterinary Hospital,North Salt Lake,UT,84054,Blue River PetCare,Partners Group
Banfield Orem,Orem,UT,84058,Banfield,Mars
Canyon View Cares Orem,Orem,UT,84057,Hippo Vet Group,DFW & Avante Capital Partners
Park City Animal Clinic,Park City,UT,84060,Western Veterinary Partners,Tyree & D'Angelo Partners
Pinebrook Animal Hospital,Park City,UT,84098,Western Veterinary Partners,Tyree & D'Angelo Partners
VCA Powder Paws Animal Hospital,Park City,UT,84098,VCA,Mars
White Pine Veterinary Clinic,Park City,UT,84098,NVA,JAB Holdings
Payson Family Pet Hospital,Payson,UT,84651,Western Veterinary Partners,Tyree & D'Angelo Partners
Canyon View Cares Perry,Perry,UT,84302,Hippo Vet Group,DFW & Avante Capital Partners
Livewell Animal Urgent Care of Pleasant Grove,Pleasant Grove,UT,84062,Mission Pet Health,Silver Lake and Shore Capital Partners
VCA Timpanogos Animal Hospital,Pleasant Grove,UT,84062,VCA,Mars
Hippo Vet Group Pleasant View (coming soon),Pleasant View,UT,84414,Hippo Vet Group,DFW & Avante Capital Partners
Banfield Provo Rivers Edge,Provo,UT,84604,Banfield,Mars
Park Animal Hospital,Provo,UT,84606,Blue River PetCare,Partners Group
GoodVets Riverdale,Riverdale,UT,84405,GoodVets,General Atlantic
CityVet - Riverton Coming Soon!,Riverton,UT,84065,CityVet,RiverGlade Capital
Petfolk Veterinary & Urgent Care - Riverton,Riverton,UT,84096,Petfolk,Undisclosed
Riverton Veterinary Hospital,Riverton,UT,84065,VetCor,Harvest Partners
Animal Care Roy,Roy,UT,84067,VetCor,Harvest Partners
St. George Veterinary Hospital,Saint George,UT,84770,NVA,JAB Holdings
The Animal Tender Pet Resort,Saint George,UT,84770,Destination Pet,L1 Health
Advanced Veterinary Care,Salt Lake City,UT,84106,Thrive Pet Healthcare,TSG Consumer Partners
Animal Care Center Airport,Salt Lake City,UT,84116,Thrive Pet Healthcare,TSG Consumer Partners
Banfield Salt Lake City N (21st South),Salt Lake City,UT,84115,Banfield,Mars
Dermatology for Animals Salt Lake City,Salt Lake City,UT,84106,Thrive Pet Healthcare,TSG Consumer Partners
East Valley Veterinary Clinic,Salt Lake City,UT,84109,NVA,JAB Holdings
Eye Care for Animals - Salt Lake City,Salt Lake City,UT,84106,Thrive Pet Healthcare,TSG Consumer Partners
Holladay Veterinary Hospital,Salt Lake City,UT,84117,NVA,JAB Holdings
Livewell Animal Hospital of Canyon Rim,Salt Lake City,UT,84109,Mission Pet Health,Silver Lake and Shore Capital Partners
MedVet Salt Lake City,Salt Lake City,UT,84115,MedVet,Minority stake by Leonard Green & Partners
Sploot Veterinary Care - 4th South,Salt Lake City,UT,84102,Sploot Veterinary Care,L Catterton
Sugar House Veterinary Wellness Center,Salt Lake City,UT,84106,Blue River PetCare,Partners Group
Sugar House Veterinary Wellness Center,Salt Lake City,UT,84106,Blue River PetCare,Partners Group
University Veterinary Hospital & Diagnostic Center,Salt Lake City,UT,84105,NVA,JAB Holdings
Utah Dog Park Airport,Salt Lake City,UT,84116,Thrive Pet Healthcare,TSG Consumer Partners
VCA Animal Hospitals Urgent Care - Sugar House,Salt Lake City,UT,84105,VCA,Mars
VCA Cottonwood Animal Hospital,Salt Lake City,UT,84121,VCA,Mars
Vetco Total Care - Salt Lake City,Salt Lake City,UT,84106,Vetco Total Care,Petco
Banfield Sandy,Sandy,UT,84070,Banfield,Mars
VCA Mountain View Animal Hospital,Sandy,UT,84092,VCA,Mars
VEG Sandy,Sandy,UT,84070,VEG (Veterinary Emergency Group),D1 Capital & Fidelity
CityVet | Saratoga Springs Veterinary Clinic & Urgent Care,Saratoga Springs,UT,84045,CityVet,RiverGlade Capital
Hippo Vet Group Saratoga Springs (coming soon),Saratoga Springs,UT,84045,Hippo Vet Group,DFW & Avante Capital Partners
Vetco Total Care - Saratoga Springs,Saratoga Springs,UT,84045,Vetco Total Care,Petco
Desert Hills Animal Hospital,St. George,UT,84790,NVA,JAB Holdings
Red Hills Animal Hospital,St. George,UT,84790,NVA,JAB Holdings
Washington Family Vet Clinic,St. George,UT,84790,AmeriVet,AEA Investors and Abu Dhabi Investment Authority (ADIA)
MedVet Northern Utah,Sunset,UT,84015,MedVet,Minority stake by Leonard Green & Partners
UrgentVet Taylorsville,Taylorsville,UT,84129,American Veterinary Group,Oak Hill Capital
VCA All Pet Animal Hospital/Taylorsville,Taylorsville,UT,84129,VCA,Mars
West Lake Animal Hospital,Taylorsville,UT,84129,VetCor,Harvest Partners
Canyon View Cares Tremonton,Tremonton,UT,84337,Hippo Vet Group,DFW & Avante Capital Partners
Animal Care Veterinary Hospital,West Haven,UT,84401,VetCor,Harvest Partners
Banfield Redwood Road,West Jordan,UT,84084,Banfield,Mars
Banfield West Jordan,West Jordan,UT,84081,Banfield,Mars
Hippo Vet Group West Jordan (coming soon),West Jordan,UT,84081,Hippo Vet Group,DFW & Avante Capital Partners
VCA Amor Animal Hospital,West Jordan,UT,84088,VCA,Mars
VCA Jordan River Animal Hospital,West Jordan,UT,84088,VCA,Mars
West Jordan Veterinary Hospital,West Jordan,UT,84084,NVA,JAB Holdings
GoodVets West Point,West Point,UT,84015,GoodVets,General Atlantic
Banfield West Valley,West Valley City,UT,84120,Banfield,Mars
Hunter Animal Hospital,West Valley City,UT,84120,NVA,JAB Holdings
West Valley Veterinary Clinic,West Valley City,UT,84120,NVA,JAB Holdings
Animal Care Center West Bountiful,Woods Cross,UT,84010,Thrive Pet Healthcare,TSG Consumer Partners
VCA Highlands Animal Hospital,Abingdon,VA,24211,VCA,Mars
Alexandria Animal Hospital of Fort Hunt,Alexandria,VA,22308,Encore Vet Group,North Castle Partners
Banfield Alexandria,Alexandria,VA,22305,Banfield,Mars
Banfield Alexandria Hilltop,Alexandria,VA,22315,Banfield,Mars
Banfield Alexandria S,Alexandria,VA,22306,Banfield,Mars
Belle Haven Animal Medical Centre,Alexandria,VA,22307,NVA,JAB Holdings
Bond Vet - Alexandria,Alexandria,VA,22314,Bond Vet,Warburg Pincus
Caring Hands Animal Hospital - Alexandria,Alexandria,VA,22304,Veterinary Practice Partners,Audax Private Equity
CityVet - Alexandria King Street,Alexandria,VA,22302,CityVet,RiverGlade Capital
EMMAvet,Alexandria,VA,22307,Mission Pet Health,Silver Lake and Shore Capital Partners
Livewell Animal Hospital of Alexandria,Alexandria,VA,22314,Mission Pet Health,Silver Lake and Shore Capital Partners
VCA Alexandria Animal Hospital,Alexandria,VA,22314,VCA,Mars
VCA Beacon Hill Cat Hospital,Alexandria,VA,22306,VCA,Mars
VCA Old Town Animal Hospital,Alexandria,VA,22314,VCA,Mars
VEG Alexandria,Alexandria,VA,22304,VEG (Veterinary Emergency Group),D1 Capital & Fidelity
Whole Dogz,Alexandria,VA,22304,Destination Pet,L1 Health
Clevengers Corner Veterinary Care,Amissville,VA,20106,VetCor,Harvest Partners
Banfield Annandale,Annandale,VA,22003,Banfield,Mars
Sunshine Animal Hospital,Annandale,VA,22003,Veterinary Innovative Partners,Health Enterprise Partners
Arlington Animal Hospital,Arlington,VA,22204,Mission Pet Health,Silver Lake and Shore Capital Partners
Ballston Animal Hospital,Arlington,VA,22205,Heartland Veterinary Partners,Gryphon Investors
Bond Vet - Arlington,Arlington,VA,22201,Bond Vet,Warburg Pincus
Caring Hands Animal Hospital - Clarendon,Arlington,VA,22201,Veterinary Practice Partners,Audax Private Equity
Clarendon Animal Care North Arlington,Arlington,VA,22201,Mission Pet Health,Silver Lake and Shore Capital Partners
Clarendon Animal Care South Arlington,Arlington,VA,22204,Mission Pet Health,Silver Lake and Shore Capital Partners
GoodVets Crystal City,Arlington,VA,22202,GoodVets,General Atlantic
Heart + Paw - Ballston Quarter,Arlington,VA,22203,Heart + Paw,Waud Capital Partners
NOVA Cat Clinic,Arlington,VA,22201,Rarebreed Veterinary Partners,Revelstoke Capital Partners
Suburban Animal Hospital,Arlington,VA,22213,NVA,JAB Holdings
Urgent Animal Care of Arlington,Arlington,VA,22203,Mission Pet Health,Silver Lake and Shore Capital Partners
Animal Medical Centers of Loudoun,Ashburn,VA,20147,VetEvolve,Varsity Healthcare Partners
Ashburn Veterinary Hospital,Ashburn,VA,20147,VetCor,Harvest Partners
Ashburn Village Animal Hospital,Ashburn,VA,20147,VetCor,Harvest Partners
Caring Hands Animal Hospital - Ashburn,Ashburn,VA,20148,Veterinary Practice Partners,Audax Private Equity
Fancy Paws Cat Clinic,Ashburn,VA,20147,VetCor,Harvest Partners
Goose Creek Veterinary Hospital,Ashburn,VA,20147,Mission Pet Health,Silver Lake and Shore Capital Partners
Livewell Animal Hospital of One Loudoun (coming soon),Ashburn,VA,20147,Mission Pet Health,Silver Lake and Shore Capital Partners
Chenault Veterinary Hospital,Ashland,VA,23005,NVA,JAB Holdings
Aylett Animal Hospital,Aylett,VA,23009,VetCor,Harvest Partners
Compassion Animal Hospital,Bealeton,VA,22712,Lakefield Veterinary Group,Desmarais family and Peloton Capital Management
Companion Animal Clinic,Blacksburg,VA,24060,VetEvolve,Varsity Healthcare Partners
Roseville Veterinary Clinic,Boyce,VA,22620,Mission Pet Health,Silver Lake and Shore Capital Partners
Caring Hands Animal Hospital - Bristow,Bristow,VA,20136,Veterinary Practice Partners,Audax Private Equity
Ohana Veterinary Care,Bristow,VA,20136,NVA,JAB Holdings
Burke Animal Clinic,Burke,VA,22015,Community Veterinary Partners,OMERS
Burke Veterinary Clinic,Burke,VA,22015,VetCor,Harvest Partners
Cape Charles Animal Hospital,Cape Charles,VA,23310,CareVet,Compass Group Equity Partners
Catlett Animal Hospital,Catlett,VA,20119,Lakefield Veterinary Group,Desmarais family and Peloton Capital Management
Centreville Square Animal Hospital,Centreville,VA,20121,Veterinary Innovative Partners,Health Enterprise Partners
VCA Centreville Animal Hospital,Centreville,VA,20121,VCA,Mars
Banfield Chantilly,Chantilly,VA,20151,Banfield,Mars
Banfield South Riding,Chantilly,VA,20152,Banfield,Mars
Chantilly Animal Hospital,Chantilly,VA,20151,Veterinary Innovative Partners,Health Enterprise Partners
Family Vet Hospital Of Stone Ridge,Chantilly,VA,20152,AmeriVet,AEA Investors and Abu Dhabi Investment Authority (ADIA)
Pender Veterinary Centre - Chantilly,Chantilly,VA,20151,NVA,JAB Holdings
VEG Chantilly,Chantilly,VA,20151,VEG (Veterinary Emergency Group),D1 Capital & Fidelity
Corban Veterinary Services,Charlotte Court House,VA,23923,NVA,JAB Holdings
Banfield Charlottesville,Charlottesville,VA,22911,Banfield,Mars
Hollymead Veterinary Hospital (formerly VETSS),Charlottesville,VA,22911,VetEvolve,Varsity Healthcare Partners
VCA Albemarle Veterinary Health Care Center,Charlottesville,VA,22901,VCA,Mars
Virginia Veterinary Specialty & Emergency,Charlottesville,VA,22901,Innovetive Pet Care,Metalmark Capital
Acredale Animal Hospital - Great Bridge,Chesapeake,VA,23322,Mission Pet Health,Silver Lake and Shore Capital Partners
Animal Eye Care Associates - Chesapeake,Chesapeake,VA,23320,Community Veterinary Partners,OMERS
Banfield Chesapeake,Chesapeake,VA,23320,Banfield,Mars
Banfield Chesapeake Center,Chesapeake,VA,23321,Banfield,Mars
Banfield Chesapeake Great Bridge,Chesapeake,VA,23322,Banfield,Mars
Barker Animal Hospital,Chesapeake,VA,23320,Western Veterinary Partners,Tyree & D'Angelo Partners
Chesapeake Animal Hospital,Chesapeake,VA,23320,Mission Pet Health,Silver Lake and Shore Capital Partners
Deep Creek Veterinary Hospital,Chesapeake,VA,23323,VetCor,Harvest Partners
Edinburgh Animal Hospital,Chesapeake,VA,23322,Veterinary Practice Partners,Audax Private Equity
Hickory Veterinary Hospital,Chesapeake,VA,23322,Mission Pet Health,Silver Lake and Shore Capital Partners
Highlands Veterinary Center,Chesapeake,VA,23320,Heartland Veterinary Partners,Gryphon Investors
Mt. Pleasant Vet Clinic,Chesapeake,VA,23322,NVA,JAB Holdings
PetSuites Chesapeake,Chesapeake,VA,23321,NVA,JAB Holdings
UrgentVet Chesapeake,Chesapeake,VA,23320,American Veterinary Group,Oak Hill Capital
VCA Brentwood Animal Hospital,Chesapeake,VA,23323,VCA,Mars
Centralia Animal Hospital,Chester,VA,23831,NVA,JAB Holdings
Chester Animal Clinic and West Chester Pet Resort,Chester,VA,23831,Encore Vet Group,North Castle Partners
Clarksville Veterinary Clinic,Clarksville,VA,23927,VetCor,Harvest Partners
Banfield Pet Hospital,Clifton,VA,20124,Banfield,Mars
King's Mountain Animal Clinic,Collinsville,VA,24078,NVA,JAB Holdings
Banfield Colonial Heights,Colonial Heights,VA,23834,Banfield,Mars
VCA Animal Care Associates,Colonial Heights,VA,23834,VCA,Mars
vetXpress,Colonial Heights,VA,23834,EverVet Partners,Freeman Spogli and Tailwind Capital
Greenbrier Veterinary Hospital,Covington,VA,24426,NVA,JAB Holdings
Animal Wellness Center,Crozet,VA,22932,Innovetive Pet Care,Metalmark Capital
Amberwood Veterinary Hospital,Culpeper,VA,22701,Heart + Paw,Waud Capital Partners
Blue Ridge Animal Hospital,Culpeper,VA,22701,NVA,JAB Holdings
Culpeper Animal Hospital,Culpeper,VA,22701,Lakefield Veterinary Group,Desmarais family and Peloton Capital Management
Dublin Animal Hospital,Dublin,VA,24084,VetEvolve,Varsity Healthcare Partners
Blue Ridge Equine Clinic,Earlysville,VA,22936,AmeriVet,AEA Investors and Abu Dhabi Investment Authority (ADIA)
Earlysville Animal Hospital,Earlysville,VA,22936,VetCor,Harvest Partners
Banfield Chantilly Greenbriar,Fairfax,VA,22030,Banfield,Mars
Banfield Fair Lakes Center,Fairfax,VA,22033,Banfield,Mars
Banfield Fairfax,Fairfax,VA,22031,Banfield,Mars
Bond Vet - Fairfax,Fairfax,VA,22031,Bond Vet,Warburg Pincus
CVCA Cardiac Care for Pets - Fairfax,Fairfax,VA,22031,Mission Pet Health,Silver Lake and Shore Capital Partners
Little River Veterinary Clinic,Fairfax,VA,22032,NVA,JAB Holdings
Merrifield Animal Hospital,Fairfax,VA,22031,VetCor,Harvest Partners
Pender Veterinary Centre - Fairfax (24/7 Emergency),Fairfax,VA,22033,NVA,JAB Holdings
The Cat Hospital of Fairfax,Fairfax,VA,22030,Rarebreed Veterinary Partners,Revelstoke Capital Partners
VCA Commonwealth Animal Hospital,Fairfax,VA,22030,VCA,Mars
VCA SouthPaws Veterinary Specialists & Emergency Center,Fairfax,VA,22031,VCA,Mars
VCA University Veterinary Clinic,Fairfax,VA,22032,VCA,Mars
Companion Animal Clinic,Fairfax Station,VA,22039,Veterinary Innovative Partners,Health Enterprise Partners
Banfield Falls Church,Falls Church,VA,22044,Banfield,Mars
Caring Hands Animal Hospital - Merrifield,Falls Church,VA,22042,Veterinary Practice Partners,Audax Private Equity
Fairfax Animal Hospital,Falls Church,VA,22041,VetEvolve,Varsity Healthcare Partners
Falls Church Animal Hospital,Falls Church,VA,22046,Veterinary Innovative Partners,Health Enterprise Partners
Livewell Animal Hospital of Falls Church,Falls Church,VA,22046,Mission Pet Health,Silver Lake and Shore Capital Partners
VEG Falls Church,Falls Church,VA,22043,VEG (Veterinary Emergency Group),D1 Capital & Fidelity
Ridge Animal Hospital,Farmville,VA,23901,NVA,JAB Holdings
Lake Forest Animal Hospital,Forest,VA,24551,VetEvolve,Varsity Healthcare Partners
Ridgewood Animal Hospital,Forest,VA,24551,VetEvolve,Varsity Healthcare Partners
Fork Union Animal Clinic,Fork Union,VA,23055,NVA,JAB Holdings
Banfield Fredericksburg,Fredericksburg,VA,22401,Banfield,Mars
Banfield Massaponax,Fredericksburg,VA,22407,Banfield,Mars
England Run Veterinary Clinic,Fredericksburg,VA,22406,Mission Pet Health,Silver Lake and Shore Capital Partners
Ferry Farm Animal Clinic,Fredericksburg,VA,22405,NVA,JAB Holdings
Hartwood Animal Hospital,Fredericksburg,VA,22406,EverVet Partners,Freeman Spogli and Tailwind Capital
St. Francis Animal Hospital,Fredericksburg,VA,22408,Blue River PetCare,Partners Group
VCA Chancellor Animal Hospital,Fredericksburg,VA,22407,VCA,Mars
VCA White Oak Animal Hospital,Fredericksburg,VA,22405,VCA,Mars
Virginia Veterinary Centers,Fredericksburg,VA,22401,Ethos Veterinary Health,JAB Holdings
Banfield Gainesville,Gainesville,VA,20155,Banfield,Mars
Galax Veterinary Clinic (Blue Ridge),Galax,VA,24333,Heartland Veterinary Partners,Gryphon Investors
Ironsides Animal Health - Glade Spring,Glade Spring,VA,24340,Heritage Vet Partners,Undisclosed financial sponsor
Pouncey Tract Veterinary Hospital,Glen Allen,VA,23059,Mission Pet Health,Silver Lake and Shore Capital Partners
Armistead Avenue Veterinary Hospital,Hampton,VA,23669,VetEvolve,Varsity Healthcare Partners
Banfield Pet Hospital,Hampton,VA,23666,Banfield,Mars
VCA Todds Lane Animal Hospital,Hampton,VA,23666,VCA,Mars
Vetco Total Care - Hampton,Hampton,VA,23666,Vetco Total Care,Petco
Ashby Animal Clinic,Harrisonburg,VA,22801,Suveto,Levine Leichtman Capital
Massanutten Animal Clinic,Harrisonburg,VA,22801,NVA,JAB Holdings
Hartfield Animal Hospital,Hartfield,VA,23071,VetCor,Harvest Partners
VCA Healthy PAWS Medical Center,Haymarket,VA,20169,VCA,Mars
Bush Veterinary Neurology Service (BVNS) – Short Pump,Henrico,VA,23233,Ethos Veterinary Health,JAB Holdings
CVCA Cardiac Care For Pets,Henrico,VA,23233,Mission Pet Health,Silver Lake and Shore Capital Partners
Virginia Veterinary Centers - Short Pump,Henrico,VA,23233,Ethos Veterinary Health,JAB Holdings
Banfield Herndon,Herndon,VA,20170,Banfield,Mars
Banfield Herndon Fox Mill,Herndon,VA,20171,Banfield,Mars
Dominion Animal Hospital,Herndon,VA,20170,Mission Pet Health,Silver Lake and Shore Capital Partners
Herndon Animal Medical Center,Herndon,VA,20170,NVA,JAB Holdings
VCA Herndon-Reston Animal Hospital,Herndon,VA,20170,VCA,Mars
Carroll Veterinary Clinic,Hillsville,VA,24343,Mission Pet Health,Silver Lake and Shore Capital Partners
Banfield Leesburg,Leesburg,VA,20176,Banfield,Mars
Banfield Leesburg Village Market,Leesburg,VA,20175,Banfield,Mars
Bush Veterinary Neurology Service (BVNS) – Leesburg,Leesburg,VA,20176,Ethos Veterinary Health,JAB Holdings
Catoctin Veterinary Clinic,Leesburg,VA,20175,NVA,JAB Holdings
CVCA Cardiac Care For Pets,Leesburg,VA,20176,Mission Pet Health,Silver Lake and Shore Capital Partners
Lansdowne Animal Hospital,Leesburg,VA,20176,Western Veterinary Partners,Tyree & D'Angelo Partners
Leesburg Veterinary Hospital,Leesburg,VA,20175,Thrive Pet Healthcare,TSG Consumer Partners
North Oatlands Animal Hospital,Leesburg,VA,20175,Veterinary Practice Partners,Audax Private Equity
Old Mill Veterinary Hospital,Leesburg,VA,20175,Mission Pet Health,Silver Lake and Shore Capital Partners
The Oncology Service - Leesburg,Leesburg,VA,20176,United Veterinary Care,Nordic Capital
Towne Animal Clinic,Leesburg,VA,20176,Mission Pet Health,Silver Lake and Shore Capital Partners
VCA Animal Emergency Critical Care,Leesburg,VA,20176,VCA,Mars
VEG Leesburg,Leesburg,VA,20176,VEG (Veterinary Emergency Group),D1 Capital & Fidelity
Vetco Total Care - Leesburg,Leesburg,VA,20176,Vetco Total Care,Petco
Veterinary Surgical Centers - Leesburg,Leesburg,VA,20176,Rarebreed Veterinary Partners,Revelstoke Capital Partners
Lakewood Animal Hospital (VA),Locust Grove,VA,22508,Veterinary Practice Partners,Audax Private Equity
Gunston Animal Hospital,Lorton,VA,22079,NVA,JAB Holdings
Animal Emergency and Critical Care,Lynchburg,VA,24501,Encore Vet Group,North Castle Partners
Peaks View Animal Hospital,Lynchburg,VA,24502,NVA,JAB Holdings
VCA Boonsboro Animal Hospital,Lynchburg,VA,24503,VCA,Mars
Banfield Manassas Bull Run,Manassas,VA,20109,Banfield,Mars
Independent Hill Veterinary Clinic,Manassas,VA,20112,NVA,JAB Holdings
MedVet Northern Virginia,Manassas,VA,20110,MedVet,Minority stake by Leonard Green & Partners
Signal Hill Animal Clinic,Manassas,VA,20110,Mission Pet Health,Silver Lake and Shore Capital Partners
Pender Veterinary Centre - Manassas,Manassas Park,VA,20111,NVA,JAB Holdings
Small Door McLean (VA),McLean,VA,22101,Small Door,Valspring Capital
Banfield Mechanicsville,Mechanicsville,VA,23111,Banfield,Mars
Bell Creek Veterinary Hospital,Mechanicsville,VA,23116,NVA,JAB Holdings
Mechanicsville Animal Hospital,Mechanicsville,VA,23111,NVA,JAB Holdings
Rutland Animal Hospital,Mechanicsville,VA,23116,NVA,JAB Holdings
Middleburg Animal Hospital,Middleburg,VA,20117,AmeriVet,AEA Investors and Abu Dhabi Investment Authority (ADIA)
Animal Dermatology Clinic Richmond,Midlothian,VA,23112,Animal Dermatology Clinic,Percheron Capital
Animal Medical Center,Midlothian,VA,23112,Mission Pet Health,Silver Lake and Shore Capital Partners
Banfield Midlothian Commonwealth,Midlothian,VA,23112,Banfield,Mars
Brandermill Animal Hospital,Midlothian,VA,23112,VetEvolve,Varsity Healthcare Partners
Commonwealth Animal Hospital,Midlothian,VA,23112,Mission Pet Health,Silver Lake and Shore Capital Partners
Midlothian Animal Clinic,Midlothian,VA,23113,Mission Pet Health,Silver Lake and Shore Capital Partners
Petfolk Veterinary & Urgent Care - Midlothian,Midlothian,VA,23113,Petfolk,Undisclosed
Swift Creek Animal Hospital & Pet Resort,Midlothian,VA,23112,NVA,JAB Holdings
Sycamore Veterinary Hospital,Midlothian,VA,23113,Mission Pet Health,Silver Lake and Shore Capital Partners
UrgentVet Midlothian,Midlothian,VA,23113,American Veterinary Group,Oak Hill Capital
Virginia Veterinary Centers,Midlothian,VA,23112,Ethos Veterinary Health,JAB Holdings
Woodlake Animal Hospital,Midlothian,VA,23112,VetEvolve,Varsity Healthcare Partners
Caroline Animal Hospital,Milford,VA,22514,VetCor,Harvest Partners
Staunton River Veterinary Clinic,Moneta,VA,24121,Heartland Veterinary Partners,Gryphon Investors
VCA Amherst Animal Hospital,Monroe,VA,24574,VCA,Mars
Montpelier Veterinary Hospital,Montpelier,VA,23192,Veterinary Practice Partners,Audax Private Equity
Banfield Newport News,Newport News,VA,23602,Banfield,Mars
Colony Animal Hospital,Newport News,VA,23602,Blue River PetCare,Partners Group
Kiln Creek Animal Care,Newport News,VA,23602,Mission Pet Health,Silver Lake and Shore Capital Partners
UrgentVet Newport News,Newport News,VA,23602,American Veterinary Group,Oak Hill Capital
VCA Boulevard Animal Hospital,Newport News,VA,23606,VCA,Mars
Warwick Animal Hospital,Newport News,VA,23601,CareVet,Compass Group Equity Partners
Banfield Norfolk,Norfolk,VA,23502,Banfield,Mars
Dog & Cat Hospital,Norfolk,VA,23517,Mission Pet Health,Silver Lake and Shore Capital Partners
East Beach Veterinary Care,Norfolk,VA,23518,Mission Pet Health,Silver Lake and Shore Capital Partners
VCA Animal Care Center,Norfolk,VA,23505,VCA,Mars
Banfield Chesterfield,North Chesterfield,VA,23235,Banfield,Mars
Orange Veterinary Clinic,Orange,VA,22960,VetCor,Harvest Partners
Eastern Shore Animal Hospital,Painter,VA,23420,NVA,JAB Holdings
Animal Care Center Pearisburg,Pearisburg,VA,24134,VetEvolve,Varsity Healthcare Partners
Poquoson Veterinary Hospital,Poquoson,VA,23662,NVA,JAB Holdings
Churchland Animal Clinic,Portsmouth,VA,23703,Western Veterinary Partners,Tyree & D'Angelo Partners
VCA Airline Boulevard Animal Hospital,Portsmouth,VA,23707,VCA,Mars
VCA Portsmouth Animal Hospital,Portsmouth,VA,23701,VCA,Mars
Powhatan Animal Hospital,Powhatan,VA,23139,Mission Pet Health,Silver Lake and Shore Capital Partners
Tipton Ridge Veterinary Center,Pulaski,VA,24301,VetEvolve,Varsity Healthcare Partners
Blue Ridge Veterinary Associates,Purcellville,VA,20132,NVA,JAB Holdings
Blue Ridge Veterinary Blood Bank,Purcellville,VA,20132,NVA,JAB Holdings
Loudoun Veterinary Service,Purcellville,VA,20132,Mission Pet Health,Silver Lake and Shore Capital Partners
VCA New Kent Animal Hospital,Quinton,VA,23141,VCA,Mars
Riverside Veterinary Clinic,Radford,VA,24141,Alliance Animal Health,L Catterton and LightBay Capital
Banfield Reston,Reston,VA,20190,Banfield,Mars
Livewell Animal Hospital of Reston (coming soon),Reston,VA,20190,Mission Pet Health,Silver Lake and Shore Capital Partners
Banfield Short Pump,Richmond,VA,23233,Banfield,Mars
Betty Baugh's Animal Clinic,Richmond,VA,23226,Mission Pet Health,Silver Lake and Shore Capital Partners
BluePearl Pet Hospital Richmond,Richmond,VA,23230,BluePearl Pet Hospital,Mars
Bon Air Animal Hospital,Richmond,VA,23235,Innovetive Pet Care,Metalmark Capital
Broad Street Veterinary Hospital,Richmond,VA,23230,PetVet Care Centers,KKR
Bush Veterinary Neurology Service (BVNS) – Richmond - CLOSED,Richmond,VA,23230,Ethos Veterinary Health,JAB Holdings
Countryside Veterinary Clinic,Richmond,VA,23233,NVA,JAB Holdings
Helping Hands Veterinary Surgery and Dentistry of Virginia,Richmond,VA,23220,United Veterinary Care,Nordic Capital
Quioccasin Veterinary Hospital,Richmond,VA,23229,Mission Pet Health,Silver Lake and Shore Capital Partners
Radiocat - Richmond,Richmond,VA,23230,PetVet Care Centers,KKR
Stratford Hills Veterinary Center,Richmond,VA,23225,VetCor,Harvest Partners
The Oncology Service - Richmond,Richmond,VA,23228,United Veterinary Care,Nordic Capital
UrgentVet Carytown,Richmond,VA,23221,American Veterinary Group,Oak Hill Capital
UrgentVet Short Pump,Richmond,VA,23233,American Veterinary Group,Oak Hill Capital
VCA Pets First Animal Hospital,Richmond,VA,23228,VCA,Mars
Virginia Veterinary Centers,Richmond,VA,23221,Ethos Veterinary Health,JAB Holdings
Wellesley Animal Hospital,Richmond,VA,23233,Mission Pet Health,Silver Lake and Shore Capital Partners
Banfield Roanoke N,Roanoke,VA,24012,Banfield,Mars
Big Lick Veterinary Services,Roanoke,VA,24018,VetEvolve,Varsity Healthcare Partners
Emergency Veterinary & Specialty Services of Roanoke,Roanoke,VA,24019,Alliance Animal Health,L Catterton and LightBay Capital
Pet Vet ‚Äì Roanoke,Roanoke,VA,24018,NVA,JAB Holdings
Roanoke Animal Hospital,Roanoke,VA,24014,Alliance Animal Health,L Catterton and LightBay Capital
VCA Valley Animal Hospital,Roanoke,VA,24012,VCA,Mars
Franklin County Animal Hospital,Rocky Mount,VA,24151,VetCor,Harvest Partners
Ruckersville Animal Hospital,Ruckersville,VA,22968,PetVet Care Centers,KKR
Ladysmith Veterinary Hospital,Ruther Glen,VA,22546,NVA,JAB Holdings
Dulles South Veterinary Center,South Riding,VA,20152,Thrive Pet Healthcare,TSG Consumer Partners
Leavells Animal Hospital,Spotsylvania Courthouse,VA,22553,VetCor,Harvest Partners
Spotsylvania Animal Hospital,Spotsylvania Courthouse,VA,22553,VetEvolve,Varsity Healthcare Partners
Animal Dermatology Clinic Springfield,Springfield,VA,22150,Animal Dermatology Clinic,Percheron Capital
Banfield Springfield,Springfield,VA,22150,Banfield,Mars
Bush Veterinary Neurology Service - Springfield,Springfield,VA,22150,Ethos Veterinary Health,JAB Holdings
CVCA Cardiac Care For Pets,Springfield,VA,22150,Mission Pet Health,Silver Lake and Shore Capital Partners
Pet Medical Center of Springfield,Springfield,VA,22153,Community Veterinary Partners,OMERS
Radiocat - Springfield,Springfield,VA,22150,PetVet Care Centers,KKR
Springfield Animal Hospital,Springfield,VA,22150,VetCor,Harvest Partners
The Regional Veterinary Referral Center,Springfield,VA,22150,PetVet Care Centers,KKR
VCA Town Center Animal Hospital,Springfield,VA,22150,VCA,Mars
Banfield Stafford,Stafford,VA,22556,Banfield,Mars
Augusta Valley Animal Hospital,Staunton,VA,24401,NVA,JAB Holdings
Banfield Sterling,Sterling,VA,20164,Banfield,Mars
Banfield Sterling Town Center,Sterling,VA,20164,Banfield,Mars
Countryside Animal Clinic,Sterling,VA,20165,NVA,JAB Holdings
Bennetts Creek Veterinary Care,Suffolk,VA,23435,Mission Pet Health,Silver Lake and Shore Capital Partners
Caring Hands Animal Hospital- Suffolk,Suffolk,VA,23435,Veterinary Practice Partners,Audax Private Equity
North Suffolk Animal Clinic,Suffolk,VA,23435,Western Veterinary Partners,Tyree & D'Angelo Partners
Virginia Equine Imaging,The Plains,VA,20198,NVA,JAB Holdings
VCA Anderson's Corner Animal Hospital,Toano,VA,23168,VCA,Mars
Botetourt Veterinary Hospital,Troutville,VA,24175,NVA,JAB Holdings
Veterinary Emergency Services,Verona,VA,24482,VetEvolve,Varsity Healthcare Partners
Banfield Vienna,Vienna,VA,22180,Banfield,Mars
CVCA Cardiac Care For Pets,Vienna,VA,22180,Mission Pet Health,Silver Lake and Shore Capital Partners
Hope Advanced Veterinary Center,Vienna,VA,22180,PetVet Care Centers,KKR
Veterinary Surgical Centers - Vienna,Vienna,VA,22180,Rarebreed Veterinary Partners,Revelstoke Capital Partners
Vienna Animal Hospital,Vienna,VA,22180,NVA,JAB Holdings
Willow Animal Hospital,Vint Hill,VA,20187,Veterinary Practice Partners,Audax Private Equity
Vinton Veterinary Hospital Specialty Services Center,Vinton,VA,24179,NVA,JAB Holdings
Acredale Animal Hospital - Kempsville,Virginia Beach,VA,23464,Mission Pet Health,Silver Lake and Shore Capital Partners
Acredale Animal Hospital Princess Anne,Virginia Beach,VA,23453,Mission Pet Health,Silver Lake and Shore Capital Partners
Animal Eye Care Associates - Virginia Beach,Virginia Beach,VA,23452,Community Veterinary Partners,OMERS
Banfield Hilltop,Virginia Beach,VA,23454,Banfield,Mars
Banfield Landstown,Virginia Beach,VA,23456,Banfield,Mars
Banfield Pembroke,Virginia Beach,VA,23462,Banfield,Mars
Banfield Virginia Beach CLOSED,Virginia Beach,VA,23452,Banfield,Mars
Banfield Virginia Beach Haygood,Virginia Beach,VA,23455,Banfield,Mars
Banfield Virginia Beach Kings Grant,Virginia Beach,VA,23452,Banfield,Mars
Bay Beach Veterinary Emergency Hospital,Virginia Beach,VA,23456,VetEvolve,Varsity Healthcare Partners
Bay Beach Veterinary Hospital,Virginia Beach,VA,23452,VetEvolve,Varsity Healthcare Partners
BluePearl Pet Hospital Town Center Virginia Beach,Virginia Beach,VA,23452,BluePearl Pet Hospital,Mars
Bostic Veterinary Hospital,Virginia Beach,VA,23462,Veterinary Innovative Partners,Health Enterprise Partners
CityVet - Red Mill Veterinary & Urgent Care,Virginia Beach,VA,23454,CityVet,RiverGlade Capital
CityVet - Virginia Beach,Virginia Beach,VA,23456,CityVet,RiverGlade Capital
Cosmos Corner,Virginia Beach,VA,23452,Destination Pet,L1 Health
Owl Creek Veterinary Hospital,Virginia Beach,VA,23451,NVA,JAB Holdings
Pet Care Veterinary Hospital,Virginia Beach,VA,23462,Encore Vet Group,North Castle Partners
Princess Anne Veterinary Hospital,Virginia Beach,VA,23453,NVA,JAB Holdings
Strawbridge Animal Care,Virginia Beach,VA,23454,NVA,JAB Holdings
Timberlake Veterinary Hospital,Virginia Beach,VA,23452,Rarebreed Veterinary Partners,Revelstoke Capital Partners
Vetco Total Care - Virginia Beach,Virginia Beach,VA,23454,Vetco Total Care,Petco
Animal Care Center,Warrenton,VA,20186,Heart + Paw,Waud Capital Partners
New Baltimore Animal Hospital,Warrenton,VA,20187,NVA,JAB Holdings
Pet House Suites,Warrenton,VA,20186,Heart + Paw,Waud Capital Partners
Piedmont Pets Veterinary Care,Warrenton,VA,20186,Mission Pet Health,Silver Lake and Shore Capital Partners
Animal Hospital of Waynesboro,Waynesboro,VA,22980,EverVet Partners,Freeman Spogli and Tailwind Capital
Woodworth Animal Hospital,Waynesboro,VA,22980,CareVet,Compass Group Equity Partners
Banfield Williamsburg,Williamsburg,VA,23188,Banfield,Mars
Godspeed Animal Care,Williamsburg,VA,23188,PetVet Care Centers,KKR
VCA Merrimac Animal Hospital,Williamsburg,VA,23185,VCA,Mars
Williamsburg Veterinary Clinic,Williamsburg,VA,23185,CareVet,Compass Group Equity Partners
Banfield Winchester,Winchester,VA,22601,Banfield,Mars
Linden Heights Animal Hospital,Winchester,VA,22601,Veterinary Innovative Partners,Health Enterprise Partners
Plaza Pet Clinic,Winchester,VA,22602,Mission Pet Health,Silver Lake and Shore Capital Partners
Valley Veterinary Emergency & Referral Center,Winchester,VA,22602,Ethos Veterinary Health,JAB Holdings
Winchester Animal Hospital,Winchester,VA,22601,NVA,JAB Holdings
Banfield Woodbridge,Woodbridge,VA,22192,Banfield,Mars
Dale City Animal Hospital,Woodbridge,VA,22192,NVA,JAB Holdings
Minnieville Animal Hospital,Woodbridge,VA,22193,Suveto,Levine Leichtman Capital
VCA Woodbridge Animal Hospital,Woodbridge,VA,22192,VCA,Mars
Seven Bends Veterinary Hospital,Woodstock,VA,22664,NVA,JAB Holdings
Animal Emergency Center,Yorktown,VA,23693,Alliance Animal Health,L Catterton and LightBay Capital
Animal Eye Care Associates - Newport News,Yorktown,VA,23693,Community Veterinary Partners,OMERS
Animal Medical Care Center,Yorktown,VA,23693,NVA,JAB Holdings
Magruder-Tabb Animal Clinic,Yorktown,VA,23693,VetEvolve,Varsity Healthcare Partners
Pine Meadow Veterinary Hospital,Yorktown,VA,23693,Rarebreed Veterinary Partners,Revelstoke Capital Partners
Salty Paws Veterinary Hospital,Yorktown,VA,23693,VetCor,Harvest Partners
Mount Anthony Veterinary Hospital,Bennington,VT,05201,VetCor,Harvest Partners
West Mountain Animal Hospital,Bennington,VT,05201,NVA,JAB Holdings
Onion River Animal Hospital,Berlin,VT,05641,Veterinary Practice Partners,Audax Private Equity
VCA Windham Animal Hospital,Brattleboro,VT,05301,VCA,Mars
Bristol Animal Hospital,Bristol,VT,05443,AmeriVet,AEA Investors and Abu Dhabi Investment Authority (ADIA)
Petit Brook Veterinary Clinic,Colchester,VT,05446,Rarebreed Veterinary Partners,Revelstoke Capital Partners
VCA Fitzgerald Animal Hospital,Colchester,VT,05446,VCA,Mars
Essex Veterinary Center,Essex Junction,VT,05452,Blue River PetCare,Partners Group
Mountain View Animal Hospital,Essex Junction,VT,05452,Blue River PetCare,Partners Group
Animal Hospital Of Hinesburg,Hinesburg,VT,05461,AmeriVet,AEA Investors and Abu Dhabi Investment Authority (ADIA)
Milton Veterinary Hospital,Milton,VT,05468,VetCor,Harvest Partners
Sequist Animal Hospital,Morristown,VT,05661,AmeriVet,AEA Investors and Abu Dhabi Investment Authority (ADIA)
Rutland Veterinary Clinic and Surgical Center,Rutland,VT,05701,Encore Vet Group,North Castle Partners
Ark Veterinary Hospital,Shelburne,VT,05482,VetCor,Harvest Partners
Dorset Street Animal Hospital,South Burlington,VT,05403,Veterinary Practice Partners,Audax Private Equity
Orchard Veterinary Hospital,South Burlington,VT,05403,VetCor,Harvest Partners
VCA Brown Animal Hospital,South Burlington,VT,05403,VCA,Mars
Springfield Animal Hospital,Springfield,VT,05156,VetCor,Harvest Partners
Tanneberger Veterinary Hospital,St Albans City,VT,05478,VetCor,Harvest Partners
Kingdom Animal Hospital,St. Johnsbury,VT,05819,AmeriVet,AEA Investors and Abu Dhabi Investment Authority (ADIA)
Waterbury Veterinary Hospital,Waterbury Center,VT,05677,NVA,JAB Holdings
Norwich Regional Animal Hospital,White River Junction,VT,05001,VetCor,Harvest Partners
Veremedy Pet Hospital,White River Junction,VT,05001,VetCor,Harvest Partners
Burlington Emergency and Veterinary Specialists,Williston,VT,05495,Rarebreed Veterinary Partners,Revelstoke Capital Partners
Long Trail Veterinary Center,Williston,VT,05495,VetCor,Harvest Partners
Peak Veterinary Referral Center,Williston,VT,05495,Ethos Veterinary Health,JAB Holdings
River Cove Animal Hospital,Williston,VT,05495,Blue River PetCare,Partners Group
Veremedy Pet Hospital,Woodstock,VT,05091,VetCor,Harvest Partners
Advanced Care Animal Clinic,Arlington,WA,98223,PetVet Care Centers,KKR
Auburn South Veterinary Hospital,Auburn,WA,98002,Blue River PetCare,Partners Group
VCA Battle Ground Animal Hospital,Battle Ground,WA,98604,VCA,Mars
Belltowne Veterinary Center,Belfair,WA,98528,VetCor,Harvest Partners
Aerowood Animal Hospital,Bellevue,WA,98007,PetVet Care Centers,KKR
Animal Hospital of Newport Hills,Bellevue,WA,98006,NVA,JAB Holdings
Banfield Bellevue Overlake,Bellevue,WA,98007,Banfield,Mars
Bellevue Veterinary Emergency & Specialty,Bellevue,WA,98005,Lakefield Veterinary Group,Desmarais family and Peloton Capital Management
Cat Care Clinic,Bellevue,WA,98004,AmeriVet,AEA Investors and Abu Dhabi Investment Authority (ADIA)
VCA Bellevue Veterinary Hospital,Bellevue,WA,98005,VCA,Mars
Banfield Bellingham,Bellingham,WA,98226,Banfield,Mars
Chuckanut Feline Center,Bellingham,WA,98225,PetVet Care Centers,KKR
Maplewood Animal Hospital,Bellingham,WA,98225,NVA,JAB Holdings
Mountain Veterinary Hospital,Bellingham,WA,98226,Western Veterinary Partners,Tyree & D'Angelo Partners
Northwest Equine Veterinary Associates,Black Diamond,WA,98010,NVA,JAB Holdings
BoosterPet Veterinary Care & Urgent Care in Bonney Lake,Bonney Lake,WA,98391,BoosterPet,Privately held multi-location veterinary company
Lake Tapps Veterinary Hospital,Bonney Lake,WA,98391,WellHaven Pet Health,Capricorn Healthcare
Banfield Bothell,Bothell,WA,98021,Banfield,Mars
Canyon Park Veterinary Hospital,Bothell,WA,98021,CareVet,Compass Group Equity Partners
Center for Bird and Exotic Animal Medicine,Bothell,WA,98011,NVA,JAB Holdings
Doggy Haven Resort,Bothell,WA,98012,Destination Pet,L1 Health
Livewell Animal Urgent Care of Bothell,Bothell,WA,98011,Mission Pet Health,Silver Lake and Shore Capital Partners
North Creek Pet Hospital,Bothell,WA,98012,NVA,JAB Holdings
Petcare Hospital & Wellness Center,Bothell,WA,98012,Thrive Pet Healthcare,TSG Consumer Partners
Buckley Veterinary Hospital,Buckley,WA,98321,WellHaven Pet Health,Capricorn Healthcare
Normandy Animal Hospital,Burien,WA,98148,WellHaven Pet Health,Capricorn Healthcare
VCA Five Corners Animal Hospital,Burien,WA,98148,VCA,Mars
Banfield Burlington,Burlington,WA,98233,Banfield,Mars
Chuckanut Valley Veterinary Clinic,Burlington,WA,98233,PetVet Care Centers,KKR
Cascade West Veterinary Hospital,Centralia,WA,98531,Thrive Pet Healthcare,TSG Consumer Partners
Chewelah Veterinary Clinic,Chewelah,WA,99109,Western Veterinary Partners,Tyree & D'Angelo Partners
VCA Covington Animal Hospital,Covington,WA,98042,VCA,Mars
Banfield Des Moines,Des Moines,WA,98198,Banfield,Mars
Des Moines Veterinary Hospital,Des Moines,WA,98198,PetVet Care Centers,KKR
Saltwater Animal Hospital,Des Moines,WA,98198,Mission Pet Health,Silver Lake and Shore Capital Partners
Marine View Veterinary Hospital,DesMoines,WA,98198,NVA,JAB Holdings
DuPont Veterinary Center,DuPont,WA,98327,VetCor,Harvest Partners
Cherry Valley Veterinary Hospital,Duvall,WA,98019,Western Veterinary Partners,Tyree & D'Angelo Partners
Edmonds-Westgate Veterinary Hospital,Edmonds,WA,98020,Western Veterinary Partners,Tyree & D'Angelo Partners
Perrinville Animal Hospital,Edmonds,WA,98026,VetCor,Harvest Partners
Banfield Everett,Everett,WA,98208,Banfield,Mars
Broadway Animal Hospital,Everett,WA,98201,PetVet Care Centers,KKR
Diamond Veterinary Hospital,Everett,WA,98201,NVA,JAB Holdings
Northwest Animal Hospital Care,Everett,WA,98208,Thrive Pet Healthcare,TSG Consumer Partners
VCA Silver Lake Animal Hospital,Everett,WA,98208,VCA,Mars
Banfield Federal Way,Federal Way,WA,98003,Banfield,Mars
BoosterPet Veterinary & Urgent Care Federal Way,Federal Way,WA,98023,BoosterPet,Privately held multi-location veterinary company
Sacajawea Veterinary Hospital,Federal Way,WA,98023,NVA,JAB Holdings
VEG Federal Way,Federal Way,WA,98003,VEG (Veterinary Emergency Group),D1 Capital & Fidelity
Whatcom Veterinary Hospital,Ferndale,WA,98248,AmeriVet,AEA Investors and Abu Dhabi Investment Authority (ADIA)
Evergreen Animal Hospital,Gig Harbor,WA,98335,NVA,JAB Holdings
Harbor Animal Hospital,Gig Harbor,WA,98332,NVA,JAB Holdings
Minter Veterinary Hospital,Gig Harbor,WA,98329,BoosterPet,Privately held multi-location veterinary company
PetZen Animal Wellness Center,Gig Harbor,WA,98335,NVA,JAB Holdings
Puget Sound Veterinary Specialty & Emergency,Gig Harbor,WA,98335,Lakefield Veterinary Group,Desmarais family and Peloton Capital Management
Purdy Veterinary Hospital,Gig Harbor,WA,98332,VetCor,Harvest Partners
Uptown Animal Hospital,Gig Harbor,WA,98335,Lakefield Veterinary Group,Desmarais family and Peloton Capital Management
All Creatures Animal Hospital,Graham,WA,98338,Lakefield Veterinary Group,Desmarais family and Peloton Capital Management
Raintree Veterinary Center,Hoquiam,WA,98550,PetVet Care Centers,KKR
Alpine Animal Hospital,Issaquah,WA,98027,Thrive Pet Healthcare,TSG Consumer Partners
Banfield Issaquah,Issaquah,WA,98027,Banfield,Mars
Cobblestone Animal Hospital,Issaquah,WA,98027,VetCor,Harvest Partners
Meadows Cat Hospital,Issaquah,WA,98027,VetCor,Harvest Partners
Riverside Animal Hospital,Kelso,WA,98626,VetCor,Harvest Partners
Kenmore Veterinary Hospital,Kenmore,WA,98028,Lakefield Veterinary Group,Desmarais family and Peloton Capital Management
Banfield Kennewick,Kennewick,WA,99336,Banfield,Mars
Horse Heaven Hills Pet Urgent Care & Veterinary Center,Kennewick,WA,99336,Veterinary Practice Partners,Audax Private Equity
The Fix Machine Animal Health Clinic,Kennewick,WA,99336,VetCor,Harvest Partners
VCA Meadow Hills Animal Hospital,Kennewick,WA,99336,VCA,Mars
VCA Southridge Animal Hospital,Kennewick,WA,99338,VCA,Mars
VCA Vineyard Animal Hospital,Kennewick,WA,99336,VCA,Mars
Clover Veterinary Hospital,Kent,WA,98031,PetVet Care Centers,KKR
Lake Meridian Animal Hospital,Kent,WA,98030,NVA,JAB Holdings
McMonigal Veterinary Hospital,Kent,WA,98032,Blue River PetCare,Partners Group
Reber Ranch Veterinary Hospital,Kent,WA,98042,Mission Pet Health,Silver Lake and Shore Capital Partners
Apple Tree Cove Animal Hospital,Kingston,WA,98346,NVA,JAB Holdings
BluePearl Pet Hospital Kirkland,Kirkland,WA,98034,BluePearl Pet Hospital,Mars
BoosterPet Veterinary & Urgent Care Kirkland,Kirkland,WA,98034,BoosterPet,Privately held multi-location veterinary company
Evergreen Veterinary Hospital,Kirkland,WA,98034,VetCor,Harvest Partners
Juanita Bay Veterinary Hospital,Kirkland,WA,98033,Lakefield Veterinary Group,Desmarais family and Peloton Capital Management
Livewell Animal Hospital of Kirkland,Kirkland,WA,98033,Mission Pet Health,Silver Lake and Shore Capital Partners
VCA Rose Hill Animal Hospital,Kirkland,WA,98033,VCA,Mars
Banfield Lacey,Lacey,WA,98503,Banfield,Mars
Banfield Pet Hospital - Pacific,Lacey,WA,98503,Banfield,Mars
Companion Veterinary Hospital,Lacey,WA,98503,Western Veterinary Partners,Tyree & D'Angelo Partners
Hawks Prairie Veterinary Hospital,Lacey,WA,98516,VetCor,Harvest Partners
Mountain View Veterinary Hospital,Lacey,WA,98513,Lakefield Veterinary Group,Desmarais family and Peloton Capital Management
Olympia Pet Emergency,Lacey,WA,98503,PetVet Care Centers,KKR
Pinehurst Veterinary Hospital and Surgical Center,Lacey,WA,98503,Mission Pet Health,Silver Lake and Shore Capital Partners
VCA Lacey Animal Hospital,Lacey,WA,98503,VCA,Mars
Frontier Village Veterinary Clinic,Lake Stevens,WA,98258,NVA,JAB Holdings
Lake Stevens Animal Hospital,Lake Stevens,WA,98258,BoosterPet,Privately held multi-location veterinary company
Banfield Lakewood,Lakewood,WA,98499,Banfield,Mars
BluePearl Pet Hospital Tacoma Lakewood,Lakewood,WA,98499,BluePearl Pet Hospital,Mars
Chambers Creek Veterinary Hospital,Lakewood,WA,98499,NVA,JAB Holdings
The Pet Doctor,Lakewood,WA,98499,VetCor,Harvest Partners
Dermatology for Animals - Liberty Lake,Liberty Lake,WA,99019,Thrive Pet Healthcare,TSG Consumer Partners
Legacy Animal Medical Center,Liberty Lake,WA,99019,PetVet Care Centers,KKR
Liberty Lake Veterinary Center,Liberty Lake,WA,99019,VetCor,Harvest Partners
Lower Columbia Veterinary Hospital,Longview,WA,98632,Western Veterinary Partners,Tyree & D'Angelo Partners
VCA Ocean Beach Animal Hospital,Longview,WA,98632,VCA,Mars
Animal Dermatology Clinic Lynnwood,Lynnwood,WA,98037,Animal Dermatology Clinic,Percheron Capital
Banfield Lynnwood,Lynnwood,WA,98036,Banfield,Mars
Helping Hands Veterinary Clinic,Lynnwood,WA,98037,VetCor,Harvest Partners
Northpointe Animal Hospital,Lynnwood,WA,98087,NVA,JAB Holdings
VCA Alderwood Companion Animal Hospital,Lynnwood,WA,98036,VCA,Mars
VCA Meadowdale Animal Hospital,Lynnwood,WA,98037,VCA,Mars
VEG Lynnwood,Lynnwood,WA,98036,VEG (Veterinary Emergency Group),D1 Capital & Fidelity
Veterinary Specialty Center of Seattle,Lynnwood,WA,98036,Thrive Pet Healthcare,TSG Consumer Partners
Wilderness Animal Hospital,Maple Valley,WA,98038,Lakefield Veterinary Group,Desmarais family and Peloton Capital Management
VCA Animal Medical Center,Marysville,WA,98270,VCA,Mars
Mt Spokane Veterinary Hospital,Mead,WA,99021,VetCor,Harvest Partners
VCA Peone Pines Animal Hospital,Mead,WA,99021,VCA,Mars
Medical Lake Veterinary Hospital,Medical Lake,WA,99022,Mission Pet Health,Silver Lake and Shore Capital Partners
Island Animal Hospital and Urgent Care Services,Mercer Island,WA,98040,Cara Veterinary,"Family investment groups, including the Haughey family"
Island Cats Veterinary Hospital,Mercer Island,WA,98040,Western Veterinary Partners,Tyree & D'Angelo Partners
Banfield Mill Creek,Mill Creek,WA,98012,Banfield,Mars
Edgewood Veterinary Clinic,Milton,WA,98354,VetCor,Harvest Partners
Cascade Animal Clinic,Monroe,WA,98272,NVA,JAB Holdings
Evergreen Equine Veterinary Practice,Monroe,WA,98272,NVA,JAB Holdings
Brady Veterinary Hospital,Montesano,WA,98563,NVA,JAB Holdings
Grays Harbor Veterinary Service,Montesano,WA,98563,Western Veterinary Partners,Tyree & D'Angelo Partners
College Way Animal Hospital,Mount Vernon,WA,98273,Thrive Pet Healthcare,TSG Consumer Partners
Northwest Veterinary Clinic of Mount Vernon,Mount Vernon,WA,98273,PetVet Care Centers,KKR
Parker Way Veterinary Clinic,Mount Vernon,WA,98273,VetCor,Harvest Partners
Brier Veterinary Hospital,Mountlake Terrace,WA,98043,Western Veterinary Partners,Tyree & D'Angelo Partners
Compassion 4 Paws,Mountlake Terrace,WA,98043,Blue River PetCare,Partners Group
Mukilteo Veterinary Hospital,Mukilteo,WA,98275,Western Veterinary Partners,Tyree & D'Angelo Partners
Banfield Coal Creek,Newcastle,WA,98059,Banfield,Mars
McKinlay & Peters Equine Hospital,Newman Lake,WA,99025,NVA,JAB Holdings
Banfield Olympia,Olympia,WA,98502,Banfield,Mars
BluePearl Pet Hospital Olympia,Olympia,WA,98502,BluePearl Pet Hospital,Mars
Chambers Prairie Animal Hospital,Olympia,WA,98501,VetCor,Harvest Partners
Evergreen Veterinary Hospital,Olympia,WA,98502,VetCor,Harvest Partners
Healthy Pets Animal Hospital,Olympia,WA,98506,VetCor,Harvest Partners
Oly Cats Veterinary Hospital,Olympia,WA,98506,VetCor,Harvest Partners
South Bay Veterinary Hospital,Olympia,WA,98506,VetCor,Harvest Partners
Steamboat Animal Hospital,Olympia,WA,98502,VetCor,Harvest Partners
VCA Tanglewilde Animal Hospital,Olympia,WA,98516,VCA,Mars
Orting Animal Hospital,Orting,WA,98360,Mission Pet Health,Silver Lake and Shore Capital Partners
VCA Ponti Animal Hospital,Otis Orchards,WA,99027,VCA,Mars
Mid Columbia Pet Emergency Service,Pasco,WA,99301,Ethos Veterinary Health,JAB Holdings
Pet Medical Center of Pasco,Pasco,WA,99301,VetCor,Harvest Partners
Angeles Clinic for Animals,Port Angeles,WA,98362,NVA,JAB Holdings
Olympic Veterinary Clinic,Port Angeles,WA,98362,CareVet,Compass Group Equity Partners
Hadlock Veterinary Clinic,Port Hadlock,WA,98339,Blue River PetCare,Partners Group
Chimacum Valley Veterinary Hospital,Port Hadlock-Irondale,WA,98339,Suveto,Levine Leichtman Capital
Cedar Creek Animal Clinic,Port Orchard,WA,98366,Thrive Pet Healthcare,TSG Consumer Partners
Kitsap Veterinary Hospital,Port Orchard,WA,98366,NVA,JAB Holdings
PawDoc Urgent Care,Port Orchard,WA,98366,Lakefield Veterinary Group,Desmarais family and Peloton Capital Management
Woodside Animal Hospital,Port Orchard,WA,98366,VetCor,Harvest Partners
Pet Townsend Veterinary Clinic,Port Townsend,WA,98368,Suveto,Levine Leichtman Capital
Animal Emergency & Specialty Center – Poulsbo,Poulsbo,WA,98370,Ethos Veterinary Health,JAB Holdings
Poulsbo Animal Clinic,Poulsbo,WA,98370,Western Veterinary Partners,Tyree & D'Angelo Partners
Poulsbo Marina Veterinary Clinic,Poulsbo,WA,98370,NVA,JAB Holdings
Sound Equine Veterinary Hospital,Poulsbo,WA,98370,PetVet Care Centers,KKR
Banfield Pet Hospital - Puyallup Willows Pond,Puyallup,WA,98374,Banfield,Mars
Banfield Puyallup S,Puyallup,WA,98373,Banfield,Mars
BoosterPet Veterinary & Urgent Care Puyallup/South Hill,Puyallup,WA,98375,BoosterPet,Privately held multi-location veterinary company
Canyon Road Veterinary Hospital,Puyallup,WA,98375,VetCor,Harvest Partners
River Road Animal Hospital,Puyallup,WA,98371,Blue River PetCare,Partners Group
Brookfield Veterinary Hospital,Redmond,WA,98052,NVA,JAB Holdings
Redmond-Fall City Animal Hospital,Redmond,WA,98053,Thrive Pet Healthcare,TSG Consumer Partners
Redmond-Kirkland Animal Hospital,Redmond,WA,98052,Thrive Pet Healthcare,TSG Consumer Partners
VCA Redmond Animal Hospital,Redmond,WA,98052,VCA,Mars
VCA Redwood Animal Hospital,Redmond,WA,98052,VCA,Mars
VEG Redmond,Redmond,WA,98052,VEG (Veterinary Emergency Group),D1 Capital & Fidelity
Banfield Renton,Renton,WA,98057,Banfield,Mars
Cedar River Animal Hospital,Renton,WA,98059,VetCor,Harvest Partners
Pacific Heights Veterinary Hospital,Renton,WA,98056,VetCor,Harvest Partners
Renton Highlands Pet Clinic,Renton,WA,98056,NVA,JAB Holdings
Renton Veterinary Hospital,Renton,WA,98057,AmeriVet,AEA Investors and Abu Dhabi Investment Authority (ADIA)
Richland Animal Hospital,Richland,WA,99354,Western Veterinary Partners,Tyree & D'Angelo Partners
VCA Animal Medical Center,Richland,WA,99354,VCA,Mars
Keepers Animal Clinic,Rochester,WA,98579,VetCor,Harvest Partners
VCA Pine Lake Animal Hospital,Sammamish,WA,98075,VCA,Mars
Aurora Veterinary Hospital,Seattle,WA,98103,PetVet Care Centers,KKR
Banfield Aurora,Seattle,WA,98133,Banfield,Mars
Banfield Ballard,Seattle,WA,98107,Banfield,Mars
Banfield Capitol Hill,Seattle,WA,98122,Banfield,Mars
Banfield Carkeek Park CLOSED,Seattle,WA,98117,Banfield,Mars
Banfield Queen Anne,Seattle,WA,98109,Banfield,Mars
BluePearl Pet Hospital Downtown Seattle CLOSED,Seattle,WA,98104,BluePearl Pet Hospital,Mars
Broadway Veterinary Hospital,Seattle,WA,98122,WellHaven Pet Health,Capricorn Healthcare
Cat Clinic of Seattle,Seattle,WA,98103,PetVet Care Centers,KKR
Columbia City Veterinary Hospital,Seattle,WA,98118,VetCor,Harvest Partners
Emerald City Emergency Clinic,Seattle,WA,98103,Lakefield Veterinary Group,Desmarais family and Peloton Capital Management
Lien Animal Clinic,Seattle,WA,98126,Thrive Pet Healthcare,TSG Consumer Partners
Madison Park Veterinary Hospital,Seattle,WA,98112,PetVet Care Centers,KKR
Maple Leaf Veterinary Care Center,Seattle,WA,98115,VetCor,Harvest Partners
Northeast Veterinary Hospital,Seattle,WA,98115,Mission Pet Health,Silver Lake and Shore Capital Partners
Northgate Veterinary Clinic,Seattle,WA,98125,PetVet Care Centers,KKR
Seatown Veterinary Care,Seattle,WA,98103,Mission Pet Health,Silver Lake and Shore Capital Partners
Sunset Hill Veterinary & Rehabilitation Center,Seattle,WA,98117,CareVet,Compass Group Equity Partners
VCA Crown Hill Animal Hospital,Seattle,WA,98117,VCA,Mars
VCA Magnolia Animal Hospital,Seattle,WA,98199,VCA,Mars
VCA West Seattle Veterinary Hospital,Seattle,WA,98136,VCA,Mars
VEG Seattle,Seattle,WA,98119,VEG (Veterinary Emergency Group),D1 Capital & Fidelity
Vetco Total Care - Seattle,Seattle,WA,98119,Vetco Total Care,Petco
Vision Pet Imaging & Illumipet,Seattle,WA,98107,Thrive Pet Healthcare,TSG Consumer Partners
West Seattle Animal Hospital,Seattle,WA,98116,VetCor,Harvest Partners
Greywolf Veterinary Hospital,Sequim,WA,98382,NVA,JAB Holdings
Animal Medical Center of Seattle,Shoreline,WA,98155,Ethos Veterinary Health,JAB Holdings
Cascade Pet Hospital,Shoreline,WA,98133,VetCor,Harvest Partners
Cats Exclusive Veterinary Center,Shoreline,WA,98133,Blue River PetCare,Partners Group
Shoreline Central Animal Hospital,Shoreline,WA,98133,NVA,JAB Holdings
Shoreline Veterinary Hospital,Shoreline,WA,98155,Western Veterinary Partners,Tyree & D'Angelo Partners
Banfield Silverdale,Silverdale,WA,98383,Banfield,Mars
Ridgetop Animal Hospital,Silverdale,WA,98383,NVA,JAB Holdings
VCA Central Kitsap Animal Hospital,Silverdale,WA,98383,VCA,Mars
VCA Olympic Animal Hospital,Silverdale,WA,98383,VCA,Mars
Mountain View Animal Hospital,Snohomish,WA,98290,AmeriVet,AEA Investors and Abu Dhabi Investment Authority (ADIA)
Pilchuck Veterinary Hospital - Equine,Snohomish,WA,98290,Thrive Pet Healthcare,TSG Consumer Partners
Pilchuck Veterinary Hospital - Small Animal,Snohomish,WA,98290,Thrive Pet Healthcare,TSG Consumer Partners
Snohomish Station Animal Hospital,Snohomish,WA,98290,VetCor,Harvest Partners
VCA Snohomish Animal Hospital,Snohomish,WA,98290,VCA,Mars
Spanaway Veterinary Clinic,Spanaway,WA,98387,NVA,JAB Holdings
Tahoma Veterinary Hospital,Spanaway,WA,98387,NVA,JAB Holdings
Animal Eye Clinic of Spokane,Spokane,WA,99202,Mission Pet Health,Silver Lake and Shore Capital Partners
Banfield Spokane,Spokane,WA,99218,Banfield,Mars
Garland Animal Clinic,Spokane,WA,99205,NVA,JAB Holdings
Indian Trail Animal Hospital,Spokane,WA,99208,Lakefield Veterinary Group,Desmarais family and Peloton Capital Management
Inland Empire Veterinary Imaging,Spokane,WA,99202,Ethos Veterinary Health,JAB Holdings
Regal Veterinary Center,Spokane,WA,99223,VetCor,Harvest Partners
SouthCare Animal Medical Center,Spokane,WA,99223,NVA,JAB Holdings
VCA Manito Animal Hospital,Spokane,WA,99223,VCA,Mars
VCA North Division Animal Medical Center,Spokane,WA,99218,VCA,Mars
Pet Vet Hospital and Wellness Center,Spokane Valley,WA,99037,Western Veterinary Partners,Tyree & D'Angelo Partners
Northwest Veterinary Clinic of Stanwood,Stanwood,WA,98292,PetVet Care Centers,KKR
Sumner Veterinary Hospital,Sumner,WA,98390,NVA,JAB Holdings
CYON Livestock Solutions,Sunnyside,WA,98944,Heritage Vet Partners,Undisclosed financial sponsor
Commencement Bay Animal Hospital,Tacoma,WA,98406,VetCor,Harvest Partners
Feline Hyperthyroid Treatment Center,Tacoma,WA,98408,Blue River PetCare,Partners Group
Metropolitan Veterinary Hospital,Tacoma,WA,98402,VetCor,Harvest Partners
North End Pet Hospital,Tacoma,WA,98406,NVA,JAB Holdings
Soundview Veterinary Hospital,Tacoma,WA,98407,VetCor,Harvest Partners
Summit Veterinary Referral Center,Tacoma,WA,98409,Ethos Veterinary Health,JAB Holdings
Tacoma Animal Hospital,Tacoma,WA,98409,NVA,JAB Holdings
Tacoma Equine Hospital,Tacoma,WA,98446,NVA,JAB Holdings
VCA Pacific Avenue Animal Hospital,Tacoma,WA,98444,VCA,Mars
VCA Parkway Animal Hospital,Tacoma,WA,98444,VCA,Mars
Banfield Tukwila,Tukwila,WA,98188,Banfield,Mars
BluePearl Pet Hospital Renton,Tukwila,WA,98188,BluePearl Pet Hospital,Mars
Deschutes Animal Clinic,Tumwater,WA,98501,WellHaven Pet Health,Capricorn Healthcare
Tumwater Veterinary Hospital,Tumwater,WA,98512,PetVet Care Centers,KKR
University Place Veterinary Hospital,University Place,WA,98466,VetCor,Harvest Partners
Animal Dermatology Clinic Vancouver,Vancouver,WA,98665,Animal Dermatology Clinic,Percheron Capital
Banfield Hazel Dell,Vancouver,WA,98665,Banfield,Mars
Banfield Orchards,Vancouver,WA,98682,Banfield,Mars
Banfield Salmon Creek,Vancouver,WA,98686,Banfield,Mars
Banfield Vancouver E (WA),Vancouver,WA,98683,Banfield,Mars
Banfield Vancouver Mill Plain,Vancouver,WA,98684,Banfield,Mars
Columbia River Veterinary Specialists,Vancouver,WA,98665,PetVet Care Centers,KKR
Crestwood Court Veterinary Clinic,Vancouver,WA,98684,Thrive Pet Healthcare,TSG Consumer Partners
Dogwood Veterinary Dental,Vancouver,WA,98683,Companion Pet Partners,Cortec Group
East Padden Animal Hospital,Vancouver,WA,98682,Mission Pet Health,Silver Lake and Shore Capital Partners
Livewell Animal Hospital of Salmon Creek (coming soon),Vancouver,WA,98685,Mission Pet Health,Silver Lake and Shore Capital Partners
Livewell Animal Hospital of Vancouver (coming soon),Vancouver,WA,98683,Mission Pet Health,Silver Lake and Shore Capital Partners
MedVet Vancouver,Vancouver,WA,98661,MedVet,Minority stake by Leonard Green & Partners
Mountain View Veterinary Hospital,Vancouver,WA,98685,PetVet Care Centers,KKR
Orchards Veterinary Clinic,Vancouver,WA,98662,Western Veterinary Partners,Tyree & D'Angelo Partners
Pacific Northwest Pet ER & Specialty Center,Vancouver,WA,98683,Ethos Veterinary Health,JAB Holdings
St. Francis Animal Hospital,Vancouver,WA,98682,NVA,JAB Holdings
Three Creeks Veterinary Clinic,Vancouver,WA,98685,Thrive Pet Healthcare,TSG Consumer Partners
VCA East Mill Plain Animal Hospital,Vancouver,WA,98684,VCA,Mars
Vetco Total Care - Vancouver,Vancouver,WA,98684,Vetco Total Care,Petco
Vetco Total Care - Vancouver,Vancouver,WA,98683,Vetco Total Care,Petco
WellHaven Pet Health Hazel Dell,Vancouver,WA,98665,WellHaven Pet Health,Capricorn Healthcare
WellHaven Pet Health Mill Plain,Vancouver,WA,98683,WellHaven Pet Health,Capricorn Healthcare
Wet Noses & Wagging Tails,Vancouver,WA,98682,Destination Pet,L1 Health
Animal Clinic East,Walla Walla,WA,99362,Western Veterinary Partners,Tyree & D'Angelo Partners
Animal Clinic East Grooming,Walla Walla,WA,99362,Western Veterinary Partners,Tyree & D'Angelo Partners
Mill Creek Veterinary Hospital,Walla Walla,WA,99362,Western Veterinary Partners,Tyree & D'Angelo Partners
Countryside Veterinary Clinic,Wenatchee,WA,98801,Blue River PetCare,Partners Group
Paws Claw and Hooves Vet Hospital,West Richland,WA,99353,Western Veterinary Partners,Tyree & D'Angelo Partners
Banfield Woodinville,Woodinville,WA,98072,Banfield,Mars
Hollywood Hill Animal Hospital,Woodinville,WA,98072,Blue River PetCare,Partners Group
VCA Sno-Wood Animal Hospital,Woodinville,WA,98072,VCA,Mars
Woodinville Animal Hospital,Woodinville,WA,98072,Western Veterinary Partners,Tyree & D'Angelo Partners
Woodinville Veterinary Hospital & Urgent Care Services,Woodinville,WA,98072,Cara Veterinary,"Family investment groups, including the Haughey family"
Animal Medical Service,Yakima,WA,98902,Western Veterinary Partners,Tyree & D'Angelo Partners
Terrace Heights Family Pet Clinic,Yakima,WA,98901,Western Veterinary Partners,Tyree & D'Angelo Partners
Tieton Drive Animal Clinic,Yakima,WA,98902,NVA,JAB Holdings
Yelm Veterinary Hospital,Yelm,WA,98597,WellHaven Pet Health,Capricorn Healthcare
BluePearl Pet Hospital Fox Valley Appleton,Appleton,WI,54914,BluePearl Pet Hospital,Mars
CountrySide Veterinary Services,Appleton,WI,54913,Mission Pet Health,Silver Lake and Shore Capital Partners
North Heights Veterinary Clinic,Appleton,WI,54914,Blue River PetCare,Partners Group
Hill-Dale Veterinary Care,Baraboo,WI,53913,VetCor,Harvest Partners
United Veterinary Services,Bear Creek,WI,54922,Heritage Vet Partners,Undisclosed financial sponsor
VEG ER for Pets,Bellevue,WI,54311,VEG (Veterinary Emergency Group),D1 Capital & Fidelity
Badger Veterinary Hospital,Beloit,WI,53511,PetVet Care Centers,KKR
"The Veterinary Clinics, Berlin",Berlin,WI,54923,VetCor,Harvest Partners
Northwoods Veterinary Service,Birnamwood,WI,54414,Heritage Vet Partners,Undisclosed financial sponsor
Brookfield Animal Hospital,Brookfield,WI,53045,Veterinarian Partners,Tyree & D'Angelo Partners
Burleigh Road Animal Hospital,Brookfield,WI,53005,Blue River PetCare,Partners Group
Eye Care for Animals - Pewaukee,Brookfield,WI,53072,Thrive Pet Healthcare,TSG Consumer Partners
Great Lakes Veterinary Dermatology,Brookfield,WI,53045,Animal Outpatient Specialty Network (AOSN),Percheron Capital
VEG Brookfield,Brookfield,WI,53005,VEG (Veterinary Emergency Group),D1 Capital & Fidelity
Badger Veterinary Hospital,Cambridge,WI,53523,PetVet Care Centers,KKR
Cedarburg Veterinary Clinic,Cedarburg,WI,53012,VetCor,Harvest Partners
We Care Animal Hospital,Clintonville,WI,54929,VetCor,Harvest Partners
Columbus Countryside Veterinary Clinic,Columbus,WI,53925,Mission Pet Health,Silver Lake and Shore Capital Partners
Deer-Grove Veterinary Clinic,Cottage Grove,WI,53527,Lakefield Veterinary Group,Desmarais family and Peloton Capital Management
Northern Lakes Veterinary Clinic,Cumberland,WI,54829,CareVet,Compass Group Equity Partners
Lodi Veterinary Care – Deforest,DeForest,WI,53532,AmeriVet,AEA Investors and Abu Dhabi Investment Authority (ADIA)
Delavan Animal Clinic,Delavan,WI,53115,Blue River PetCare,Partners Group
Delavan Lakes Veterinary Clinic,Delavan,WI,53115,CareVet,Compass Group Equity Partners
Dodgeville Veterinary Service,Dodgeville,WI,53533,Heartland Veterinary Partners,Gryphon Investors
Northwoods Animal Hospital - Eagle River,Eagle River,WI,54521,Heartland Veterinary Partners,Gryphon Investors
Eau Claire Animal Hospital,Eau Claire,WI,54701,Lakefield Veterinary Group,Desmarais family and Peloton Capital Management
St. Anna Veterinary Clinic,Elkhart Lake,WI,53020,Heritage Vet Partners,Undisclosed financial sponsor
Elkhorn Veterinary Clinic,Elkhorn,WI,53121,VetCor,Harvest Partners
Midwest Veterinary Dental Services,Elkhorn,WI,53121,Thrive Pet Healthcare,TSG Consumer Partners
Fitchburg Veterinary Hospital,Fitchburg,WI,53719,Encore Vet Group,North Castle Partners
Odyssey Veterinary Care,Fitchburg,WI,53711,Mission Pet Health,Silver Lake and Shore Capital Partners
Waggin' Tails Doggie Dude Ranch & Pet Lodge,Fitchburg,WI,53719,Encore Vet Group,North Castle Partners
Companion Animal Care,Fond Du Lac,WI,54935,VetCor,Harvest Partners
Park Pet Hospital,Fox Point,WI,53217,Blue River PetCare,Partners Group
Germantown Animal Hospital,Germantown,WI,53022,VetCor,Harvest Partners
BluePearl Pet Hospital,Glendale,WI,53209,BluePearl Pet Hospital,Mars
PetCure Oncology at Blue Pearl Pet Hospital Glendale,Glendale,WI,53209,Thrive Pet Healthcare,TSG Consumer Partners
Silver Spring Animal Wellness Center,Glendale,WI,53217,VetCor,Harvest Partners
UrgentVet North Shore,Glendale,WI,53217,American Veterinary Group,Oak Hill Capital
Glenwood City Veterinary Clinic,Glenwood City,WI,54013,Heartland Veterinary Partners,Gryphon Investors
Best Friends Veterinary Center - WI,Grafton,WI,53024,Western Veterinary Partners,Tyree & D'Angelo Partners
WVRC – Grafton CLOSED,Grafton,WI,53024,Ethos Veterinary Health,JAB Holdings
Grantsburg Animal Hospital,Grantsburg,WI,54840,Heartland Veterinary Partners,Gryphon Investors
Animal Hospital of Ashwaubenon,Green Bay,WI,54304,CareVet,Compass Group Equity Partners
Animal Hospital of Howard,Green Bay,WI,54313,VetCor,Harvest Partners
BluePearl Pet Hospital Green Bay CLOSED,Green Bay,WI,54311,BluePearl Pet Hospital,Mars
Golrusk Pet Care Center,Green Bay,WI,54311,Destination Pet,L1 Health
Parkside Animal Care Center,Green Bay,WI,54303,VetCor,Harvest Partners
Riverside Animal Hospital,Green Bay,WI,54301,VetCor,Harvest Partners
The Animal House - Pet Clinic,Green Bay,WI,54311,Mission Pet Health,Silver Lake and Shore Capital Partners
The Animal House Groom and Board,Green Bay,WI,54311,Mission Pet Health,Silver Lake and Shore Capital Partners
Vetco Total Care - Green Bay,Green Bay,WI,54303,Vetco Total Care,Petco
Advanced Animal Hospital,Greenfield,WI,53221,Mission Pet Health,Silver Lake and Shore Capital Partners
Banfield Greenfield CLOSED,Greenfield,WI,53220,Banfield,Mars
Crawford Animal Hospital,Greenfield,WI,53228,Mission Pet Health,Silver Lake and Shore Capital Partners
ShotVet at PetSmart - Greenfield,Greenfield,WI,53220,ShotVet,Privately held; no external sponsor identified
VCA Milwaukee Emergency Center for Animals,Greenfield,WI,53228,VCA,Mars
Vetco Total Care - Greenfield,Greenfield,WI,53220,Vetco Total Care,Petco
Hales Corners Veterinary Clinic,Hales Corners,WI,53130,Mission Pet Health,Silver Lake and Shore Capital Partners
Hartford Animal Clinic,Hartford,WI,53027,Blue River PetCare,Partners Group
North Lake Veterinary Clinic,Hartland,WI,53029,NVA,JAB Holdings
Great Lakes Equine Wellness Center,Hortonville,WI,54944,PetVet Care Centers,KKR
Hillcrest Animal Hospital,Hudson,WI,54016,Lakefield Veterinary Group,Desmarais family and Peloton Capital Management
Badger Veterinary Hospital,Janesville,WI,53546,PetVet Care Centers,KKR
Mt. Zion Small Animal Clinic,Janesville,WI,53546,VetCor,Harvest Partners
VCA Veterinary Emergency Service,Janesville,WI,53546,VCA,Mars
Kaukauna Veterinary Clinic,Kaukauna,WI,54130,VetCor,Harvest Partners
Companion Animal Hospital Kenosha,Kenosha,WI,53144,Mission Pet Health,Silver Lake and Shore Capital Partners
Wisconsin Veterinary Referral Center - Kenosha,Kenosha,WI,53144,Ethos Veterinary Health,JAB Holdings
Kiel Veterinary Clinic,Kiel,WI,53042,VetCor,Harvest Partners
Kronenwetter Veterinary Care,Kronenwetter,WI,54455,Mission Pet Health,Silver Lake and Shore Capital Partners
PAW Health Network,Kronenwetter,WI,54455,Alliance Animal Health,L Catterton and LightBay Capital
Hillside Animal Hospital,La Crosse,WI,54601,VetCor,Harvest Partners
Lake Geneva Animal Hospital,Lake Geneva,WI,53147,CareVet,Compass Group Equity Partners
Lake Mills Veterinary Clinic,Lake Mills,WI,53551,Blue River PetCare,Partners Group
Lodi Veterinary Care – Lodi,Lodi,WI,53555,AmeriVet,AEA Investors and Abu Dhabi Investment Authority (ADIA)
Banfield Madison,Madison,WI,53704,Banfield,Mars
Banfield Madison W,Madison,WI,53719,Banfield,Mars
Camp K9 Pet Resort & Day Camp,Madison,WI,53718,NVA,JAB Holdings
Cat Care Clinic - East,Madison,WI,53703,Blue River PetCare,Partners Group
Cat Care Clinic - West,Madison,WI,53719,Blue River PetCare,Partners Group
City Dog Vet,Madison,WI,53703,Blue River PetCare,Partners Group
Countryside Animal Clinic,Madison,WI,53718,VetCor,Harvest Partners
Journeys Home Pet Euthanasia,Madison,WI,53705,Blue River PetCare,Partners Group
Northside Animal Hospital,Madison,WI,53704,Mission Pet Health,Silver Lake and Shore Capital Partners
Ruffin'It Resort,Madison,WI,53719,NVA,JAB Holdings
Sondel Family Veterinary Clinic East,Madison,WI,53718,Lakefield Veterinary Group,Desmarais family and Peloton Capital Management
Sondel Family Veterinary Clinic West,Madison,WI,53719,Lakefield Veterinary Group,Desmarais family and Peloton Capital Management
Spring Harbor Animal Hospital,Madison,WI,53705,VetCor,Harvest Partners
The Cat Annex,Madison,WI,53711,NVA,JAB Holdings
VCA Veterinary Emergency Service & Veterinary Specialty Center,Madison,WI,53716,VCA,Mars
VEG Madison,Madison,WI,53717,VEG (Veterinary Emergency Group),D1 Capital & Fidelity
Memorial Drive Veterinary Clinic,Manitowoc,WI,54220,NVA,JAB Holdings
Port Cities Animal Hospital,Manitowoc,WI,54220,VetCor,Harvest Partners
Town and Country Veterinary Clinic,Marinette,WI,54143,Heartland Veterinary Partners,Gryphon Investors
Castlerock Veterinary Hospital,Marshfield,WI,54449,Mission Pet Health,Silver Lake and Shore Capital Partners
Mayville Animal Clinic,Mayville,WI,53050,VetCor,Harvest Partners
Appanasha Pet Clinic,Menasha,WI,54952,Mission Pet Health,Silver Lake and Shore Capital Partners
Brook-Falls Veterinary Hospital & Exotic Care,Menomonee Falls,WI,53051,Mission Pet Health,Silver Lake and Shore Capital Partners
East Towne Veterinary Clinic,Mequon,WI,53092,VetCor,Harvest Partners
Wisconsin Veterinary Referral Center - Ozaukee,Mequon,WI,53097,Ethos Veterinary Health,JAB Holdings
Middleton Veterinary Hospital,Middleton,WI,53562,VetCor,Harvest Partners
VCA Veterinary Emergency Service & Veterinary Specialty Center,Middleton,WI,53562,VCA,Mars
Cat Care Clinic Milwaukee,Milwaukee,WI,53202,Blue River PetCare,Partners Group
Downtown Veterinary Clinic,Milwaukee,WI,53202,Mission Pet Health,Silver Lake and Shore Capital Partners
Family Pet Clinic,Milwaukee,WI,53051,Western Veterinary Partners,Tyree & D'Angelo Partners
Lakeside Animal Hospital,Milwaukee,WI,53217,NVA,JAB Holdings
Small Animal Hospital,Milwaukee,WI,53211,NVA,JAB Holdings
St. Francis Animal Hospital,Milwaukee,WI,53207,Mission Pet Health,Silver Lake and Shore Capital Partners
West Allis Clippers,Milwaukee,WI,53214,VetCor,Harvest Partners
All Creatures Veterinary Clinic,Minocqua,WI,54548,NVA,JAB Holdings
Northwoods Animal Hospital - Minocqua,Minocqua,WI,54548,Heartland Veterinary Partners,Gryphon Investors
Prairie Side Veterinary Hospital,Mount Pleasant,WI,53177,Blue River PetCare,Partners Group
Belle City Veterinary Hospital,Mt Pleasant,WI,53406,Western Veterinary Partners,Tyree & D'Angelo Partners
Bay View Veterinary Clinic,Mukwonago,WI,53149,VetCor,Harvest Partners
Muskego Animal Hospital,Muskego,WI,53150,Blue River PetCare,Partners Group
Country View Animal Hospital,Neenah,WI,54956,Mission Pet Health,Silver Lake and Shore Capital Partners
Great Lakes Veterinary Clinic,Neenah,WI,54956,Veterinarian Partners,Tyree & D'Angelo Partners
Companion Animal Hospital,New Berlin,WI,53151,Mission Pet Health,Silver Lake and Shore Capital Partners
New Berlin Animal Hospital,New Berlin,WI,53151,CareVet,Compass Group Equity Partners
Wolf River Veterinary Clinic,New London,WI,54961,Heartland Veterinary Partners,Gryphon Investors
Countryside Veterinary Clinic,New Richmond,WI,54017,VetCor,Harvest Partners
New Richmond Veterinary Hospital,New Richmond,WI,54017,Heartland Veterinary Partners,Gryphon Investors
Prairie Animal Hospital,North Prairie,WI,53153,NVA,JAB Holdings
BluePearl Pet Hospital Oak Creek,Oak Creek,WI,53154,BluePearl Pet Hospital,Mars
UrgentVet Oak Creek,Oak Creek,WI,53154,American Veterinary Group,Oak Hill Capital
Oconomowoc Animal Hospital,Oconomowoc,WI,53066,Western Veterinary Partners,Tyree & D'Angelo Partners
Hometown Veterinary Clinic,Oconto Falls,WI,54154,CareVet,Compass Group Equity Partners
Omro Animal Hospital,Omro,WI,54963,Heartland Veterinary Partners,Gryphon Investors
Pet Me Scratch Me,Onalaska,WI,54650,Destination Pet,L1 Health
VCA Sand Lake Animal Hospital,Onalaska,WI,54650,VCA,Mars
Country View Veterinary Service,Oregon,WI,53575,Encore Vet Group,North Castle Partners
A Touch of Class Pet Resort,Oshkosh,WI,54904,Destination Pet,L1 Health
Lakeview Animal Clinic,Pewaukee,WI,53072,Heartland Veterinary Partners,Gryphon Investors
Care Animal Hospital of Pleasant Prairie,Pleasant Prairie,WI,53158,Mission Pet Health,Silver Lake and Shore Capital Partners
Prairie Side Veterinary Hospital - Kenosha,Pleasant Prairie,WI,53142,Blue River PetCare,Partners Group
Willow Springs Veterinary Clinic,Pleasant Prairie,WI,53158,NVA,JAB Holdings
Oakview Veterinary Medical Center,Plover,WI,54467,Mission Pet Health,Silver Lake and Shore Capital Partners
Woodhaven Animal Health,Plover,WI,54467,Heartland Veterinary Partners,Gryphon Investors
BluePearl Pet Hospital Port Washington,Port Washington,WI,53074,BluePearl Pet Hospital,Mars
Lodi Veterinary Care – Portage,Portage,WI,53901,AmeriVet,AEA Investors and Abu Dhabi Investment Authority (ADIA)
Portage Veterinary Clinic,Portage,WI,53901,VetCor,Harvest Partners
Sauk Prairie Small Animal Hospital,Prairie du Sac,WI,53578,Blue River PetCare,Partners Group
Pulaski Veterinary Clinic,Pulaski,WI,54162,Western Veterinary Partners,Tyree & D'Angelo Partners
Beechwood Veterinary Clinic,Racine,WI,53404,Heartland Veterinary Partners,Gryphon Investors
CJ Haase Veterinary and Immunological Services,Reeseville,WI,53579,CareVet,Compass Group Equity Partners
Northern Paws Animal Hospital,Rhinelander,WI,54501,CareVet,Compass Group Equity Partners
Pine River Veterinary Clinic,Richland Center,WI,53581,CareVet,Compass Group Equity Partners
The Ripon Veterinary Clinic,Ripon,WI,54971,VetCor,Harvest Partners
Westosha Veterinary Hospital,Salem Lakes,WI,53168,Blue River PetCare,Partners Group
VCA Saukville Animal Hospital,Saukville,WI,53080,VCA,Mars
Sheboygan Animal Hospital,Sheboygan,WI,53081,VetCor,Harvest Partners
Northern Lakes Veterinary Clinic - Shell Lake,Shell Lake,WI,54871,CareVet,Compass Group Equity Partners
Shorewood Animal Hospital,Shorewood,WI,53211,NVA,JAB Holdings
Somerset Animal Hospital,Somerset,WI,54025,Heartland Veterinary Partners,Gryphon Investors
Morganside Veterinary Clinic,Sparta,WI,54656,O'Brien Veterinary Group,Family owned corporate consolidator
VCA Spooner Veterinary Hospital CLOSED,Spooner,WI,54801,VCA,Mars
St. Croix Veterinary Center,St Croix Falls,WI,54024,Heartland Veterinary Partners,Gryphon Investors
Point Area Veterinary Clinic,Stevens Point,WI,54481,NVA,JAB Holdings
Chalet Veterinary Clinic,Stoughton,WI,53589,VetCor,Harvest Partners
Stoughton Veterinary Service,Stoughton,WI,53589,NVA,JAB Holdings
Animal Hospital of Sun Prairie,Sun Prairie,WI,53590,VetCor,Harvest Partners
Capital City Vet Clinic,Sun Prairie,WI,53590,Mission Pet Health,Silver Lake and Shore Capital Partners
Token Creek Veterinary Clinic,Sun Prairie,WI,53590,Lakefield Veterinary Group,Desmarais family and Peloton Capital Management
Pet Partners Animal Clinic,Sussex,WI,53089,VetCor,Harvest Partners
Thiensville-Mequon Small Animal Clinic,Thiensville,WI,53092,NVA,JAB Holdings
Wind Lake Animal Hospital,Town of Norway,WI,53185,Blue River PetCare,Partners Group
Animal Hospital of Verona,Verona,WI,53593,VetCor,Harvest Partners
Geneva Lakes Animal Hospital,Walworth,WI,53184,CareVet,Compass Group Equity Partners
Family Pet Boarding,Waukesha,WI,53189,VetCor,Harvest Partners
Kuenzi Family Pet Hospital,Waukesha,WI,53189,VetCor,Harvest Partners
VCA Associates in Pet Care Animal Hospital,Waukesha,WI,53189,VCA,Mars
VCA Best Care Pet Motel,Waukesha,WI,53189,VCA,Mars
Wisconsin Veterinary Referral Center - Waukesha,Waukesha,WI,53188,Ethos Veterinary Health,JAB Holdings
WVRC – Waukesha,Waukesha,WI,53188,Ethos Veterinary Health,JAB Holdings
Pineview Veterinary Hospital & Pet Resort,Waunakee,WI,53597,Mission Pet Health,Silver Lake and Shore Capital Partners
Waunakee Veterinary Clinic,Waunakee,WI,53597,Mission Pet Health,Silver Lake and Shore Capital Partners
Countryside Animal Hospital,Waupaca,WI,54981,Heartland Veterinary Partners,Gryphon Investors
VCA Companion Care Animal Hospital,Wausau,WI,54403,VCA,Mars
Center for Animal Health,Wauwatosa,WI,53213,Mission Pet Health,Silver Lake and Shore Capital Partners
East Tosa Veterinary Clinic,Wauwatosa,WI,53213,VetCor,Harvest Partners
Mayfair Animal Hospital & ER,Wauwatosa,WI,53226,Mission Pet Health,Silver Lake and Shore Capital Partners
Wauwatosa Veterinary Clinic,Wauwatosa,WI,53213,VetCor,Harvest Partners
VCA Pahle Animal Hospital,West Allis,WI,53227,VCA,Mars
West Allis Animal Hospital,West Allis,WI,53214,VetCor,Harvest Partners
West Allis Veterinary Clinic,West Allis,WI,53214,VetCor,Harvest Partners
West Milwaukee Veterinary Care,West Milwaukee,WI,53215,NVA,JAB Holdings
West Salem Veterinary Clinic,West Salem,WI,54669,NVA,JAB Holdings
Whitewater Veterinary Hospital,Whitewater,WI,53190,Heritage Vet Partners,Undisclosed financial sponsor
Dells Animal Hospital,Wisconsin Dells,WI,53965,PetVet Care Centers,KKR
Progressive Veterinary Services,Wisconsin Rapids,WI,54494,Heartland Veterinary Partners,Gryphon Investors
Wrightstown Veterinary Clinic,Wrightstown,WI,54180,Western Veterinary Partners,Tyree & D'Angelo Partners
Beckley Veterinary Hospital,Beckley,WV,25801,Alliance Animal Health,L Catterton and LightBay Capital
Green Valley Animal Hospital,Bluefield,WV,24701,CareVet,Compass Group Equity Partners
Veterinary Associates,Bluefield,WV,24701,CareVet,Compass Group Equity Partners
Hillside Veterinary Hospital,Charles Town,WV,25414,American Veterinary Group,Oak Hill Capital
Animal Care Associates,Charleston,WV,25314,Alliance Animal Health,L Catterton and LightBay Capital
North Gateway Animal Hospital,Charleston,WV,25311,Alliance Animal Health,L Catterton and LightBay Capital
Crab Orchard Small Animal Clinic,Crab Orchard,WV,25827,Alliance Animal Health,L Catterton and LightBay Capital
Cross Lanes Veterinary Hospital,Cross Lanes,WV,25313,Western Veterinary Partners,Tyree & D'Angelo Partners
Appalachian Animal Hospital,Elkins,WV,26241,NVA,JAB Holdings
Fairmont Veterinary Hospital,Fairmont,WV,26554,Western Veterinary Partners,Tyree & D'Angelo Partners
Ark Animal Clinic,Hedgesville,WV,25427,Veterinary Innovative Partners,Health Enterprise Partners
Ayers Animal Hospital,Huntington,WV,25705,Alliance Animal Health,L Catterton and LightBay Capital
Inwood Animal Center,Inwood,WV,25428,VetCor,Harvest Partners
Fairlea Animal Hospital,Lewisburg,WV,24901,Alliance Animal Health,L Catterton and LightBay Capital
Greenbrier Veterinary Hospital,Lewisburg,WV,24991,NVA,JAB Holdings
Ironsides Animal Health - Lewisburg,Lewisburg,WV,24901,Heritage Vet Partners,Undisclosed financial sponsor
Greenbrier Veterinary Hospital,Marlinton,WV,24954,NVA,JAB Holdings
Shenandoah Veterinary Hospital,Martinsburg,WV,25404,Alliance Animal Health,L Catterton and LightBay Capital
Morgantown Veterinary Care,Morgantown,WV,26505,Mission Pet Health,Silver Lake and Shore Capital Partners
Parkersburg Veterinary Hospital,Parkersburg,WV,26104,NVA,JAB Holdings
VCA Dudley Avenue Animal Hospital,Parkersburg,WV,26104,VCA,Mars
Animal Care Center Princeton,Princeton,WV,24739,VetEvolve,Varsity Healthcare Partners
Greenbrier Veterinary Hospital,Rainelle,WV,25962,NVA,JAB Holdings
Gateway Animal Hospital,St Albans,WV,25177,Alliance Animal Health,L Catterton and LightBay Capital
Greenbrier - Union Veterinary Hospital CLOSED,Union,WV,24983,NVA,JAB Holdings
Parkersburg Veterinary Hospital of Vienna,Vienna,WV,26105,NVA,JAB Holdings
Paw Prints Veterinary Clinic,Westover,WV,26501,NVA,JAB Holdings
Altitude Veterinary Hospital,Casper,WY,82609,VetCor,Harvest Partners
Best Friends Animal Health Center,Casper,WY,82604,Blue River PetCare,Partners Group
Casper Animal Medical Center,Casper,WY,82604,NVA,JAB Holdings
Sunrise Pet Lodge,Casper,WY,82604,NVA,JAB Holdings
Cheyenne Pet Clinic,Cheyenne,WY,82001,Blue River PetCare,Partners Group
Animal Medical Center of Wyoming,Gillette,WY,82718,PetVet Care Centers,KKR
Community Vet Clinic Wyoming,Gillette,WY,82718,PetVet Care Centers,KKR
Red Hills Veterinary Hospital,Gillette,WY,82718,PetVet Care Centers,KKR
VCA Spring Creek Animal Care Hospital,Jackson Hole,WY,83001,VCA,Mars
Mountainaire Animal Clinic,Rock Springs,WY,82901,PetVet Care Centers,KKR
Vetco Total Care - Rock Springs,Rock Springs,WY,82901,Vetco Total Care,Petco
